BOM_ID,PRODUCT_ID,LOCATION_ID,PREFERENCE,LEAD_TIME
BOM_223-0011_SUB_PCBA,223-0011,SUB_PCBA,10000,3
BOM_223-0012_SUB_PCBA,223-0012,SUB_PCBA,10000,3
BOM_260-0102,260-0102,1000,10000,3
BOM_260-0102,260-0102,2000,10000,3
BOM_260-0120,260-0120,1000,10000,3
BOM_260-0120,260-0120,2000,10000,3
BOM_260-0124,260-0124,1000,10000,3
BOM_260-0124,260-0124,2000,10000,3
BOM_260-0128,260-0128,1000,10000,3
BOM_260-0128,260-0128,2000,10000,3
BOM_260-0131,260-0131,1000,10000,3
BOM_260-0131,260-0131,2000,10000,3
BOM_260-0132,260-0132,1000,10000,3
BOM_260-0132,260-0132,2000,10000,3
BOM_260-0141-01,260-0141-01,1000,10000,3
BOM_260-0141-01,260-0141-01,2000,10000,3
BOM_260-0141-02,260-0141-02,1000,10000,3
BOM_260-0141-02,260-0141-02,2000,10000,3
BOM_260-0141-02-R,260-0141-02-R,1000,10000,3
BOM_260-0141-02-R,260-0141-02-R,2000,10000,3
BOM_260-0141-03,260-0141-03,1000,10000,3
BOM_260-0141-03,260-0141-03,2000,10000,3
BOM_260-0141-04,260-0141-04,1000,10000,3
BOM_260-0141-04,260-0141-04,2000,10000,3
BOM_260-0149,260-0149,1000,10000,3
BOM_260-0149,260-0149,2000,10000,3
BOM_260-0150,260-0150,1000,10000,3
BOM_260-0150,260-0150,2000,10000,3
BOM_260-0152-01,260-0152-01,1000,10000,3
BOM_260-0152-01,260-0152-01,2000,10000,3
BOM_260-0152-02,260-0152-02,1000,10000,3
BOM_260-0152-02,260-0152-02,2000,10000,3
BOM_260-0152-03,260-0152-03,1000,10000,3
BOM_260-0152-03,260-0152-03,2000,10000,3
BOM_260-0156,260-0156,1000,10000,3
BOM_260-0156,260-0156,2000,10000,3
BOM_260-0158-01,260-0158-01,1000,10000,3
BOM_260-0158-01,260-0158-01,2000,10000,3
BOM_260-0158-02,260-0158-02,1000,10000,3
BOM_260-0158-02,260-0158-02,2000,10000,3
BOM_260-0158-03,260-0158-03,1000,10000,3
BOM_260-0158-03,260-0158-03,2000,10000,3
BOM_260-0162,260-0162,1000,10000,3
BOM_260-0162,260-0162,2000,10000,3
BOM_260-0164-01,260-0164-01,1000,10000,3
BOM_260-0164-01,260-0164-01,2000,10000,3
BOM_260-0165-01,260-0165-01,1000,10000,3
BOM_260-0165-01,260-0165-01,2000,10000,3
BOM_260-0172,260-0172,1000,10000,3
BOM_260-0172,260-0172,2000,10000,3
BOM_260-0174-02,260-0174-02,1000,10000,3
BOM_260-0174-02,260-0174-02,2000,10000,3
BOM_260-0175,260-0175,1000,10000,3
BOM_260-0175,260-0175,2000,10000,3
BOM_260-0176,260-0176,1000,10000,3
BOM_260-0176,260-0176,2000,10000,3
BOM_260-0193,260-0193,1000,10000,3
BOM_260-0193,260-0193,2000,10000,3
BOM_260-0198,260-0198,1000,10000,3
BOM_260-0198,260-0198,2000,10000,3
BOM_260-0199,260-0199,1000,10000,3
BOM_260-0199,260-0199,2000,10000,3
BOM_260-0199,260-0199,5000,10000,3
BOM_260-0199-R,260-0199-R,1000,10000,3
BOM_260-0199-R,260-0199-R,2000,10000,3
BOM_260-0209,260-0209,1000,10000,3
BOM_260-0233,260-0233,1000,10000,3
BOM_260-0233,260-0233,2000,10000,3
BOM_260-0236,260-0236,1000,10000,3
BOM_260-0236,260-0236,2000,10000,3
BOM_260-0247,260-0247,1000,10000,3
BOM_260-0247,260-0247,2000,10000,3
BOM_260-0250,260-0250,1000,10000,3
BOM_260-0250,260-0250,2000,10000,3
BOM_260-0261,260-0261,1000,10000,3
BOM_260-0261,260-0261,2000,10000,3
BOM_260-0267,260-0267,1000,10000,3
BOM_260-0267,260-0267,2000,10000,3
BOM_260-0274,260-0274,1000,10000,3
BOM_260-0274,260-0274,2000,10000,3
BOM_260-0278,260-0278,1000,10000,3
BOM_260-0278,260-0278,2000,10000,3
BOM_260-0298,260-0298,1000,10000,3
BOM_260-0306,260-0306,1000,10000,3
BOM_260-0306,260-0306,2000,10000,3
BOM_260-0325,260-0325,1000,10000,3
BOM_260-0325,260-0325,2000,10000,3
BOM_260-0385,260-0385,1000,10000,3
BOM_260-0385,260-0385,2000,10000,3
BOM_260-0417,260-0417,1000,10000,3
BOM_260-0417,260-0417,2000,10000,3
BOM_260-0441,260-0441,1000,10000,3
BOM_260-0441,260-0441,2000,10000,3
BOM_260-0459-CD,260-0459-CD,1000,10000,3
BOM_260-0459-CD,260-0459-CD,2000,10000,3
BOM_260-0460-CD,260-0460-CD,1000,10000,3
BOM_260-0460-CD,260-0460-CD,2000,10000,3
BOM_260-0464-CD,260-0464-CD,1000,10000,3
BOM_260-0464-CD,260-0464-CD,2000,10000,3
BOM_260-0470-CD,260-0470-CD,1000,10000,3
BOM_260-0470-CD,260-0470-CD,2000,10000,3
BOM_260-0471-CD,260-0471-CD,1000,10000,3
BOM_260-0471-CD,260-0471-CD,2000,10000,3
BOM_260-0555,260-0555,1000,10000,3
BOM_260-0555,260-0555,2000,10000,3
BOM_262-0004,262-0004,1000,10000,3
BOM_262-0005,262-0005,1000,10000,3
BOM_262-0026,262-0026,1000,10000,3
BOM_262-0031,262-0031,1000,10000,3
BOM_262-0044,262-0044,1000,10000,3
BOM_262-0045,262-0045,1000,10000,3
BOM_262-0054-CD,262-0054-CD,1000,10000,3
BOM_262-0054-CD,262-0054-CD,2000,10000,3
BOM_262-0058-CD,262-0058-CD,1000,10000,3
BOM_262-0058-CD,262-0058-CD,2000,10000,3
BOM_262-0077-CD,262-0077-CD,1000,10000,3
BOM_262-0101-CD,262-0101-CD,1000,10000,3
BOM_262-0101-CD,262-0101-CD,2000,10000,3
BOM_262-0127-CD,262-0127-CD,1000,10000,3
BOM_262-0127-CD,262-0127-CD,2000,10000,3
BOM_262-0128-CD,262-0128-CD,1000,10000,3
BOM_262-0128-CD,262-0128-CD,2000,10000,3
BOM_262-0137-CD,262-0137-CD,1000,10000,3
BOM_262-0137-CD,262-0137-CD,2000,10000,3
BOM_262-0164-CD,262-0164-CD,1000,10000,3
BOM_262-0164-CD,262-0164-CD,2000,10000,3
BOM_262-0172-CD,262-0172-CD,1000,10000,3
BOM_262-0197-CD,262-0197-CD,1000,10000,3
BOM_262-0197-CD,262-0197-CD,2000,10000,3
BOM_262-0229-CD,262-0229-CD,1000,10000,3
BOM_262-0229-CD,262-0229-CD,2000,10000,3
BOM_280-0788,280-0788,1000,10000,3
BOM_280-0788,280-0788,2000,10000,3
BOM_280-0804-27,280-0804-27,1000,10000,3
BOM_280-0804-27,280-0804-27,2000,10000,3
BOM_280-0804-29,280-0804-29,1000,10000,3
BOM_280-0804-29,280-0804-29,2000,10000,3
BOM_280-0804-31,280-0804-31,1000,10000,3
BOM_280-0804-31,280-0804-31,2000,10000,3
BOM_280-0804-33,280-0804-33,1000,10000,3
BOM_280-0804-33,280-0804-33,2000,10000,3
BOM_280-0926,280-0926,1000,10000,3
BOM_280-0926,280-0926,2000,10000,3
BOM_280-0926-02,280-0926-02,1000,10000,3
BOM_280-0926-02,280-0926-02,2000,10000,3
BOM_280-0927,280-0927,1000,10000,3
BOM_280-0927,280-0927,2000,10000,3
BOM_280-1008,280-1008,1000,10000,3
BOM_280-1008,280-1008,2000,10000,3
BOM_280-1020,280-1020,1000,10000,3
BOM_280-1020,280-1020,2000,10000,3
BOM_280-1020-R,280-1020-R,1000,10000,3
BOM_280-1020-R,280-1020-R,2000,10000,3
BOM_280-1041,280-1041,1000,10000,3
BOM_280-1041,280-1041,2000,10000,3
BOM_280-1042-27,280-1042-27,1000,10000,3
BOM_280-1042-27,280-1042-27,2000,10000,3
BOM_280-1042-29,280-1042-29,1000,10000,3
BOM_280-1042-29,280-1042-29,2000,10000,3
BOM_280-1042-31,280-1042-31,1000,10000,3
BOM_280-1042-31,280-1042-31,2000,10000,3
BOM_280-1042-33,280-1042-33,1000,10000,3
BOM_280-1042-33,280-1042-33,2000,10000,3
BOM_280-1049-27,280-1049-27,1000,10000,3
BOM_280-1049-27,280-1049-27,2000,10000,3
BOM_280-1049-29,280-1049-29,1000,10000,3
BOM_280-1049-29,280-1049-29,2000,10000,3
BOM_280-1049-31,280-1049-31,1000,10000,3
BOM_280-1049-31,280-1049-31,2000,10000,3
BOM_280-1049-33,280-1049-33,1000,10000,3
BOM_280-1049-33,280-1049-33,2000,10000,3
BOM_280-1050,280-1050,1000,10000,3
BOM_280-1050,280-1050,2000,10000,3
BOM_280-1050-02,280-1050-02,1000,10000,3
BOM_280-1050-02,280-1050-02,2000,10000,3
BOM_280-1052,280-1052,1000,10000,3
BOM_280-1052,280-1052,2000,10000,3
BOM_280-1065,280-1065,1000,10000,3
BOM_280-1065,280-1065,2000,10000,3
BOM_280-1070,280-1070,1000,10000,3
BOM_280-1070,280-1070,2000,10000,3
BOM_280-1083,280-1083,1000,10000,3
BOM_280-1083,280-1083,2000,10000,3
BOM_280-1085,280-1085,1000,10000,3
BOM_280-1085,280-1085,2000,10000,3
BOM_280-1086-27,280-1086-27,1000,10000,3
BOM_280-1086-27,280-1086-27,2000,10000,3
BOM_280-1086-29,280-1086-29,1000,10000,3
BOM_280-1086-29,280-1086-29,2000,10000,3
BOM_280-1086-31,280-1086-31,1000,10000,3
BOM_280-1086-31,280-1086-31,2000,10000,3
BOM_280-1086-33,280-1086-33,1000,10000,3
BOM_280-1086-33,280-1086-33,2000,10000,3
BOM_280-1133,280-1133,1000,10000,3
BOM_280-1133,280-1133,2000,10000,3
BOM_280-1133-R,280-1133-R,1000,10000,3
BOM_280-1133-R,280-1133-R,2000,10000,3
BOM_280-1148,280-1148,1000,10000,3
BOM_280-1148,280-1148,2000,10000,3
BOM_280-1156,280-1156,1000,10000,3
BOM_280-1156,280-1156,2000,10000,3
BOM_280-1158,280-1158,1000,10000,3
BOM_280-1158,280-1158,2000,10000,3
BOM_280-1159,280-1159,1000,10000,3
BOM_280-1159,280-1159,2000,10000,3
BOM_280-1159-R,280-1159-R,1000,10000,3
BOM_280-1159-R,280-1159-R,2000,10000,3
BOM_280-1160-01,280-1160-01,1000,10000,3
BOM_280-1160-01,280-1160-01,2000,10000,3
BOM_280-1160-02,280-1160-02,1000,10000,3
BOM_280-1160-02,280-1160-02,2000,10000,3
BOM_280-1160-02-R,280-1160-02-R,1000,10000,3
BOM_280-1160-02-R,280-1160-02-R,2000,10000,3
BOM_280-1160-03,280-1160-03,1000,10000,3
BOM_280-1160-03,280-1160-03,2000,10000,3
BOM_280-1160-04,280-1160-04,1000,10000,3
BOM_280-1160-04,280-1160-04,2000,10000,3
BOM_280-1179,280-1179,1000,10000,3
BOM_280-1179,280-1179,2000,10000,3
BOM_280-1180,280-1180,1000,10000,3
BOM_280-1180,280-1180,2000,10000,3
BOM_280-1189,280-1189,1000,10000,3
BOM_280-1189,280-1189,2000,10000,3
BOM_280-1189-02,280-1189-02,1000,10000,3
BOM_280-1189-02,280-1189-02,2000,10000,3
BOM_280-1190,280-1190,1000,10000,3
BOM_280-1190,280-1190,2000,10000,3
BOM_280-1190-02,280-1190-02,1000,10000,3
BOM_280-1190-02,280-1190-02,2000,10000,3
BOM_280-1192-01,280-1192-01,1000,10000,3
BOM_280-1192-01,280-1192-01,2000,10000,3
BOM_280-1192-02,280-1192-02,1000,10000,3
BOM_280-1192-02,280-1192-02,2000,10000,3
BOM_280-1192-03,280-1192-03,1000,10000,3
BOM_280-1192-03,280-1192-03,2000,10000,3
BOM_280-1193,280-1193,1000,10000,3
BOM_280-1193,280-1193,2000,10000,3
BOM_280-1201,280-1201,1000,10000,3
BOM_280-1201,280-1201,2000,10000,3
BOM_280-1203-01,280-1203-01,1000,10000,3
BOM_280-1203-01,280-1203-01,2000,10000,3
BOM_280-1203-02,280-1203-02,1000,10000,3
BOM_280-1203-02,280-1203-02,2000,10000,3
BOM_280-1203-03,280-1203-03,1000,10000,3
BOM_280-1203-03,280-1203-03,2000,10000,3
BOM_280-1204,280-1204,1000,10000,3
BOM_280-1204,280-1204,2000,10000,3
BOM_280-1205,280-1205,1000,10000,3
BOM_280-1205,280-1205,2000,10000,3
BOM_280-1210-02,280-1210-02,1000,10000,3
BOM_280-1210-02,280-1210-02,2000,10000,3
BOM_280-1211-01,280-1211-01,1000,10000,3
BOM_280-1211-01,280-1211-01,2000,10000,3
BOM_280-1212-01,280-1212-01,1000,10000,3
BOM_280-1212-01,280-1212-01,2000,10000,3
BOM_280-1212-02,280-1212-02,1000,10000,3
BOM_280-1212-02,280-1212-02,2000,10000,3
BOM_280-1213-01,280-1213-01,1000,10000,3
BOM_280-1213-01,280-1213-01,2000,10000,3
BOM_280-1222,280-1222,1000,10000,3
BOM_280-1222,280-1222,2000,10000,3
BOM_280-1223-N0,280-1223-N0,1000,10000,3
BOM_280-1223-N0,280-1223-N0,2000,10000,3
BOM_280-1223-N1,280-1223-N1,1000,10000,3
BOM_280-1223-N1,280-1223-N1,2000,10000,3
BOM_280-1223-N2,280-1223-N2,1000,10000,3
BOM_280-1223-N2,280-1223-N2,2000,10000,3
BOM_280-1223-N3,280-1223-N3,1000,10000,3
BOM_280-1223-N3,280-1223-N3,2000,10000,3
BOM_280-1227,280-1227,1000,10000,3
BOM_280-1227,280-1227,2000,10000,3
BOM_280-1229-02,280-1229-02,1000,10000,3
BOM_280-1229-02,280-1229-02,2000,10000,3
BOM_280-1235,280-1235,1000,10000,3
BOM_280-1235,280-1235,2000,10000,3
BOM_280-1241-40,280-1241-40,1000,10000,3
BOM_280-1241-40,280-1241-40,2000,10000,3
BOM_280-1245-01,280-1245-01,1000,10000,3
BOM_280-1245-01,280-1245-01,2000,10000,3
BOM_280-1245-02,280-1245-02,1000,10000,3
BOM_280-1245-02,280-1245-02,2000,10000,3
BOM_280-1246,280-1246,1000,10000,3
BOM_280-1246,280-1246,2000,10000,3
BOM_280-1312-27,280-1312-27,1000,10000,3
BOM_280-1312-27,280-1312-27,2000,10000,3
BOM_280-1312-29,280-1312-29,1000,10000,3
BOM_280-1312-29,280-1312-29,2000,10000,3
BOM_280-1312-31,280-1312-31,1000,10000,3
BOM_280-1312-31,280-1312-31,2000,10000,3
BOM_280-1312-33,280-1312-33,1000,10000,3
BOM_280-1312-33,280-1312-33,2000,10000,3
BOM_280-1313,280-1313,1000,10000,3
BOM_280-1313,280-1313,2000,10000,3
BOM_280-1314,280-1314,1000,10000,3
BOM_280-1314,280-1314,2000,10000,3
BOM_280-1314-R,280-1314-R,1000,10000,3
BOM_280-1314-R,280-1314-R,2000,10000,3
BOM_280-1334-27,280-1334-27,1000,10000,3
BOM_280-1334-29,280-1334-29,1000,10000,3
BOM_280-1334-31,280-1334-31,1000,10000,3
BOM_280-1334-33,280-1334-33,1000,10000,3
BOM_280-1335,280-1335,1000,10000,3
BOM_280-1336,280-1336,1000,10000,3
BOM_280-1337,280-1337,1000,10000,3
BOM_280-1390,280-1390,1000,10000,3
BOM_280-1391,280-1391,1000,10000,3
BOM_280-1391,280-1391,2000,10000,3
BOM_280-1392,280-1392,1000,10000,3
BOM_280-1392,280-1392,2000,10000,3
BOM_280-1404,280-1404,1000,10000,3
BOM_280-1404,280-1404,2000,10000,3
BOM_280-1405,280-1405,1000,10000,3
BOM_280-1405,280-1405,2000,10000,3
BOM_280-1428,280-1428,1000,10000,3
BOM_280-1428,280-1428,2000,10000,3
BOM_280-1456,280-1456,1000,10000,3
BOM_280-1456,280-1456,2000,10000,3
BOM_280-1457,280-1457,1000,10000,3
BOM_280-1457,280-1457,2000,10000,3
BOM_280-1458,280-1458,1000,10000,3
BOM_280-1458,280-1458,2000,10000,3
BOM_280-1459,280-1459,1000,10000,3
BOM_280-1459,280-1459,2000,10000,3
BOM_280-1460,280-1460,1000,10000,3
BOM_280-1460,280-1460,2000,10000,3
BOM_280-1464,280-1464,1000,10000,3
BOM_280-1464,280-1464,2000,10000,3
BOM_280-1465,280-1465,1000,10000,3
BOM_280-1465,280-1465,2000,10000,3
BOM_280-1475,280-1475,1000,10000,3
BOM_280-1475,280-1475,2000,10000,3
BOM_280-1480-27,280-1480-27,1000,10000,3
BOM_280-1480-27,280-1480-27,2000,10000,3
BOM_280-1480-29,280-1480-29,1000,10000,3
BOM_280-1480-29,280-1480-29,2000,10000,3
BOM_280-1480-31,280-1480-31,1000,10000,3
BOM_280-1480-31,280-1480-31,2000,10000,3
BOM_280-1480-33,280-1480-33,1000,10000,3
BOM_280-1480-33,280-1480-33,2000,10000,3
BOM_280-1481,280-1481,1000,10000,3
BOM_280-1481,280-1481,2000,10000,3
BOM_280-1497-40,280-1497-40,1000,10000,3
BOM_280-1497-40,280-1497-40,2000,10000,3
BOM_280-1498-27,280-1498-27,1000,10000,3
BOM_280-1498-27,280-1498-27,2000,10000,3
BOM_280-1498-29,280-1498-29,1000,10000,3
BOM_280-1498-29,280-1498-29,2000,10000,3
BOM_280-1498-31,280-1498-31,1000,10000,3
BOM_280-1498-31,280-1498-31,2000,10000,3
BOM_280-1498-33,280-1498-33,1000,10000,3
BOM_280-1498-33,280-1498-33,2000,10000,3
BOM_280-1499,280-1499,1000,10000,3
BOM_280-1499,280-1499,2000,10000,3
BOM_280-1524,280-1524,1000,10000,3
BOM_280-1524,280-1524,2000,10000,3
BOM_280-1575,280-1575,1000,10000,3
BOM_280-1593,280-1593,1000,10000,3
BOM_280-1593,280-1593,2000,10000,3
BOM_280-1594,280-1594,1000,10000,3
BOM_280-1594,280-1594,2000,10000,3
BOM_280-1595,280-1595,1000,10000,3
BOM_280-1595,280-1595,2000,10000,3
BOM_280-1600-20,280-1600-20,1000,10000,3
BOM_280-1600-20,280-1600-20,2000,10000,3
BOM_280-1638,280-1638,1000,10000,3
BOM_280-1638,280-1638,2000,10000,3
BOM_280-1663,280-1663,1000,10000,3
BOM_280-1663,280-1663,2000,10000,3
BOM_280-1663-R,280-1663-R,1000,10000,3
BOM_280-1663-R,280-1663-R,2000,10000,3
BOM_280-1786,280-1786,1000,10000,3
BOM_280-1786,280-1786,2000,10000,3
BOM_280-1787,280-1787,1000,10000,3
BOM_280-1787,280-1787,2000,10000,3
BOM_280-1802,280-1802,1000,10000,3
BOM_280-1802,280-1802,2000,10000,3
BOM_280-1803,280-1803,1000,10000,3
BOM_280-1803,280-1803,2000,10000,3
BOM_280-1805,280-1805,1000,10000,3
BOM_280-1805,280-1805,2000,10000,3
BOM_280-1806,280-1806,1000,10000,3
BOM_280-1806,280-1806,2000,10000,3
BOM_280-1806-R,280-1806-R,1000,10000,3
BOM_280-1806-R,280-1806-R,2000,10000,3
BOM_280-1807,280-1807,1000,10000,3
BOM_280-1807,280-1807,2000,10000,3
BOM_280-1811,280-1811,1000,10000,3
BOM_280-1811,280-1811,2000,10000,3
BOM_280-1814,280-1814,1000,10000,3
BOM_280-1814,280-1814,2000,10000,3
BOM_280-1816,280-1816,1000,10000,3
BOM_280-1816,280-1816,2000,10000,3
BOM_280-1817,280-1817,1000,10000,3
BOM_280-1817,280-1817,2000,10000,3
BOM_280-1822,280-1822,1000,10000,3
BOM_280-1822,280-1822,2000,10000,3
BOM_280-1826,280-1826,1000,10000,3
BOM_280-1826,280-1826,2000,10000,3
BOM_280-1828-CD,280-1828-CD,1000,10000,3
BOM_280-1828-CD,280-1828-CD,2000,10000,3
BOM_280-1878,280-1878,1000,10000,3
BOM_280-1878,280-1878,2000,10000,3
BOM_280-1879,280-1879,1000,10000,3
BOM_280-1879,280-1879,2000,10000,3
BOM_280-1916-CD,280-1916-CD,1000,10000,3
BOM_280-1916-CD,280-1916-CD,2000,10000,3
BOM_280-1928,280-1928,1000,10000,3
BOM_280-1928,280-1928,2000,10000,3
BOM_280-1962-CD,280-1962-CD,1000,10000,3
BOM_280-1962-CD,280-1962-CD,2000,10000,3
BOM_280-1963-CD,280-1963-CD,1000,10000,3
BOM_280-1963-CD,280-1963-CD,2000,10000,3
BOM_280-1964-CD,280-1964-CD,1000,10000,3
BOM_280-1964-CD,280-1964-CD,2000,10000,3
BOM_280-1965-CD,280-1965-CD,1000,10000,3
BOM_280-1965-CD,280-1965-CD,2000,10000,3
BOM_280-1973-CD,280-1973-CD,1000,10000,3
BOM_280-1973-CD,280-1973-CD,2000,10000,3
BOM_280-1975-CD,280-1975-CD,1000,10000,3
BOM_280-1975-CD,280-1975-CD,2000,10000,3
BOM_280-1976-CD,280-1976-CD,1000,10000,3
BOM_280-1976-CD,280-1976-CD,2000,10000,3
BOM_280-2019-CD,280-2019-CD,1000,10000,3
BOM_280-2019-CD,280-2019-CD,2000,10000,3
BOM_280-2169,280-2169,1000,10000,3
BOM_280-2169,280-2169,2000,10000,3
BOM_283-0116_SUB_PCBA,283-0116,SUB_PCBA,10000,3
BOM_283-0118_SUB_PCBA,283-0118,SUB_PCBA,10000,3
BOM_283-0130_SUB_PCBA,283-0130,SUB_PCBA,10000,3
BOM_500-3301,500-3301,1000,10000,3
BOM_500-3301,500-3301,2000,10000,3
BOM_500-3394,500-3394,1000,10000,3
BOM_500-3394,500-3394,2000,10000,3
BOM_500-3394-05,500-3394-05,1000,10000,3
BOM_500-3394-05,500-3394-05,2000,10000,3
BOM_500-3418,500-3418,1000,10000,3
BOM_500-3418,500-3418,2000,10000,3
BOM_500-3490,500-3490,1000,10000,3
BOM_500-3490,500-3490,2000,10000,3
BOM_500-3633,500-3633,1000,10000,3
BOM_500-3633,500-3633,2000,10000,3
BOM_500-3633-01,500-3633-01,1000,10000,3
BOM_500-3633-01,500-3633-01,2000,10000,3
BOM_500-3633-04,500-3633-04,1000,10000,3
BOM_500-3633-04,500-3633-04,2000,10000,3
BOM_500-3644,500-3644,1000,10000,3
BOM_500-3644,500-3644,2000,10000,3
BOM_500-3662,500-3662,1000,10000,3
BOM_500-3662,500-3662,2000,10000,3
BOM_500-3695,500-3695,1000,10000,3
BOM_500-3695,500-3695,2000,10000,3
BOM_500-3712,500-3712,1000,10000,3
BOM_500-3712,500-3712,2000,10000,3
BOM_500-3717,500-3717,1000,10000,3
BOM_500-3717,500-3717,2000,10000,3
BOM_500-3776-01,500-3776-01,1000,10000,3
BOM_500-3776-01,500-3776-01,2000,10000,3
BOM_500-3776-02,500-3776-02,1000,10000,3
BOM_500-3776-02,500-3776-02,2000,10000,3
BOM_500-3776-02-RW,500-3776-02-RW,1000,10000,3
BOM_500-3776-03,500-3776-03,1000,10000,3
BOM_500-3776-03,500-3776-03,2000,10000,3
BOM_500-3776-04,500-3776-04,1000,10000,3
BOM_500-3776-04,500-3776-04,2000,10000,3
BOM_500-3806,500-3806,1000,10000,3
BOM_500-3806,500-3806,2000,10000,3
BOM_500-3816,500-3816,1000,10000,3
BOM_500-3816,500-3816,2000,10000,3
BOM_500-3817,500-3817,1000,10000,3
BOM_500-3817,500-3817,2000,10000,3
BOM_500-3817-01,500-3817-01,1000,10000,3
BOM_500-3817-01,500-3817-01,2000,10000,3
BOM_500-3817-04,500-3817-04,1000,10000,3
BOM_500-3817-04,500-3817-04,2000,10000,3
BOM_500-3820,500-3820,1000,10000,3
BOM_500-3820,500-3820,2000,10000,3
BOM_500-3820-04,500-3820-04,1000,10000,3
BOM_500-3820-04,500-3820-04,2000,10000,3
BOM_500-3822,500-3822,1000,10000,3
BOM_500-3822,500-3822,2000,10000,3
BOM_500-3823,500-3823,1000,10000,3
BOM_500-3823,500-3823,2000,10000,3
BOM_500-3827,500-3827,1000,10000,3
BOM_500-3827,500-3827,2000,10000,3
BOM_500-3848,500-3848,1000,10000,3
BOM_500-3848,500-3848,2000,10000,3
BOM_500-3853-01,500-3853-01,1000,10000,3
BOM_500-3853-01,500-3853-01,2000,10000,3
BOM_500-3853-02,500-3853-02,1000,10000,3
BOM_500-3853-02,500-3853-02,2000,10000,3
BOM_500-3853-03,500-3853-03,1000,10000,3
BOM_500-3853-03,500-3853-03,2000,10000,3
BOM_500-3901-01,500-3901-01,1000,10000,3
BOM_500-3901-01,500-3901-01,2000,10000,3
BOM_500-3901-02,500-3901-02,1000,10000,3
BOM_500-3901-02,500-3901-02,2000,10000,3
BOM_500-3913,500-3913,1000,10000,3
BOM_500-3913,500-3913,2000,10000,3
BOM_500-3913-02,500-3913-02,1000,10000,3
BOM_500-3913-02,500-3913-02,2000,10000,3
BOM_500-3913-03,500-3913-03,1000,10000,3
BOM_500-3913-03,500-3913-03,2000,10000,3
BOM_500-3916,500-3916,1000,10000,3
BOM_500-3916,500-3916,2000,10000,3
BOM_500-3917,500-3917,1000,10000,3
BOM_500-3917,500-3917,2000,10000,3
BOM_500-3918,500-3918,1000,10000,3
BOM_500-3918,500-3918,2000,10000,3
BOM_500-3918_500-4611,500-3918,2000,-3304,3
BOM_500-3922,500-3922,1000,10000,3
BOM_500-3922,500-3922,2000,10000,3
BOM_500-3925,500-3925,1000,10000,3
BOM_500-3925,500-3925,2000,10000,3
BOM_500-3925-02,500-3925-02,1000,10000,3
BOM_500-3925-02,500-3925-02,2000,10000,3
BOM_500-3926,500-3926,1000,10000,3
BOM_500-3926,500-3926,2000,10000,3
BOM_500-3927,500-3927,1000,10000,3
BOM_500-3927,500-3927,2000,10000,3
BOM_500-3927-02,500-3927-02,1000,10000,3
BOM_500-3927-02,500-3927-02,2000,10000,3
BOM_500-3928,500-3928,1000,10000,3
BOM_500-3928,500-3928,2000,10000,3
BOM_500-3940,500-3940,1000,10000,3
BOM_500-3940,500-3940,2000,10000,3
BOM_500-3941,500-3941,1000,10000,3
BOM_500-3941,500-3941,2000,10000,3
BOM_500-3943,500-3943,1000,10000,3
BOM_500-3943,500-3943,2000,10000,3
BOM_500-3953-02,500-3953-02,1000,10000,3
BOM_500-3953-02,500-3953-02,2000,10000,3
BOM_500-3953-06,500-3953-06,1000,10000,3
BOM_500-3953-06,500-3953-06,2000,10000,3
BOM_500-3953-06-TW,500-3953-06-TW,1000,10000,3
BOM_500-3954-01,500-3954-01,1000,10000,3
BOM_500-3954-01,500-3954-01,2000,10000,3
BOM_500-3954-02,500-3954-02,1000,10000,3
BOM_500-3954-02,500-3954-02,2000,10000,3
BOM_500-3954-03,500-3954-03,1000,10000,3
BOM_500-3954-03,500-3954-03,2000,10000,3
BOM_500-3954-05,500-3954-05,1000,10000,3
BOM_500-3954-05,500-3954-05,2000,10000,3
BOM_500-3954-06,500-3954-06,1000,10000,3
BOM_500-3954-06,500-3954-06,2000,10000,3
BOM_500-3956,500-3956,1000,10000,3
BOM_500-3956,500-3956,2000,10000,3
BOM_500-3971-02,500-3971-02,1000,10000,3
BOM_500-3971-02,500-3971-02,2000,10000,3
BOM_500-3972-01,500-3972-01,1000,10000,3
BOM_500-3972-01,500-3972-01,2000,10000,3
BOM_500-3972-02,500-3972-02,1000,10000,3
BOM_500-3972-02,500-3972-02,2000,10000,3
BOM_500-3972-02_500-3776-02,500-3972-02,2000,-8,3
BOM_500-3972-02_500-4212,500-3972-02,1000,-1,3
BOM_500-3972-02_500-4639,500-3972-02,2000,-234,3
BOM_500-3972-02_500-4752,500-3972-02,2000,-73,3
BOM_500-3984,500-3984,1000,10000,3
BOM_500-3984,500-3984,2000,10000,3
BOM_500-3986-01,500-3986-01,1000,10000,3
BOM_500-3986-01,500-3986-01,2000,10000,3
BOM_500-3987-01,500-3987-01,1000,10000,3
BOM_500-3987-01,500-3987-01,2000,10000,3
BOM_500-3987-02,500-3987-02,1000,10000,3
BOM_500-3987-02,500-3987-02,2000,10000,3
BOM_500-3987-03,500-3987-03,1000,10000,3
BOM_500-3987-03,500-3987-03,2000,10000,3
BOM_500-4001,500-4001,1000,10000,3
BOM_500-4001,500-4001,2000,10000,3
BOM_500-4008,500-4008,1000,10000,3
BOM_500-4008,500-4008,2000,10000,3
BOM_500-4011-01,500-4011-01,1000,10000,3
BOM_500-4011-01,500-4011-01,2000,10000,3
BOM_500-4012-01,500-4012-01,1000,10000,3
BOM_500-4012-01,500-4012-01,2000,10000,3
BOM_500-4013-01,500-4013-01,1000,10000,3
BOM_500-4013-01,500-4013-01,2000,10000,3
BOM_500-4014-01,500-4014-01,1000,10000,3
BOM_500-4014-01,500-4014-01,2000,10000,3
BOM_500-4021,500-4021,1000,10000,3
BOM_500-4021,500-4021,2000,10000,3
BOM_500-4022-02,500-4022-02,1000,10000,3
BOM_500-4022-02,500-4022-02,2000,10000,3
BOM_500-4023-01,500-4023-01,1000,10000,3
BOM_500-4023-01,500-4023-01,2000,10000,3
BOM_500-4023-02,500-4023-02,1000,10000,3
BOM_500-4023-02,500-4023-02,2000,10000,3
BOM_500-4028-01,500-4028-01,1000,10000,3
BOM_500-4028-01,500-4028-01,2000,10000,3
BOM_500-4028-02,500-4028-02,1000,10000,3
BOM_500-4028-02,500-4028-02,2000,10000,3
BOM_500-4037,500-4037,1000,10000,3
BOM_500-4037,500-4037,2000,10000,3
BOM_500-4039-02,500-4039-02,1000,10000,3
BOM_500-4039-02,500-4039-02,2000,10000,3
BOM_500-4046,500-4046,1000,10000,3
BOM_500-4046,500-4046,2000,10000,3
BOM_500-4065-01,500-4065-01,1000,10000,3
BOM_500-4065-01,500-4065-01,2000,10000,3
BOM_500-4066-01,500-4066-01,1000,10000,3
BOM_500-4066-01,500-4066-01,2000,10000,3
BOM_500-4066-02,500-4066-02,1000,10000,3
BOM_500-4066-02,500-4066-02,2000,10000,3
BOM_500-4066-02_500-4067-02,500-4066-02,2000,-42,3
BOM_500-4067-01,500-4067-01,1000,10000,3
BOM_500-4067-01,500-4067-01,2000,10000,3
BOM_500-4067-02,500-4067-02,1000,10000,3
BOM_500-4067-02,500-4067-02,2000,10000,3
BOM_500-4067-02_500-4066-02,500-4067-02,2000,-193,3
BOM_500-4074-01,500-4074-01,1000,10000,3
BOM_500-4074-01,500-4074-01,2000,10000,3
BOM_500-4074-02,500-4074-02,1000,10000,3
BOM_500-4074-02,500-4074-02,2000,10000,3
BOM_500-4102,500-4102,1000,10000,3
BOM_500-4102,500-4102,2000,10000,3
BOM_500-4103,500-4103,1000,10000,3
BOM_500-4103,500-4103,2000,10000,3
BOM_500-4106,500-4106,1000,10000,3
BOM_500-4106,500-4106,2000,10000,3
BOM_500-4106-01,500-4106-01,1000,10000,3
BOM_500-4106-01,500-4106-01,2000,10000,3
BOM_500-4110,500-4110,1000,10000,3
BOM_500-4110,500-4110,2000,10000,3
BOM_500-4114,500-4114,1000,10000,3
BOM_500-4114,500-4114,2000,10000,3
BOM_500-4128,500-4128,1000,10000,3
BOM_500-4128,500-4128,2000,10000,3
BOM_500-4129,500-4129,1000,10000,3
BOM_500-4129,500-4129,2000,10000,3
BOM_500-4164-02,500-4164-02,1000,10000,3
BOM_500-4164-02,500-4164-02,2000,10000,3
BOM_500-4170,500-4170,1000,10000,3
BOM_500-4170,500-4170,2000,10000,3
BOM_500-4189,500-4189,1000,10000,3
BOM_500-4189,500-4189,2000,10000,3
BOM_500-4190,500-4190,1000,10000,3
BOM_500-4190,500-4190,2000,10000,3
BOM_500-4190_500-3776-02,500-4190,2000,-8,3
BOM_500-4210,500-4210,1000,10000,3
BOM_500-4210,500-4210,2000,10000,3
BOM_500-4211,500-4211,1000,10000,3
BOM_500-4211,500-4211,2000,10000,3
BOM_500-4212,500-4212,1000,10000,3
BOM_500-4212,500-4212,2000,10000,3
BOM_500-4216,500-4216,1000,10000,3
BOM_500-4216,500-4216,2000,10000,3
BOM_500-4218-01,500-4218-01,1000,10000,3
BOM_500-4218-01,500-4218-01,2000,10000,3
BOM_500-4218-02,500-4218-02,1000,10000,3
BOM_500-4218-02,500-4218-02,2000,10000,3
BOM_500-4218-03,500-4218-03,1000,10000,3
BOM_500-4218-03,500-4218-03,2000,10000,3
BOM_500-4219-01,500-4219-01,1000,10000,3
BOM_500-4219-01,500-4219-01,2000,10000,3
BOM_500-4219-02,500-4219-02,1000,10000,3
BOM_500-4219-02,500-4219-02,2000,10000,3
BOM_500-4219-03,500-4219-03,1000,10000,3
BOM_500-4219-03,500-4219-03,2000,10000,3
BOM_500-4219-04,500-4219-04,1000,10000,3
BOM_500-4219-04,500-4219-04,2000,10000,3
BOM_500-4232,500-4232,1000,10000,3
BOM_500-4232,500-4232,2000,10000,3
BOM_500-4233,500-4233,1000,10000,3
BOM_500-4233,500-4233,2000,10000,3
BOM_500-4290,500-4290,1000,10000,3
BOM_500-4290,500-4290,2000,10000,3
BOM_500-4291,500-4291,1000,10000,3
BOM_500-4291,500-4291,2000,10000,3
BOM_500-4292,500-4292,1000,10000,3
BOM_500-4292,500-4292,2000,10000,3
BOM_500-4292_500-4693,500-4292,2000,-48,3
BOM_500-4292_500-5499,500-4292,1000,-3451,3
BOM_500-4293,500-4293,1000,10000,3
BOM_500-4293,500-4293,2000,10000,3
BOM_500-4293_500-4292,500-4293,2000,-160,3
BOM_500-4293_500-6285,500-4293,2000,-2768,3
BOM_500-4293_500-7041,500-4293,2000,-872,3
BOM_500-4294-02,500-4294-02,1000,10000,3
BOM_500-4294-02,500-4294-02,2000,10000,3
BOM_500-4294-02-TW,500-4294-02-TW,1000,10000,3
BOM_500-4295-02,500-4295-02,1000,10000,3
BOM_500-4295-02,500-4295-02,2000,10000,3
BOM_500-4295-02-TW,500-4295-02-TW,1000,10000,3
BOM_500-4296-02,500-4296-02,1000,10000,3
BOM_500-4296-02,500-4296-02,2000,10000,3
BOM_500-4297-02,500-4297-02,1000,10000,3
BOM_500-4297-02,500-4297-02,2000,10000,3
BOM_500-4305,500-4305,1000,10000,3
BOM_500-4305,500-4305,2000,10000,3
BOM_500-4306,500-4306,1000,10000,3
BOM_500-4306,500-4306,2000,10000,3
BOM_500-4323,500-4323,1000,10000,3
BOM_500-4323,500-4323,2000,10000,3
BOM_500-4324,500-4324,1000,10000,3
BOM_500-4324,500-4324,2000,10000,3
BOM_500-4325,500-4325,1000,10000,3
BOM_500-4325,500-4325,2000,10000,3
BOM_500-4326,500-4326,1000,10000,3
BOM_500-4326,500-4326,2000,10000,3
BOM_500-4327,500-4327,1000,10000,3
BOM_500-4327,500-4327,2000,10000,3
BOM_500-4327_500-4292,500-4327,2000,-160,3
BOM_500-4329,500-4329,1000,10000,3
BOM_500-4329,500-4329,2000,10000,3
BOM_500-4330,500-4330,1000,10000,3
BOM_500-4330,500-4330,2000,10000,3
BOM_500-4331,500-4331,1000,10000,3
BOM_500-4331,500-4331,2000,10000,3
BOM_500-4332,500-4332,1000,10000,3
BOM_500-4332,500-4332,2000,10000,3
BOM_500-4333,500-4333,1000,10000,3
BOM_500-4333,500-4333,2000,10000,3
BOM_500-4336,500-4336,1000,10000,3
BOM_500-4336,500-4336,2000,10000,3
BOM_500-4337,500-4337,1000,10000,3
BOM_500-4337,500-4337,2000,10000,3
BOM_500-4338,500-4338,1000,10000,3
BOM_500-4338,500-4338,2000,10000,3
BOM_500-4339,500-4339,1000,10000,3
BOM_500-4339,500-4339,2000,10000,3
BOM_500-4341,500-4341,1000,10000,3
BOM_500-4341,500-4341,2000,10000,3
BOM_500-4342,500-4342,1000,10000,3
BOM_500-4342,500-4342,2000,10000,3
BOM_500-4342_500-4292,500-4342,2000,-160,3
BOM_500-4376,500-4376,1000,10000,3
BOM_500-4376,500-4376,2000,10000,3
BOM_500-4377,500-4377,1000,10000,3
BOM_500-4377,500-4377,2000,10000,3
BOM_500-4378,500-4378,1000,10000,3
BOM_500-4378,500-4378,2000,10000,3
BOM_500-4378_500-4611,500-4378,2000,-3304,3
BOM_500-4378_500-4672,500-4378,2000,-111,3
BOM_500-4393-01,500-4393-01,1000,10000,3
BOM_500-4393-01,500-4393-01,2000,10000,3
BOM_500-4393-02,500-4393-02,1000,10000,3
BOM_500-4393-02,500-4393-02,2000,10000,3
BOM_500-4393-03,500-4393-03,1000,10000,3
BOM_500-4393-03,500-4393-03,2000,10000,3
BOM_500-4393-04,500-4393-04,1000,10000,3
BOM_500-4393-04,500-4393-04,2000,10000,3
BOM_500-4465,500-4465,1000,10000,3
BOM_500-4483,500-4483,1000,10000,3
BOM_500-4483,500-4483,2000,10000,3
BOM_500-4494,500-4494,1000,10000,3
BOM_500-4515,500-4515,1000,10000,3
BOM_500-4516,500-4516,1000,10000,3
BOM_500-4516,500-4516,2000,10000,3
BOM_500-4519,500-4519,1000,10000,3
BOM_500-4537,500-4537,1000,10000,3
BOM_500-4561,500-4561,1000,10000,3
BOM_500-4561_500-4752,500-4561,1000,-731,3
BOM_500-4562,500-4562,1000,10000,3
BOM_500-4562,500-4562,2000,10000,3
BOM_500-4562_500-4639,500-4562,2000,-234,3
BOM_500-4562_500-4752,500-4562,1000,-731,3
BOM_500-4562_500-5010,500-4562,2000,-4992,3
BOM_500-4587,500-4587,1000,10000,3
BOM_500-4587,500-4587,2000,10000,3
BOM_500-4587_500-3776-02,500-4587,2000,-8,3
BOM_500-4607,500-4607,1000,10000,3
BOM_500-4607,500-4607,2000,10000,3
BOM_500-4607-TW,500-4607-TW,1000,10000,3
BOM_500-4608,500-4608,1000,10000,3
BOM_500-4608,500-4608,2000,10000,3
BOM_500-4609,500-4609,1000,10000,3
BOM_500-4609,500-4609,2000,10000,3
BOM_500-4610,500-4610,1000,10000,3
BOM_500-4610,500-4610,2000,10000,3
BOM_500-4611,500-4611,1000,10000,3
BOM_500-4611,500-4611,2000,10000,3
BOM_500-4611_500-4672,500-4611,2000,-111,3
BOM_500-4623,500-4623,1000,10000,3
BOM_500-4623,500-4623,2000,10000,3
BOM_500-4624,500-4624,1000,10000,3
BOM_500-4624,500-4624,2000,10000,3
BOM_500-4639,500-4639,1000,10000,3
BOM_500-4639,500-4639,2000,10000,3
BOM_500-4639_500-4752,500-4639,1000,-731,3
BOM_500-4640,500-4640,1000,10000,3
BOM_500-4640,500-4640,2000,10000,3
BOM_500-4672,500-4672,1000,10000,3
BOM_500-4672,500-4672,2000,10000,3
BOM_500-4672_500-4378,500-4672,2000,-13,3
BOM_500-4672_500-4611,500-4672,2000,-3304,3
BOM_500-4692,500-4692,1000,10000,3
BOM_500-4692,500-4692,2000,10000,3
BOM_500-4692_500-5057,500-4692,2000,-4,3
BOM_500-4692_500-6266,500-4692,2000,-2075,3
BOM_500-4693,500-4693,1000,10000,3
BOM_500-4693,500-4693,2000,10000,3
BOM_500-4693_500-4890,500-4693,2000,-1254,3
BOM_500-4703,500-4703,1000,10000,3
BOM_500-4703,500-4703,2000,10000,3
BOM_500-4709,500-4709,1000,10000,3
BOM_500-4709,500-4709,2000,10000,3
BOM_500-4709_500-4292,500-4709,2000,-160,3
BOM_500-4752,500-4752,1000,10000,3
BOM_500-4752,500-4752,2000,10000,3
BOM_500-4753,500-4753,1000,10000,3
BOM_500-4773,500-4773,1000,10000,3
BOM_500-4773,500-4773,2000,10000,3
BOM_500-4779,500-4779,1000,10000,3
BOM_500-4791,500-4791,1000,10000,3
BOM_500-4791,500-4791,2000,10000,3
BOM_500-4791_500-4752,500-4791,1000,-731,3
BOM_500-4792,500-4792,1000,10000,3
BOM_500-4792,500-4792,2000,10000,3
BOM_500-4793,500-4793,1000,10000,3
BOM_500-4793,500-4793,2000,10000,3
BOM_500-4794,500-4794,1000,10000,3
BOM_500-4794,500-4794,2000,10000,3
BOM_500-4835,500-4835,1000,10000,3
BOM_500-4847,500-4847,1000,10000,3
BOM_500-4850,500-4850,1000,10000,3
BOM_500-4888,500-4888,1000,10000,3
BOM_500-4888,500-4888,2000,10000,3
BOM_500-4888_500-4292,500-4888,2000,-113,3
BOM_500-4889,500-4889,1000,10000,3
BOM_500-4889,500-4889,2000,10000,3
BOM_500-4889_500-3776-02,500-4889,2000,-8,3
BOM_500-4890,500-4890,1000,10000,3
BOM_500-4890,500-4890,2000,10000,3
BOM_500-4910,500-4910,1000,10000,3
BOM_500-4912,500-4912,1000,10000,3
BOM_500-4912,500-4912,2000,10000,3
BOM_500-4912_500-4957,500-4912,2000,-1207,3
BOM_500-4925,500-4925,1000,10000,3
BOM_500-4925,500-4925,2000,10000,3
BOM_500-4925_500-5594,500-4925,1000,-62,3
BOM_500-4925_500-5594,500-4925,2000,-1033,3
BOM_500-4925_500-5988,500-4925,2000,-4,3
BOM_500-4955,500-4955,1000,10000,3
BOM_500-4955,500-4955,2000,10000,3
BOM_500-4955_500-4925,500-4955,1000,-11,3
BOM_500-4955_500-5594,500-4955,2000,-1033,3
BOM_500-4956,500-4956,1000,10000,3
BOM_500-4956,500-4956,2000,10000,3
BOM_500-4957,500-4957,1000,10000,3
BOM_500-4957,500-4957,2000,10000,3
BOM_500-4957_500-5773,500-4957,2000,-11,3
BOM_500-4957_500-6285,500-4957,2000,-2768,3
BOM_500-4957_500-7041,500-4957,2000,-872,3
BOM_500-4961_502-2339,500-4961,1000,-1,3
BOM_500-4961-001,500-4961-001,1000,10000,3
BOM_500-4961-002,500-4961-002,1000,10000,3
BOM_500-4961-003,500-4961-003,1000,10000,3
BOM_500-4961-005,500-4961-005,1000,10000,3
BOM_500-4961-007,500-4961-007,1000,10000,3
BOM_500-4961-010,500-4961-010,1000,10000,3
BOM_500-4961-015,500-4961-015,1000,10000,3
BOM_500-4961-020,500-4961-020,1000,10000,3
BOM_500-4961-030,500-4961-030,1000,10000,3
BOM_500-4962_502-2515,500-4962,1000,-1,3
BOM_500-4962-010,500-4962-010,1000,10000,3
BOM_500-4962-020,500-4962-020,1000,10000,3
BOM_500-4962-0P5,500-4962-0P5,1000,10000,3
BOM_500-4973,500-4973,1000,10000,3
BOM_500-4973,500-4973,2000,10000,3
BOM_500-4987,500-4987,1000,10000,3
BOM_500-4987,500-4987,2000,10000,3
BOM_500-5008,500-5008,1000,10000,3
BOM_500-5008,500-5008,2000,10000,3
BOM_500-5008-TW,500-5008-TW,1000,10000,3
BOM_500-5009,500-5009,1000,10000,3
BOM_500-5009,500-5009,2000,10000,3
BOM_500-5009-TW,500-5009-TW,1000,10000,3
BOM_500-5010,500-5010,1000,10000,3
BOM_500-5010,500-5010,2000,10000,3
BOM_500-5030,500-5030,1000,10000,3
BOM_500-5031,500-5031,1000,10000,3
BOM_500-5054,500-5054,1000,10000,3
BOM_500-5054,500-5054,2000,10000,3
BOM_500-5056,500-5056,1000,10000,3
BOM_500-5056,500-5056,2000,10000,3
BOM_500-5056_500-5057,500-5056,2000,-4,3
BOM_500-5057,500-5057,1000,10000,3
BOM_500-5057,500-5057,2000,10000,3
BOM_500-5057_500-5056,500-5057,2000,-10,3
BOM_500-5057_500-6266,500-5057,2000,-2075,3
BOM_500-5059,500-5059,1000,10000,3
BOM_500-5059,500-5059,2000,10000,3
BOM_500-5059_500-5057,500-5059,2000,-4,3
BOM_500-5060,500-5060,1000,10000,3
BOM_500-5060,500-5060,2000,10000,3
BOM_500-5060_500-5056,500-5060,2000,-10,3
BOM_500-5060_500-5057,500-5060,2000,-4,3
BOM_500-5071-TW,500-5071-TW,1000,10000,3
BOM_500-5096,500-5096,1000,10000,3
BOM_500-5096,500-5096,2000,10000,3
BOM_500-5101,500-5101,1000,10000,3
BOM_500-5101,500-5101,2000,10000,3
BOM_500-5102,500-5102,1000,10000,3
BOM_500-5102,500-5102,2000,10000,3
BOM_500-5149,500-5149,1000,10000,3
BOM_500-5149,500-5149,2000,10000,3
BOM_500-5160,500-5160,1000,10000,3
BOM_500-5172,500-5172,1000,10000,3
BOM_500-5178,500-5178,1000,10000,3
BOM_500-5196,500-5196,1000,10000,3
BOM_500-5197,500-5197,1000,10000,3
BOM_500-5202_502-2516,500-5202,1000,-1,3
BOM_500-5202-005,500-5202-005,1000,10000,3
BOM_500-5202-007,500-5202-007,1000,10000,3
BOM_500-5202-010,500-5202-010,1000,10000,3
BOM_500-5202-020,500-5202-020,1000,10000,3
BOM_500-5215_502-2515,500-5215,1000,-1,3
BOM_500-5215-010,500-5215-010,1000,10000,3
BOM_500-5216_502-2461,500-5216,1000,-1,3
BOM_500-5216-003,500-5216-003,1000,10000,3
BOM_500-5216-005,500-5216-005,1000,10000,3
BOM_500-5216-007,500-5216-007,1000,10000,3
BOM_500-5216-010,500-5216-010,1000,10000,3
BOM_500-5216-030,500-5216-030,1000,10000,3
BOM_500-5274,500-5274,1000,10000,3
BOM_500-5274,500-5274,2000,10000,3
BOM_500-5275,500-5275,1000,10000,3
BOM_500-5275,500-5275,2000,10000,3
BOM_500-5281,500-5281,1000,10000,3
BOM_500-5281,500-5281,2000,10000,3
BOM_500-5281_500-4292,500-5281,2000,-160,3
BOM_500-5282,500-5282,1000,10000,3
BOM_500-5282,500-5282,2000,10000,3
BOM_500-5282_500-3776-02,500-5282,2000,-8,3
BOM_500-5329,500-5329,1000,10000,3
BOM_500-5359,500-5359,1000,10000,3
BOM_500-5359,500-5359,2000,10000,3
BOM_500-5384,500-5384,1000,10000,3
BOM_500-5384,500-5384,2000,10000,3
BOM_500-5387,500-5387,1000,10000,3
BOM_500-5387,500-5387,2000,10000,3
BOM_500-5387_500-3776-02,500-5387,2000,-8,3
BOM_500-5391_502-2588,500-5391,1000,-1,3
BOM_500-5391-001,500-5391-001,1000,10000,3
BOM_500-5391-002,500-5391-002,1000,10000,3
BOM_500-5391-003,500-5391-003,1000,10000,3
BOM_500-5391-003_500-5495-003,500-5391-003,1000,-98,3
BOM_500-5391-005,500-5391-005,1000,10000,3
BOM_500-5391-005_500-5495-005,500-5391-005,1000,-6,3
BOM_500-5391-007,500-5391-007,1000,10000,3
BOM_500-5391-010,500-5391-010,1000,10000,3
BOM_500-5391-015,500-5391-015,1000,10000,3
BOM_500-5391-020,500-5391-020,1000,10000,3
BOM_500-5391-025,500-5391-025,1000,10000,3
BOM_500-5391-030,500-5391-030,1000,10000,3
BOM_500-5391-030_500-5495-030,500-5391-030,1000,-3,3
BOM_500-5392,500-5392,1000,10000,3
BOM_500-5392,500-5392,2000,10000,3
BOM_500-5393,500-5393,1000,10000,3
BOM_500-5394,500-5394,1000,10000,3
BOM_500-5423,500-5423,1000,10000,3
BOM_500-5423,500-5423,2000,10000,3
BOM_500-5423_500-5056,500-5423,2000,-10,3
BOM_500-5423_500-5057,500-5423,2000,-4,3
BOM_500-5424,500-5424,1000,10000,3
BOM_500-5481,500-5481,1000,10000,3
BOM_500-5481,500-5481,2000,10000,3
BOM_500-5495_502-2588,500-5495,1000,-1,3
BOM_500-5495-001,500-5495-001,1000,10000,3
BOM_500-5495-002,500-5495-002,1000,10000,3
BOM_500-5495-003,500-5495-003,1000,10000,3
BOM_500-5495-005,500-5495-005,1000,10000,3
BOM_500-5495-007,500-5495-007,1000,10000,3
BOM_500-5495-010,500-5495-010,1000,10000,3
BOM_500-5495-015,500-5495-015,1000,10000,3
BOM_500-5495-020,500-5495-020,1000,10000,3
BOM_500-5495-025,500-5495-025,1000,10000,3
BOM_500-5495-030,500-5495-030,1000,10000,3
BOM_500-5499,500-5499,1000,10000,3
BOM_500-5499,500-5499,2000,10000,3
BOM_500-5499_500-4516,500-5499,2000,-3,3
BOM_500-5500,500-5500,1000,10000,3
BOM_500-5500,500-5500,2000,10000,3
BOM_500-5522,500-5522,1000,10000,3
BOM_500-5522,500-5522,2000,10000,3
BOM_500-5522_500-4925,500-5522,1000,-11,3
BOM_500-5522_500-5594,500-5522,2000,-1033,3
BOM_500-5522_500-5988,500-5522,2000,-4,3
BOM_500-5523,500-5523,1000,10000,3
BOM_500-5523,500-5523,2000,10000,3
BOM_500-5523_500-4752,500-5523,1000,-731,3
BOM_500-5529,500-5529,1000,10000,3
BOM_500-5529,500-5529,2000,10000,3
BOM_500-5530,500-5530,1000,10000,3
BOM_500-5531,500-5531,1000,10000,3
BOM_500-5531,500-5531,2000,10000,3
BOM_500-5550,500-5550,1000,10000,3
BOM_500-5550,500-5550,2000,10000,3
BOM_500-5550_500-6285,500-5550,2000,-2768,3
BOM_500-5550_500-7041,500-5550,2000,-872,3
BOM_500-5586,500-5586,1000,10000,3
BOM_500-5586,500-5586,2000,10000,3
BOM_500-5594,500-5594,1000,10000,3
BOM_500-5594,500-5594,2000,10000,3
BOM_500-5594_500-4925,500-5594,1000,-11,3
BOM_500-5594_500-4955,500-5594,2000,-14,3
BOM_500-5595,500-5595,1000,10000,3
BOM_500-5595,500-5595,2000,10000,3
BOM_500-5595_500-4957,500-5595,2000,-1207,3
BOM_500-5596,500-5596,1000,10000,3
BOM_500-5596,500-5596,2000,10000,3
BOM_500-5601,500-5601,1000,10000,3
BOM_500-5601,500-5601,2000,10000,3
BOM_500-5601_500-5359,500-5601,1000,-952,3
BOM_500-5602,500-5602,1000,10000,3
BOM_500-5603,500-5603,1000,10000,3
BOM_500-5604,500-5604,1000,10000,3
BOM_500-5605,500-5605,1000,10000,3
BOM_500-5610,500-5610,1000,10000,3
BOM_500-5610,500-5610,2000,10000,3
BOM_500-5614_502-2638,500-5614,1000,-1,3
BOM_500-5614-001,500-5614-001,1000,10000,3
BOM_500-5614-002,500-5614-002,1000,10000,3
BOM_500-5614-003,500-5614-003,1000,10000,3
BOM_500-5614-005,500-5614-005,1000,10000,3
BOM_500-5614-007,500-5614-007,1000,10000,3
BOM_500-5614-010,500-5614-010,1000,10000,3
BOM_500-5614-015,500-5614-015,1000,10000,3
BOM_500-5614-020,500-5614-020,1000,10000,3
BOM_500-5614-025,500-5614-025,1000,10000,3
BOM_500-5614-030,500-5614-030,1000,10000,3
BOM_500-5615_502-2638,500-5615,1000,-1,3
BOM_500-5615-001,500-5615-001,1000,10000,3
BOM_500-5615-002,500-5615-002,1000,10000,3
BOM_500-5615-003,500-5615-003,1000,10000,3
BOM_500-5615-005,500-5615-005,1000,10000,3
BOM_500-5615-007,500-5615-007,1000,10000,3
BOM_500-5615-010,500-5615-010,1000,10000,3
BOM_500-5615-015,500-5615-015,1000,10000,3
BOM_500-5615-020,500-5615-020,1000,10000,3
BOM_500-5615-025,500-5615-025,1000,10000,3
BOM_500-5615-030,500-5615-030,1000,10000,3
BOM_500-5633_502-2648,500-5633,1000,-1,3
BOM_500-5633-003,500-5633-003,1000,10000,3
BOM_500-5633-005,500-5633-005,1000,10000,3
BOM_500-5633-007,500-5633-007,1000,10000,3
BOM_500-5633-010,500-5633-010,1000,10000,3
BOM_500-5633-020,500-5633-020,1000,10000,3
BOM_500-5633-030,500-5633-030,1000,10000,3
BOM_500-5634,500-5634,1000,10000,3
BOM_500-5679,500-5679,1000,10000,3
BOM_500-5679,500-5679,2000,10000,3
BOM_500-5680,500-5680,1000,10000,3
BOM_500-5680,500-5680,2000,10000,3
BOM_500-5703,500-5703,1000,10000,3
BOM_500-5703,500-5703,2000,10000,3
BOM_500-5773,500-5773,1000,10000,3
BOM_500-5773,500-5773,2000,10000,3
BOM_500-5773_500-4912,500-5773,1000,-1,3
BOM_500-5773_500-4957,500-5773,2000,-1207,3
BOM_500-5773_500-7041,500-5773,2000,-872,3
BOM_500-5782,500-5782,1000,10000,3
BOM_500-5785,500-5785,1000,10000,3
BOM_500-5785,500-5785,2000,10000,3
BOM_500-5800,500-5800,1000,10000,3
BOM_500-5800,500-5800,2000,10000,3
BOM_500-5818,500-5818,1000,10000,3
BOM_500-5818,500-5818,2000,10000,3
BOM_500-5819,500-5819,1000,10000,3
BOM_500-5819,500-5819,2000,10000,3
BOM_500-5850,500-5850,1000,10000,3
BOM_500-5850,500-5850,2000,10000,3
BOM_500-5851,500-5851,1000,10000,3
BOM_500-5851,500-5851,2000,10000,3
BOM_500-5851_500-4925,500-5851,1000,-11,3
BOM_500-5854,500-5854,1000,10000,3
BOM_500-5854,500-5854,2000,10000,3
BOM_500-5934,500-5934,1000,10000,3
BOM_500-5935,500-5935,1000,10000,3
BOM_500-5957,500-5957,1000,10000,3
BOM_500-5958,500-5958,1000,10000,3
BOM_500-5958,500-5958,2000,10000,3
BOM_500-5958_500-5359,500-5958,1000,-952,3
BOM_500-5987,500-5987,1000,10000,3
BOM_500-5987,500-5987,2000,10000,3
BOM_500-5988,500-5988,1000,10000,3
BOM_500-5988,500-5988,2000,10000,3
BOM_500-5988_500-4925,500-5988,1000,-11,3
BOM_500-5988_500-4955,500-5988,2000,-14,3
BOM_500-5988_500-5522,500-5988,2000,-713,3
BOM_500-5988_500-5594,500-5988,2000,-1033,3
BOM_500-5988_500-6336,500-5988,2000,-865,3
BOM_500-5989,500-5989,1000,10000,3
BOM_500-5989,500-5989,2000,10000,3
BOM_500-5989_500-5384,500-5989,2000,-377,3
BOM_500-5989_500-6496,500-5989,1000,-6,3
BOM_500-5989_500-6681,500-5989,1000,-3,3
BOM_500-5990,500-5990,1000,10000,3
BOM_500-5990,500-5990,2000,10000,3
BOM_500-5990_500-4925,500-5990,1000,-11,3
BOM_500-5990_500-5384,500-5990,2000,-377,3
BOM_500-6028,500-6028,1000,10000,3
BOM_500-6028,500-6028,2000,10000,3
BOM_500-6035,500-6035,1000,10000,3
BOM_500-6035,500-6035,2000,10000,3
BOM_500-6036,500-6036,1000,10000,3
BOM_500-6037,500-6037,1000,10000,3
BOM_500-6038,500-6038,1000,10000,3
BOM_500-6039,500-6039,1000,10000,3
BOM_500-6059,500-6059,1000,10000,3
BOM_500-6059,500-6059,2000,10000,3
BOM_500-6059_500-6201,500-6059,2000,-3,3
BOM_500-6073,500-6073,1000,10000,3
BOM_500-6073,500-6073,2000,10000,3
BOM_500-6087,500-6087,1000,10000,3
BOM_500-6087,500-6087,2000,10000,3
BOM_500-6095,500-6095,1000,10000,3
BOM_500-6095_500-5274,500-6095,1000,-8,3
BOM_500-6099,500-6099,1000,10000,3
BOM_500-6099,500-6099,2000,10000,3
BOM_500-6137,500-6137,1000,10000,3
BOM_500-6137,500-6137,2000,10000,3
BOM_500-6159_502-2894,500-6159,1000,-1,3
BOM_500-6159_502-2895,500-6159,1000,-1,3
BOM_500-6159-001,500-6159-001,1000,10000,3
BOM_500-6159-002,500-6159-002,1000,10000,3
BOM_500-6159-003,500-6159-003,1000,10000,3
BOM_500-6159-005,500-6159-005,1000,10000,3
BOM_500-6159-007,500-6159-007,1000,10000,3
BOM_500-6159-010,500-6159-010,1000,10000,3
BOM_500-6159-015,500-6159-015,1000,10000,3
BOM_500-6159-020,500-6159-020,1000,10000,3
BOM_500-6159-025,500-6159-025,1000,10000,3
BOM_500-6159-030,500-6159-030,1000,10000,3
BOM_500-6160,500-6160,1000,10000,3
BOM_500-6160,500-6160,2000,10000,3
BOM_500-6161,500-6161,1000,10000,3
BOM_500-6161,500-6161,2000,10000,3
BOM_500-6200,500-6200,1000,10000,3
BOM_500-6200,500-6200,2000,10000,3
BOM_500-6201,500-6201,1000,10000,3
BOM_500-6201,500-6201,2000,10000,3
BOM_500-6204,500-6204,1000,10000,3
BOM_500-6204,500-6204,2000,10000,3
BOM_500-6204_500-4957,500-6204,2000,-1207,3
BOM_500-6204_500-5550,500-6204,2000,-4,3
BOM_500-6204_500-6285,500-6204,2000,-2768,3
BOM_500-6207,500-6207,1000,10000,3
BOM_500-6207,500-6207,2000,10000,3
BOM_500-6209,500-6209,1000,10000,3
BOM_500-6209,500-6209,2000,10000,3
BOM_500-6212,500-6212,1000,10000,3
BOM_500-6212,500-6212,2000,10000,3
BOM_500-6240,500-6240,1000,10000,3
BOM_500-6240,500-6240,2000,10000,3
BOM_500-6249_502-2935,500-6249,1000,-1,3
BOM_500-6249_502-2936,500-6249,1000,-1,3
BOM_500-6249-003,500-6249-003,1000,10000,3
BOM_500-6249-005,500-6249-005,1000,10000,3
BOM_500-6249-007,500-6249-007,1000,10000,3
BOM_500-6249-010,500-6249-010,1000,10000,3
BOM_500-6249-020,500-6249-020,1000,10000,3
BOM_500-6250_502-2937,500-6250,1000,-1,3
BOM_500-6250-003,500-6250-003,1000,10000,3
BOM_500-6250-005,500-6250-005,1000,10000,3
BOM_500-6250-007,500-6250-007,1000,10000,3
BOM_500-6250-010,500-6250-010,1000,10000,3
BOM_500-6250-020,500-6250-020,1000,10000,3
BOM_500-6253,500-6253,1000,10000,3
BOM_500-6262,500-6262,1000,10000,3
BOM_500-6262,500-6262,2000,10000,3
BOM_500-6266,500-6266,1000,10000,3
BOM_500-6266,500-6266,2000,10000,3
BOM_500-6266_500-4692,500-6266,2000,-36,3
BOM_500-6266_500-5056,500-6266,2000,-10,3
BOM_500-6266_500-5057,500-6266,2000,-4,3
BOM_500-6267,500-6267,1000,10000,3
BOM_500-6267,500-6267,2000,10000,3
BOM_500-6267_500-5056,500-6267,2000,-10,3
BOM_500-6267_500-5057,500-6267,2000,-4,3
BOM_500-6267_500-6266,500-6267,2000,-182,3
BOM_500-6277,500-6277,1000,10000,3
BOM_500-6277,500-6277,2000,10000,3
BOM_500-6278,500-6278,1000,10000,3
BOM_500-6278,500-6278,2000,10000,3
BOM_500-6282_502-2935,500-6282,1000,-1,3
BOM_500-6282_502-2936,500-6282,1000,-1,3
BOM_500-6282-003,500-6282-003,1000,10000,3
BOM_500-6282-005,500-6282-005,1000,10000,3
BOM_500-6282-007,500-6282-007,1000,10000,3
BOM_500-6282-010,500-6282-010,1000,10000,3
BOM_500-6282-010_500-6249-010,500-6282-010,1000,-1,3
BOM_500-6282-015,500-6282-015,1000,10000,3
BOM_500-6282-020,500-6282-020,1000,10000,3
BOM_500-6283_502-2937,500-6283,1000,-1,3
BOM_500-6283-003,500-6283-003,1000,10000,3
BOM_500-6283-005,500-6283-005,1000,10000,3
BOM_500-6283-007,500-6283-007,1000,10000,3
BOM_500-6283-010,500-6283-010,1000,10000,3
BOM_500-6283-015,500-6283-015,1000,10000,3
BOM_500-6283-020,500-6283-020,1000,10000,3
BOM_500-6285,500-6285,1000,10000,3
BOM_500-6285,500-6285,2000,10000,3
BOM_500-6285_500-4957,500-6285,2000,-1207,3
BOM_500-6285_500-5550,500-6285,2000,-4,3
BOM_500-6285_500-7041,500-6285,2000,-872,3
BOM_500-6306,500-6306,1000,10000,3
BOM_500-6306,500-6306,2000,10000,3
BOM_500-6306_500-6028,500-6306,2000,-1,3
BOM_500-6336,500-6336,1000,10000,3
BOM_500-6336,500-6336,2000,10000,3
BOM_500-6336_500-5522,500-6336,2000,-713,3
BOM_500-6357_502-2339,500-6357,1000,-1,3
BOM_500-6357-001,500-6357-001,1000,10000,3
BOM_500-6357-002,500-6357-002,1000,10000,3
BOM_500-6357-002_500-4961-002,500-6357-002,1000,-3,3
BOM_500-6357-003,500-6357-003,1000,10000,3
BOM_500-6357-003_500-4961-003,500-6357-003,1000,-18,3
BOM_500-6357-005,500-6357-005,1000,10000,3
BOM_500-6357-007,500-6357-007,1000,10000,3
BOM_500-6357-007_500-4961-007,500-6357-007,1000,-20,3
BOM_500-6357-010,500-6357-010,1000,10000,3
BOM_500-6357-010_500-4961-010,500-6357-010,1000,-17,3
BOM_500-6357-015,500-6357-015,1000,10000,3
BOM_500-6357-020,500-6357-020,1000,10000,3
BOM_500-6357-020_500-4961-020,500-6357-020,1000,-3,3
BOM_500-6357-030,500-6357-030,1000,10000,3
BOM_500-6382_502-2339,500-6382,1000,-1,3
BOM_500-6382-001,500-6382-001,1000,10000,3
BOM_500-6382-003,500-6382-003,1000,10000,3
BOM_500-6382-005,500-6382-005,1000,10000,3
BOM_500-6382-007,500-6382-007,1000,10000,3
BOM_500-6382-010,500-6382-010,1000,10000,3
BOM_500-6382-015,500-6382-015,1000,10000,3
BOM_500-6382-020,500-6382-020,1000,10000,3
BOM_500-6382-030,500-6382-030,1000,10000,3
BOM_500-6383_502-2588,500-6383,1000,-1,3
BOM_500-6383-001,500-6383-001,1000,10000,3
BOM_500-6383-003,500-6383-003,1000,10000,3
BOM_500-6383-005,500-6383-005,1000,10000,3
BOM_500-6383-007,500-6383-007,1000,10000,3
BOM_500-6383-010,500-6383-010,1000,10000,3
BOM_500-6383-015,500-6383-015,1000,10000,3
BOM_500-6383-020,500-6383-020,1000,10000,3
BOM_500-6383-030,500-6383-030,1000,10000,3
BOM_500-6393,500-6393,1000,10000,3
BOM_500-6393,500-6393,2000,10000,3
BOM_500-6394_502-2894,500-6394,1000,-1,3
BOM_500-6394_502-2895,500-6394,1000,-1,3
BOM_500-6394-001,500-6394-001,1000,10000,3
BOM_500-6394-002,500-6394-002,1000,10000,3
BOM_500-6394-003,500-6394-003,1000,10000,3
BOM_500-6394-005,500-6394-005,1000,10000,3
BOM_500-6394-007,500-6394-007,1000,10000,3
BOM_500-6394-010,500-6394-010,1000,10000,3
BOM_500-6394-015,500-6394-015,1000,10000,3
BOM_500-6394-020,500-6394-020,1000,10000,3
BOM_500-6394-030,500-6394-030,1000,10000,3
BOM_500-6412,500-6412,1000,10000,3
BOM_500-6412,500-6412,2000,10000,3
BOM_500-6413,500-6413,1000,10000,3
BOM_500-6413,500-6413,2000,10000,3
BOM_500-6414,500-6414,1000,10000,3
BOM_500-6414,500-6414,2000,10000,3
BOM_500-6415,500-6415,1000,10000,3
BOM_500-6415,500-6415,2000,10000,3
BOM_500-6417,500-6417,1000,10000,3
BOM_500-6417,500-6417,2000,10000,3
BOM_500-6417_500-7064,500-6417,2000,-36,3
BOM_500-6418,500-6418,1000,10000,3
BOM_500-6418,500-6418,2000,10000,3
BOM_500-6419,500-6419,1000,10000,3
BOM_500-6419,500-6419,2000,10000,3
BOM_500-6420,500-6420,1000,10000,3
BOM_500-6420,500-6420,2000,10000,3
BOM_500-6420_500-7064,500-6420,2000,-36,3
BOM_500-6421,500-6421,1000,10000,3
BOM_500-6421,500-6421,2000,10000,3
BOM_500-6433,500-6433,1000,10000,3
BOM_500-6433,500-6433,2000,10000,3
BOM_500-6448,500-6448,1000,10000,3
BOM_500-6448,500-6448,2000,10000,3
BOM_500-6448_500-6028,500-6448,2000,-1,3
BOM_500-6465,500-6465,1000,10000,3
BOM_500-6485,500-6485,1000,10000,3
BOM_500-6485,500-6485,2000,10000,3
BOM_500-6485_500-6028,500-6485,2000,-1,3
BOM_500-6496,500-6496,1000,10000,3
BOM_500-6496,500-6496,2000,10000,3
BOM_500-6496_500-4925,500-6496,1000,-11,3
BOM_500-6512,500-6512,1000,10000,3
BOM_500-6512,500-6512,2000,10000,3
BOM_500-6512_500-6496,500-6512,1000,-6,3
BOM_500-6513,500-6513,1000,10000,3
BOM_500-6513,500-6513,2000,10000,3
BOM_500-6569,500-6569,1000,10000,3
BOM_500-6570,500-6570,1000,10000,3
BOM_500-6575,500-6575,1000,10000,3
BOM_500-6575_500-5274,500-6575,1000,-8,3
BOM_500-6650,500-6650,1000,10000,3
BOM_500-6650,500-6650,2000,10000,3
BOM_500-6650_500-5359,500-6650,1000,-952,3
BOM_500-6672,500-6672,1000,10000,3
BOM_500-6672,500-6672,2000,10000,3
BOM_500-6681,500-6681,1000,10000,3
BOM_500-6681,500-6681,2000,10000,3
BOM_500-6681_500-5384,500-6681,2000,-377,3
BOM_500-6803,500-6803,1000,10000,3
BOM_500-6803,500-6803,2000,10000,3
BOM_500-6803_500-6028,500-6803,2000,-1,3
BOM_500-6912,500-6912,1000,10000,3
BOM_500-6912,500-6912,2000,10000,3
BOM_500-6912_500-4292,500-6912,2000,-160,3
BOM_500-6984,500-6984,1000,10000,3
BOM_500-6984,500-6984,2000,10000,3
BOM_500-6984_500-4292,500-6984,2000,-160,3
BOM_500-7041,500-7041,1000,10000,3
BOM_500-7041,500-7041,2000,10000,3
BOM_500-7041_500-6285,500-7041,2000,-2768,3
BOM_500-7064,500-7064,1000,10000,3
BOM_500-7064,500-7064,2000,10000,3
BOM_500-7072,500-7072,1000,10000,3
BOM_500-7072,500-7072,2000,10000,3
BOM_500-7072_500-7073,500-7072,2000,-7,3
BOM_500-7073,500-7073,1000,10000,3
BOM_500-7073,500-7073,2000,10000,3
BOM_500-7114,500-7114,1000,10000,3
BOM_500-7114,500-7114,2000,10000,3
BOM_500-7115,500-7115,1000,10000,3
BOM_500-7115,500-7115,2000,10000,3
BOM_500-7206_502-3519,500-7206,1000,-1,3
BOM_500-7206-003,500-7206-003,1000,10000,3
BOM_500-7206-005,500-7206-005,1000,10000,3
BOM_500-7206-007,500-7206-007,1000,10000,3
BOM_500-7206-010,500-7206-010,1000,10000,3
BOM_500-7206-015,500-7206-015,1000,10000,3
BOM_500-7206-020,500-7206-020,1000,10000,3
BOM_500-7207_502-3520,500-7207,1000,-1,3
BOM_500-7207-001,500-7207-001,1000,10000,3
BOM_500-7207-002,500-7207-002,1000,10000,3
BOM_500-7207-003,500-7207-003,1000,10000,3
BOM_500-7207-005,500-7207-005,1000,10000,3
BOM_500-7207-007,500-7207-007,1000,10000,3
BOM_500-7207-010,500-7207-010,1000,10000,3
BOM_500-7207-015,500-7207-015,1000,10000,3
BOM_500-7207-020,500-7207-020,1000,10000,3
BOM_500-7207-025,500-7207-025,1000,10000,3
BOM_500-7207-030,500-7207-030,1000,10000,3
BOM_500-7283_502-2339,500-7283,1000,-1,3
BOM_500-7283-010,500-7283-010,1000,10000,3
BOM_500-7284_502-3502,500-7284,1000,-1,3
BOM_500-7284-010,500-7284-010,1000,10000,3
BOM_502-1559,502-1559,1000,10000,3
BOM_502-1559,502-1559,2000,10000,3
BOM_502-1678,502-1678,1000,10000,3
BOM_502-1678,502-1678,2000,10000,3
BOM_502-1693,502-1693,1000,10000,3
BOM_502-1693,502-1693,2000,10000,3
BOM_502-1713,502-1713,1000,10000,3
BOM_502-1713,502-1713,2000,10000,3
BOM_502-1728,502-1728,1000,10000,3
BOM_502-1728,502-1728,2000,10000,3
BOM_502-1733,502-1733,1000,10000,3
BOM_502-1733,502-1733,2000,10000,3
BOM_502-1783-01,502-1783-01,1000,10000,3
BOM_502-1783-01,502-1783-01,2000,10000,3
BOM_502-1783-02,502-1783-02,1000,10000,3
BOM_502-1783-02,502-1783-02,2000,10000,3
BOM_502-1783-02-RW,502-1783-02-RW,1000,10000,3
BOM_502-1783-03,502-1783-03,1000,10000,3
BOM_502-1783-03,502-1783-03,2000,10000,3
BOM_502-1783-04,502-1783-04,1000,10000,3
BOM_502-1783-04,502-1783-04,2000,10000,3
BOM_502-1793,502-1793,1000,10000,3
BOM_502-1793,502-1793,2000,10000,3
BOM_502-1804,502-1804,1000,10000,3
BOM_502-1804,502-1804,2000,10000,3
BOM_502-1818,502-1818,1000,10000,3
BOM_502-1818,502-1818,2000,10000,3
BOM_502-1820,502-1820,1000,10000,3
BOM_502-1820,502-1820,2000,10000,3
BOM_502-1822,502-1822,1000,10000,3
BOM_502-1822,502-1822,2000,10000,3
BOM_502-1824-01,502-1824-01,1000,10000,3
BOM_502-1824-01,502-1824-01,2000,10000,3
BOM_502-1824-02,502-1824-02,1000,10000,3
BOM_502-1824-02,502-1824-02,2000,10000,3
BOM_502-1824-03,502-1824-03,1000,10000,3
BOM_502-1824-03,502-1824-03,2000,10000,3
BOM_502-1827,502-1827,1000,10000,3
BOM_502-1827,502-1827,2000,10000,3
BOM_502-1843,502-1843,1000,10000,3
BOM_502-1843,502-1843,2000,10000,3
BOM_502-1847-01,502-1847-01,1000,10000,3
BOM_502-1847-01,502-1847-01,2000,10000,3
BOM_502-1847-02,502-1847-02,1000,10000,3
BOM_502-1847-02,502-1847-02,2000,10000,3
BOM_502-1847-03,502-1847-03,1000,10000,3
BOM_502-1847-03,502-1847-03,2000,10000,3
BOM_502-1853,502-1853,1000,10000,3
BOM_502-1853,502-1853,2000,10000,3
BOM_502-1855,502-1855,1000,10000,3
BOM_502-1855,502-1855,2000,10000,3
BOM_502-1855-02,502-1855-02,1000,10000,3
BOM_502-1855-02,502-1855-02,2000,10000,3
BOM_502-1856,502-1856,1000,10000,3
BOM_502-1856,502-1856,2000,10000,3
BOM_502-1879-01,502-1879-01,1000,10000,3
BOM_502-1879-01,502-1879-01,2000,10000,3
BOM_502-1880-01,502-1880-01,1000,10000,3
BOM_502-1880-01,502-1880-01,2000,10000,3
BOM_502-1890,502-1890,1000,10000,3
BOM_502-1890,502-1890,2000,10000,3
BOM_502-1892,502-1892,1000,10000,3
BOM_502-1892,502-1892,2000,10000,3
BOM_502-1903-02,502-1903-02,1000,10000,3
BOM_502-1903-02,502-1903-02,2000,10000,3
BOM_502-1905-01,502-1905-01,1000,10000,3
BOM_502-1905-01,502-1905-01,2000,10000,3
BOM_502-1908-01,502-1908-01,1000,10000,3
BOM_502-1908-01,502-1908-01,2000,10000,3
BOM_502-1908-02,502-1908-02,1000,10000,3
BOM_502-1908-02,502-1908-02,2000,10000,3
BOM_502-1931,502-1931,1000,10000,3
BOM_502-1931,502-1931,2000,10000,3
BOM_502-1945,502-1945,1000,10000,3
BOM_502-1945,502-1945,2000,10000,3
BOM_502-1986,502-1986,1000,10000,3
BOM_502-1986,502-1986,2000,10000,3
BOM_502-2002,502-2002,1000,10000,3
BOM_502-2002,502-2002,2000,10000,3
BOM_502-2003,502-2003,1000,10000,3
BOM_502-2003,502-2003,2000,10000,3
BOM_502-2021,502-2021,1000,10000,3
BOM_502-2021,502-2021,2000,10000,3
BOM_502-2022,502-2022,1000,10000,3
BOM_502-2022,502-2022,2000,10000,3
BOM_502-2023,502-2023,1000,10000,3
BOM_502-2023,502-2023,2000,10000,3
BOM_502-2025,502-2025,1000,10000,3
BOM_502-2025,502-2025,2000,10000,3
BOM_502-2026,502-2026,1000,10000,3
BOM_502-2026,502-2026,2000,10000,3
BOM_502-2107,502-2107,1000,10000,3
BOM_502-2109,502-2109,1000,10000,3
BOM_502-2119,502-2119,1000,10000,3
BOM_502-2119,502-2119,2000,10000,3
BOM_502-2178,502-2178,1000,10000,3
BOM_502-2178,502-2178,2000,10000,3
BOM_502-2204,502-2204,1000,10000,3
BOM_502-2204,502-2204,2000,10000,3
BOM_502-2205,502-2205,1000,10000,3
BOM_502-2205,502-2205,2000,10000,3
BOM_502-2209,502-2209,1000,10000,3
BOM_502-2209,502-2209,2000,10000,3
BOM_502-2219,502-2219,1000,10000,3
BOM_502-2219,502-2219,2000,10000,3
BOM_502-2241,502-2241,1000,10000,3
BOM_502-2241,502-2241,2000,10000,3
BOM_502-2276,502-2276,1000,10000,3
BOM_502-2298,502-2298,1000,10000,3
BOM_502-2298,502-2298,2000,10000,3
BOM_502-2304,502-2304,1000,10000,3
BOM_502-2304,502-2304,2000,10000,3
BOM_502-2304_500-5529,502-2304,2000,-147,3
BOM_502-2308,502-2308,1000,10000,3
BOM_502-2308,502-2308,2000,10000,3
BOM_502-2339,502-2339,1000,10000,3
BOM_502-2346,502-2346,1000,10000,3
BOM_502-2346,502-2346,2000,10000,3
BOM_502-2375,502-2375,1000,10000,3
BOM_502-2375,502-2375,2000,10000,3
BOM_502-2376,502-2376,1000,10000,3
BOM_502-2376,502-2376,2000,10000,3
BOM_502-2377,502-2377,1000,10000,3
BOM_502-2377,502-2377,2000,10000,3
BOM_502-2388,502-2388,1000,10000,3
BOM_502-2389,502-2389,1000,10000,3
BOM_502-2404,502-2404,1000,10000,3
BOM_502-2404,502-2404,2000,10000,3
BOM_502-2426,502-2426,1000,10000,3
BOM_502-2426,502-2426,2000,10000,3
BOM_502-2437,502-2437,1000,10000,3
BOM_502-2461,502-2461,1000,10000,3
BOM_502-2488,502-2488,1000,10000,3
BOM_502-2488,502-2488,2000,10000,3
BOM_502-2502,502-2502,1000,10000,3
BOM_502-2502,502-2502,2000,10000,3
BOM_502-2515,502-2515,1000,10000,3
BOM_502-2516,502-2516,1000,10000,3
BOM_502-2523,502-2523,1000,10000,3
BOM_502-2523,502-2523,2000,10000,3
BOM_502-2534,502-2534,1000,10000,3
BOM_502-2534,502-2534,2000,10000,3
BOM_502-2545,502-2545,1000,10000,3
BOM_502-2546,502-2546,1000,10000,3
BOM_502-2547,502-2547,1000,10000,3
BOM_502-2547,502-2547,2000,10000,3
BOM_502-2588,502-2588,1000,10000,3
BOM_502-2590,502-2590,1000,10000,3
BOM_502-2590,502-2590,2000,10000,3
BOM_502-2602,502-2602,1000,10000,3
BOM_502-2602,502-2602,2000,10000,3
BOM_502-2602,502-2602,5000,10000,3
BOM_502-2603,502-2603,1000,10000,3
BOM_502-2603,502-2603,2000,10000,3
BOM_502-2603,502-2603,5000,10000,3
BOM_502-2617,502-2617,1000,10000,3
BOM_502-2619,502-2619,1000,10000,3
BOM_502-2619,502-2619,2000,10000,3
BOM_502-2638,502-2638,1000,10000,3
BOM_502-2638_504-1976,502-2638,1000,-109,3
BOM_502-2647,502-2647,1000,10000,3
BOM_502-2648,502-2648,1000,10000,3
BOM_502-2708,502-2708,1000,10000,3
BOM_502-2709,502-2709,1000,10000,3
BOM_502-2709,502-2709,2000,10000,3
BOM_502-2723,502-2723,1000,10000,3
BOM_502-2723,502-2723,2000,10000,3
BOM_502-2729,502-2729,1000,10000,3
BOM_502-2729,502-2729,2000,10000,3
BOM_502-2730,502-2730,1000,10000,3
BOM_502-2730,502-2730,2000,10000,3
BOM_502-2776,502-2776,1000,10000,3
BOM_502-2776,502-2776,2000,10000,3
BOM_502-2783,502-2783,1000,10000,3
BOM_502-2784,502-2784,1000,10000,3
BOM_502-2795,502-2795,1000,10000,3
BOM_502-2806,502-2806,1000,10000,3
BOM_502-2806,502-2806,2000,10000,3
BOM_502-2810,502-2810,1000,10000,3
BOM_502-2810,502-2810,2000,10000,3
BOM_502-2842,502-2842,1000,10000,3
BOM_502-2842,502-2842,2000,10000,3
BOM_502-2848,502-2848,1000,10000,3
BOM_502-2848,502-2848,2000,10000,3
BOM_502-2856,502-2856,1000,10000,3
BOM_502-2856,502-2856,2000,10000,3
BOM_502-2881,502-2881,1000,10000,3
BOM_502-2881,502-2881,2000,10000,3
BOM_502-2894,502-2894,1000,10000,3
BOM_502-2895,502-2895,1000,10000,3
BOM_502-2921,502-2921,1000,10000,3
BOM_502-2921,502-2921,2000,10000,3
BOM_502-2923,502-2923,1000,10000,3
BOM_502-2923,502-2923,2000,10000,3
BOM_502-2935,502-2935,1000,10000,3
BOM_502-2936,502-2936,1000,10000,3
BOM_502-2937,502-2937,1000,10000,3
BOM_502-2938,502-2938,1000,10000,3
BOM_502-2945,502-2945,1000,10000,3
BOM_502-2945,502-2945,2000,10000,3
BOM_502-2956,502-2956,1000,10000,3
BOM_502-2956,502-2956,2000,10000,3
BOM_502-2957,502-2957,1000,10000,3
BOM_502-2957,502-2957,2000,10000,3
BOM_502-2991,502-2991,1000,10000,3
BOM_502-2991,502-2991,2000,10000,3
BOM_502-3023,502-3023,1000,10000,3
BOM_502-3023,502-3023,2000,10000,3
BOM_502-3058,502-3058,1000,10000,3
BOM_502-3058,502-3058,2000,10000,3
BOM_502-3059,502-3059,1000,10000,3
BOM_502-3059,502-3059,2000,10000,3
BOM_502-3060,502-3060,1000,10000,3
BOM_502-3060,502-3060,2000,10000,3
BOM_502-3061,502-3061,1000,10000,3
BOM_502-3061,502-3061,2000,10000,3
BOM_502-3062,502-3062,1000,10000,3
BOM_502-3062,502-3062,2000,10000,3
BOM_502-3063,502-3063,1000,10000,3
BOM_502-3063,502-3063,2000,10000,3
BOM_502-3093,502-3093,1000,10000,3
BOM_502-3093,502-3093,2000,10000,3
BOM_502-3124,502-3124,1000,10000,3
BOM_502-3184,502-3184,1000,10000,3
BOM_502-3184,502-3184,2000,10000,3
BOM_502-3188,502-3188,1000,10000,3
BOM_502-3188,502-3188,2000,10000,3
BOM_502-3189,502-3189,1000,10000,3
BOM_502-3207,502-3207,1000,10000,3
BOM_502-3207,502-3207,2000,10000,3
BOM_502-3423,502-3423,1000,10000,3
BOM_502-3423,502-3423,2000,10000,3
BOM_502-3424,502-3424,1000,10000,3
BOM_502-3424,502-3424,2000,10000,3
BOM_502-3450,502-3450,1000,10000,3
BOM_502-3450,502-3450,2000,10000,3
BOM_502-3502,502-3502,1000,10000,3
BOM_502-3519,502-3519,1000,10000,3
BOM_502-3520,502-3520,1000,10000,3
BOM_503-0084-ID,503-0084-ID,5000,10000,3
BOM_504-1319_SUB_PCBA,504-1319,SUB_PCBA,10000,3
BOM_504-1366_SUB_PCBA,504-1366,SUB_PCBA,10000,3
BOM_504-1369_SUB_PCBA,504-1369,SUB_PCBA,10000,3
BOM_504-1385-00_SUB_PCBA,504-1385-00,SUB_PCBA,10000,3
BOM_504-1399_SUB_PCBA,504-1399,SUB_PCBA,10000,3
BOM_504-1406,504-1406,1000,10000,3
BOM_504-1406,504-1406,2000,10000,3
BOM_504-1406_SUB_PCBA,504-1406,SUB_PCBA,10000,3
BOM_504-1482_SUB_PCBA,504-1482,SUB_PCBA,10000,3
BOM_504-1532_SUB_PCBA,504-1532,SUB_PCBA,10000,3
BOM_504-1532-R_SUB_PCBA,504-1532-R,SUB_PCBA,10000,3
BOM_504-1548_SUB_PCBA,504-1548,SUB_PCBA,10000,3
BOM_504-1550_SUB_PCBA,504-1550,SUB_PCBA,10000,3
BOM_504-1553,504-1553,1000,10000,3
BOM_504-1553,504-1553,2000,10000,3
BOM_504-1553_SUB_PCBA,504-1553,SUB_PCBA,10000,3
BOM_504-1584,504-1584,1000,10000,3
BOM_504-1584,504-1584,2000,10000,3
BOM_504-1585,504-1585,1000,10000,3
BOM_504-1585,504-1585,2000,10000,3
BOM_504-1612,504-1612,1000,10000,3
BOM_504-1612,504-1612,2000,10000,3
BOM_504-1612_SUB_PCBA,504-1612,SUB_PCBA,10000,3
BOM_504-1616_SUB_PCBA,504-1616,SUB_PCBA,10000,3
BOM_504-1693_SUB_PCBA,504-1693,SUB_PCBA,10000,3
BOM_504-1704,504-1704,1000,10000,3
BOM_504-1704,504-1704,2000,10000,3
BOM_504-1712,504-1712,1000,10000,3
BOM_504-1712,504-1712,2000,10000,3
BOM_504-1712_SUB_PCBA,504-1712,SUB_PCBA,10000,3
BOM_504-1718,504-1718,1000,10000,3
BOM_504-1718,504-1718,2000,10000,3
BOM_504-1718_SUB_PCBA,504-1718,SUB_PCBA,10000,3
BOM_504-1728_SUB_PCBA,504-1728,SUB_PCBA,10000,3
BOM_504-1747_SUB_PCBA,504-1747,SUB_PCBA,10000,3
BOM_504-1753_SUB_PCBA,504-1753,SUB_PCBA,10000,3
BOM_504-1815_SUB_PCBA,504-1815,SUB_PCBA,10000,3
BOM_504-1817_SUB_PCBA,504-1817,SUB_PCBA,10000,3
BOM_504-1818_SUB_PCBA,504-1818,SUB_PCBA,10000,3
BOM_504-1828,504-1828,1000,10000,3
BOM_504-1828,504-1828,2000,10000,3
BOM_504-1828_SUB_PCBA,504-1828,SUB_PCBA,10000,3
BOM_504-1829,504-1829,1000,10000,3
BOM_504-1829,504-1829,2000,10000,3
BOM_504-1829_SUB_PCBA,504-1829,SUB_PCBA,10000,3
BOM_504-1877_SUB_PCBA,504-1877,SUB_PCBA,10000,3
BOM_504-1878,504-1878,1000,10000,3
BOM_504-1878,504-1878,2000,10000,3
BOM_504-1878_SUB_PCBA,504-1878,SUB_PCBA,10000,3
BOM_504-1936,504-1936,1000,10000,3
BOM_504-1936,504-1936,2000,10000,3
BOM_504-1973,504-1973,1000,10000,3
BOM_504-1973,504-1973,2000,10000,3
BOM_504-1974,504-1974,1000,10000,3
BOM_504-1976,504-1976,1000,10000,3
BOM_504-1976,504-1976,2000,10000,3
BOM_504-1989,504-1989,1000,10000,3
BOM_504-1989,504-1989,2000,10000,3
BOM_504-2020-CD_SUB_PCBA,504-2020-CD,SUB_PCBA,10000,3
BOM_504-2042_SUB_PCBA,504-2042,SUB_PCBA,10000,3
BOM_504-2053_SUB_PCBA,504-2053,SUB_PCBA,10000,3
BOM_504-2063_SUB_PCBA,504-2063,SUB_PCBA,10000,3
BOM_504-2120-CD_SUB_PCBA,504-2120-CD,SUB_PCBA,10000,3
BOM_504-2129-CD_SUB_PCBA,504-2129-CD,SUB_PCBA,10000,3
BOM_541-0001_SUB_PCBA,541-0001,SUB_PCBA,10000,3
BOM_542-0007_SUB_PCBA,542-0007,SUB_PCBA,10000,3
BOM_562-0099,562-0099,5000,10000,3
BOM_562-0100,562-0100,5000,10000,3
BOM_562-0100_503-0084-ID,562-0100,5000,-97,3
BOM_F01__international_others,F01__international_others,VIRTUAL,-1,3
BOM_F02__818,F02__818,VIRTUAL,-84,3
BOM_F02__855,F02__855,VIRTUAL,-4,3
BOM_F02__855,F02__855,VIRTUAL,-3,3
BOM_F02__858,F02__858,VIRTUAL,-20,3
BOM_F02__858,F02__858,VIRTUAL,-3,3
BOM_F02__888,F02__888,VIRTUAL,-1,3
BOM_F02__898,F02__898,VIRTUAL,-503,3
BOM_F02__domestic_others,F02__domestic_others,VIRTUAL,-1744,3
BOM_F02__domestic_others,F02__domestic_others,VIRTUAL,-111,3
BOM_F02__domestic_others,F02__domestic_others,VIRTUAL,-19,3
BOM_F02__domestic_others,F02__domestic_others,VIRTUAL,-4,3
BOM_F02__domestic_others,F02__domestic_others,VIRTUAL,-3,3
BOM_F02__domestic_others,F02__domestic_others,VIRTUAL,-1,3
BOM_F02__international_others,F02__international_others,VIRTUAL,-118,3
BOM_F02__international_others,F02__international_others,VIRTUAL,-27,3
BOM_F02__international_others,F02__international_others,VIRTUAL,-3,3
BOM_F11,F11,VIRTUAL,-130,3
BOM_F11,F11,VIRTUAL,-1,3
BOM_F11__888,F11__888,VIRTUAL,-934,3
BOM_F11__888,F11__888,VIRTUAL,-1,3
BOM_F13,F13,VIRTUAL,-1,3
BOM_F13__domestic_others,F13__domestic_others,VIRTUAL,-178,3
BOM_F13__domestic_others,F13__domestic_others,VIRTUAL,-163,3
BOM_F13__domestic_others,F13__domestic_others,VIRTUAL,-88,3
BOM_F13__domestic_others,F13__domestic_others,VIRTUAL,-1,3
BOM_F13__international_others,F13__international_others,VIRTUAL,-721,3
BOM_F13__international_others,F13__international_others,VIRTUAL,-681,3
BOM_F13__international_others,F13__international_others,VIRTUAL,-193,3
BOM_F13__international_others,F13__international_others,VIRTUAL,-1,3
BOM_F28,F28,VIRTUAL,-2494,3
BOM_F28,F28,VIRTUAL,-1501,3
BOM_F28,F28,VIRTUAL,-1443,3
BOM_F28,F28,VIRTUAL,-678,3
BOM_F28,F28,VIRTUAL,-396,3
BOM_F28,F28,VIRTUAL,-276,3
BOM_F28,F28,VIRTUAL,-275,3
BOM_F28,F28,VIRTUAL,-220,3
BOM_F28,F28,VIRTUAL,-214,3
BOM_F28,F28,VIRTUAL,-131,3
BOM_F28,F28,VIRTUAL,-97,3
BOM_F28,F28,VIRTUAL,-86,3
BOM_F28,F28,VIRTUAL,-76,3
BOM_F28,F28,VIRTUAL,-73,3
BOM_F28,F28,VIRTUAL,-70,3
BOM_F28,F28,VIRTUAL,-66,3
BOM_F28,F28,VIRTUAL,-62,3
BOM_F28,F28,VIRTUAL,-52,3
BOM_F28,F28,VIRTUAL,-50,3
BOM_F28,F28,VIRTUAL,-36,3
BOM_F28,F28,VIRTUAL,-30,3
BOM_F28,F28,VIRTUAL,-25,3
BOM_F28,F28,VIRTUAL,-13,3
BOM_F28,F28,VIRTUAL,-9,3
BOM_F28,F28,VIRTUAL,-3,3
BOM_F28,F28,VIRTUAL,-2,3
BOM_F28,F28,VIRTUAL,-1,3
BOM_F28__677,F28__677,VIRTUAL,-2465,3
BOM_F28__677,F28__677,VIRTUAL,-1,3
BOM_F28__818,F28__818,VIRTUAL,-133,3
BOM_F28__818,F28__818,VIRTUAL,-20,3
BOM_F28__domestic_others,F28__domestic_others,VIRTUAL,-3,3
BOM_F28__domestic_others,F28__domestic_others,VIRTUAL,-1,3
BOM_F28__international_others,F28__international_others,VIRTUAL,-8,3
BOM_F29,F29,VIRTUAL,-13040,3
BOM_F29,F29,VIRTUAL,-483,3
BOM_F29,F29,VIRTUAL,-232,3
BOM_F29,F29,VIRTUAL,-226,3
BOM_F29,F29,VIRTUAL,-149,3
BOM_F29,F29,VIRTUAL,-132,3
BOM_F29,F29,VIRTUAL,-59,3
BOM_F29,F29,VIRTUAL,-22,3
BOM_F29,F29,VIRTUAL,-19,3
BOM_F29,F29,VIRTUAL,-11,3
BOM_F29,F29,VIRTUAL,-10,3
BOM_F29,F29,VIRTUAL,-1,3
BOM_F29__444,F29__444,VIRTUAL,-4,3
BOM_F29__677,F29__677,VIRTUAL,-29780,3
BOM_F29__677,F29__677,VIRTUAL,-3,3
BOM_F29__818,F29__818,VIRTUAL,-84,3
BOM_F29__828,F29__828,VIRTUAL,-1837,3
BOM_F29__828,F29__828,VIRTUAL,-582,3
BOM_F29__833,F29__833,VIRTUAL,-1,3
BOM_F29__855,F29__855,VIRTUAL,-4,3
BOM_F29__855,F29__855,VIRTUAL,-3,3
BOM_F29__858,F29__858,VIRTUAL,-29,3
BOM_F29__888,F29__888,VIRTUAL,-1,3
BOM_F29__898,F29__898,VIRTUAL,-503,3
BOM_F29__domestic_others,F29__domestic_others,VIRTUAL,-1744,3
BOM_F29__domestic_others,F29__domestic_others,VIRTUAL,-111,3
BOM_F29__domestic_others,F29__domestic_others,VIRTUAL,-19,3
BOM_F29__domestic_others,F29__domestic_others,VIRTUAL,-4,3
BOM_F29__domestic_others,F29__domestic_others,VIRTUAL,-3,3
BOM_F29__domestic_others,F29__domestic_others,VIRTUAL,-1,3
BOM_F29__international_others,F29__international_others,VIRTUAL,-4,3
BOM_F30,F30,VIRTUAL,-3985,3
BOM_F30,F30,VIRTUAL,-3555,3
BOM_F30,F30,VIRTUAL,-1720,3
BOM_F30,F30,VIRTUAL,-858,3
BOM_F30,F30,VIRTUAL,-810,3
BOM_F30,F30,VIRTUAL,-174,3
BOM_F30,F30,VIRTUAL,-131,3
BOM_F30,F30,VIRTUAL,-1,3
BOM_F30__818,F30__818,VIRTUAL,-4630,3
BOM_F30__818,F30__818,VIRTUAL,-54,3
BOM_F30__818,F30__818,VIRTUAL,-1,3
BOM_F30__833,F30__833,VIRTUAL,-1,3
BOM_F30__855,F30__855,VIRTUAL,-1188,3
BOM_F30__855,F30__855,VIRTUAL,-340,3
BOM_F30__855,F30__855,VIRTUAL,-1,3
BOM_F30__858,F30__858,VIRTUAL,-8832,3
BOM_F30__858,F30__858,VIRTUAL,-1,3
BOM_F30__888,F30__888,VIRTUAL,-7304,3
BOM_F30__888,F30__888,VIRTUAL,-537,3
BOM_F30__888,F30__888,VIRTUAL,-1,3
BOM_F30__898,F30__898,VIRTUAL,-174,3
BOM_F30__898,F30__898,VIRTUAL,-1,3
BOM_F30__domestic_others,F30__domestic_others,VIRTUAL,-178,3
BOM_F30__domestic_others,F30__domestic_others,VIRTUAL,-163,3
BOM_F30__domestic_others,F30__domestic_others,VIRTUAL,-88,3
BOM_F30__domestic_others,F30__domestic_others,VIRTUAL,-1,3
BOM_F31,F31,VIRTUAL,-440,3
BOM_F31,F31,VIRTUAL,-1,3
BOM_F31__818,F31__818,VIRTUAL,-3604,3
BOM_F31__818,F31__818,VIRTUAL,-314,3
BOM_F33,F33,VIRTUAL,-76,3
BOM_F33,F33,VIRTUAL,-47,3
BOM_F33,F33,VIRTUAL,-9,3
BOM_F33,F33,VIRTUAL,-2,3
BOM_F33,F33,VIRTUAL,-1,3
BOM_F33__858,F33__858,VIRTUAL,-946,3
BOM_F33__858,F33__858,VIRTUAL,-13,3
BOM_F33__888,F33__888,VIRTUAL,-1553,3
BOM_F33__888,F33__888,VIRTUAL,-1,3
BOM_F33__domestic_others,F33__domestic_others,VIRTUAL,-1,3
BOM_F35,F35,VIRTUAL,-593,3
BOM_F35,F35,VIRTUAL,-334,3
BOM_F35,F35,VIRTUAL,-312,3
BOM_F35,F35,VIRTUAL,-193,3
BOM_F35,F35,VIRTUAL,-178,3
BOM_F35,F35,VIRTUAL,-94,3
BOM_F35,F35,VIRTUAL,-61,3
BOM_F35,F35,VIRTUAL,-36,3
BOM_F35,F35,VIRTUAL,-10,3
BOM_F35,F35,VIRTUAL,-7,3
BOM_F35,F35,VIRTUAL,-1,3
BOM_F35__444,F35__444,VIRTUAL,-2089,3
BOM_F35__444,F35__444,VIRTUAL,-598,3
BOM_F35__444,F35__444,VIRTUAL,-6,3
BOM_F35__444,F35__444,VIRTUAL,-1,3
BOM_F35__633,F35__633,VIRTUAL,-212,3
BOM_F35__633,F35__633,VIRTUAL,-1,3
BOM_F35__688,F35__688,VIRTUAL,-2089,3
BOM_F35__688,F35__688,VIRTUAL,-598,3
BOM_F35__688,F35__688,VIRTUAL,-6,3
BOM_F35__688,F35__688,VIRTUAL,-1,3
BOM_F35__822,F35__822,VIRTUAL,-2089,3
BOM_F35__822,F35__822,VIRTUAL,-598,3
BOM_F35__822,F35__822,VIRTUAL,-6,3
BOM_F35__822,F35__822,VIRTUAL,-1,3
BOM_F35__858,F35__858,VIRTUAL,-86,3
BOM_F35__858,F35__858,VIRTUAL,-45,3
BOM_F35__888,F35__888,VIRTUAL,-2089,3
BOM_F35__888,F35__888,VIRTUAL,-598,3
BOM_F35__888,F35__888,VIRTUAL,-6,3
BOM_F35__888,F35__888,VIRTUAL,-1,3
BOM_F35__domestic_others,F35__domestic_others,VIRTUAL,-157,3
BOM_F35__domestic_others,F35__domestic_others,VIRTUAL,-24,3
BOM_F35__domestic_others,F35__domestic_others,VIRTUAL,-1,3
BOM_F35__international_others,F35__international_others,VIRTUAL,-195,3
BOM_F35__international_others,F35__international_others,VIRTUAL,-10,3
BOM_F35__international_others,F35__international_others,VIRTUAL,-1,3
BOM_F37,F37,VIRTUAL,-250,3
BOM_F37,F37,VIRTUAL,-41,3
BOM_F37,F37,VIRTUAL,-1,3
BOM_F37__858,F37__858,VIRTUAL,-3550,3
BOM_F37__858,F37__858,VIRTUAL,-1,3
BOM_F37__888,F37__888,VIRTUAL,-463,3
BOM_F37__888,F37__888,VIRTUAL,-1,3
BOM_F38,F38,VIRTUAL,-6,3
BOM_F38,F38,VIRTUAL,-1,3
BOM_F38__domestic_others,F38__domestic_others,VIRTUAL,-7,3
BOM_F38__international_others,F38__international_others,VIRTUAL,-1,3
BOM_F40,F40,VIRTUAL,-232,3
BOM_F40,F40,VIRTUAL,-54,3
BOM_F40,F40,VIRTUAL,-1,3
BOM_F40__818,F40__818,VIRTUAL,-4630,3
BOM_F40__818,F40__818,VIRTUAL,-54,3
BOM_F40__818,F40__818,VIRTUAL,-1,3
BOM_F40__833,F40__833,VIRTUAL,-1,3
BOM_F40__855,F40__855,VIRTUAL,-1188,3
BOM_F40__855,F40__855,VIRTUAL,-340,3
BOM_F40__855,F40__855,VIRTUAL,-1,3
BOM_F40__898,F40__898,VIRTUAL,-1188,3
BOM_F40__898,F40__898,VIRTUAL,-340,3
BOM_F40__898,F40__898,VIRTUAL,-1,3
BOM_F40__domestic_others,F40__domestic_others,VIRTUAL,-178,3
BOM_F40__domestic_others,F40__domestic_others,VIRTUAL,-163,3
BOM_F40__domestic_others,F40__domestic_others,VIRTUAL,-88,3
BOM_F40__domestic_others,F40__domestic_others,VIRTUAL,-1,3
BOM_G10,G10,VIRTUAL,-1,3
BOM_G10__domestic_others,G10__domestic_others,VIRTUAL,-3,3
BOM_G10__international_others,G10__international_others,VIRTUAL,-3,3
BOM_M09,M09,VIRTUAL,-1,3
BOM_M09__666,M09__666,VIRTUAL,-1,3
BOM_M51,M51,VIRTUAL,-2502,3
BOM_M51,M51,VIRTUAL,-1841,3
BOM_M51,M51,VIRTUAL,-696,3
BOM_M51,M51,VIRTUAL,-379,3
BOM_M51,M51,VIRTUAL,-163,3
BOM_M51,M51,VIRTUAL,-109,3
BOM_M51,M51,VIRTUAL,-62,3
BOM_M51,M51,VIRTUAL,-22,3
BOM_M51,M51,VIRTUAL,-19,3
BOM_M51,M51,VIRTUAL,-1,3
BOM_M51__633,M51__633,VIRTUAL,-1,3
BOM_M51__655,M51__655,VIRTUAL,-1,3
BOM_M51__666,M51__666,VIRTUAL,-8,3
BOM_M51__666,M51__666,VIRTUAL,-1,3
BOM_M51__677,M51__677,VIRTUAL,-2901,3
BOM_M51__677,M51__677,VIRTUAL,-41,3
BOM_M51__677,M51__677,VIRTUAL,-34,3
BOM_M51__688,M51__688,VIRTUAL,-1,3
BOM_M51__818,M51__818,VIRTUAL,-4630,3
BOM_M51__818,M51__818,VIRTUAL,-54,3
BOM_M51__818,M51__818,VIRTUAL,-1,3
BOM_M51__828,M51__828,VIRTUAL,-1,3
BOM_M51__855,M51__855,VIRTUAL,-1188,3
BOM_M51__855,M51__855,VIRTUAL,-340,3
BOM_M51__855,M51__855,VIRTUAL,-1,3
BOM_M51__858,M51__858,VIRTUAL,-8832,3
BOM_M51__858,M51__858,VIRTUAL,-1,3
BOM_M51__888,M51__888,VIRTUAL,-1,3
BOM_M51__898,M51__898,VIRTUAL,-174,3
BOM_M51__898,M51__898,VIRTUAL,-1,3
BOM_M51__domestic_others,M51__domestic_others,VIRTUAL,-178,3
BOM_M51__domestic_others,M51__domestic_others,VIRTUAL,-163,3
BOM_M51__domestic_others,M51__domestic_others,VIRTUAL,-88,3
BOM_M51__domestic_others,M51__domestic_others,VIRTUAL,-1,3
BOM_M53,M53,VIRTUAL,-8917,3
BOM_M53,M53,VIRTUAL,-1,3
BOM_M53__677,M53__677,VIRTUAL,-8882,3
BOM_M53__677,M53__677,VIRTUAL,-1,3
BOM_M91,M91,VIRTUAL,-1,3
BOM_M91__898,M91__898,VIRTUAL,-1,3
BOM_TF-FCxxx-M00__domestic_others,TF-FCxxx-M00__domestic_others,VIRTUAL,0,3
BOM_TF-FCxxx-M00__international_others,TF-FCxxx-M00__international_others,VIRTUAL,-54,3
BOM_TF-FCxxx-M00__international_others,TF-FCxxx-M00__international_others,VIRTUAL,-1,3
BOM_TF-FCxxx-N00__677,TF-FCxxx-N00__677,VIRTUAL,-217,3
BOM_TF-FCxxx-N00__677,TF-FCxxx-N00__677,VIRTUAL,-6,3
BOM_TF-FCxxx-N00__677,TF-FCxxx-N00__677,VIRTUAL,-1,3
BOM_TF-FCxxx-N00__677,TF-FCxxx-N00__677,VIRTUAL,0,3
BOM_TF-FCxxx-N00__domestic_others,TF-FCxxx-N00__domestic_others,VIRTUAL,-10,3
BOM_TF-FCxxx-N00__domestic_others,TF-FCxxx-N00__domestic_others,VIRTUAL,-8,3
BOM_TF-FCxxx-N00__domestic_others,TF-FCxxx-N00__domestic_others,VIRTUAL,-7,3
BOM_TF-FCxxx-N00__domestic_others,TF-FCxxx-N00__domestic_others,VIRTUAL,-3,3
BOM_TF-FCxxx-N00__domestic_others,TF-FCxxx-N00__domestic_others,VIRTUAL,-1,3
BOM_TF-FCxxx-N00__domestic_others,TF-FCxxx-N00__domestic_others,VIRTUAL,0,3
BOM_TF-FCxxx-N00__international_others,TF-FCxxx-N00__international_others,VIRTUAL,0,3
BOM_TF-FCxxx-NAA__818,TF-FCxxx-NAA__818,VIRTUAL,-131,3
BOM_TF-FCxxx-NAA__818,TF-FCxxx-NAA__818,VIRTUAL,-18,3
BOM_TF-FCxxx-NAA__818,TF-FCxxx-NAA__818,VIRTUAL,-3,3
BOM_TF-FCxxx-NC4__677,TF-FCxxx-NC4__677,VIRTUAL,-4809,3
BOM_TF-FCxxx-NC4__677,TF-FCxxx-NC4__677,VIRTUAL,-3140,3
BOM_TF-FCxxx-NC4__677,TF-FCxxx-NC4__677,VIRTUAL,-2320,3
BOM_TF-FCxxx-NC4__677,TF-FCxxx-NC4__677,VIRTUAL,-2218,3
BOM_TF-FCxxx-NC4__677,TF-FCxxx-NC4__677,VIRTUAL,-1778,3
BOM_TF-FCxxx-NC4__677,TF-FCxxx-NC4__677,VIRTUAL,-1482,3
BOM_TF-FCxxx-NC4__677,TF-FCxxx-NC4__677,VIRTUAL,-1179,3
BOM_TF-FCxxx-NC4__677,TF-FCxxx-NC4__677,VIRTUAL,-892,3
BOM_TF-FCxxx-NC4__677,TF-FCxxx-NC4__677,VIRTUAL,-577,3
BOM_TF-FCxxx-NC4__677,TF-FCxxx-NC4__677,VIRTUAL,-275,3
BOM_TF-FCxxx-NC4__677,TF-FCxxx-NC4__677,VIRTUAL,-213,3
BOM_TF-FCxxx-NC4__677,TF-FCxxx-NC4__677,VIRTUAL,-155,3
BOM_TF-FCxxx-NC4__677,TF-FCxxx-NC4__677,VIRTUAL,-135,3
BOM_TF-FCxxx-NC4__677,TF-FCxxx-NC4__677,VIRTUAL,-96,3
BOM_TF-FCxxx-NC4__677,TF-FCxxx-NC4__677,VIRTUAL,-75,3
BOM_TF-FCxxx-NC4__677,TF-FCxxx-NC4__677,VIRTUAL,-72,3
BOM_TF-FCxxx-NC4__677,TF-FCxxx-NC4__677,VIRTUAL,-61,3
BOM_TF-FCxxx-NC4__677,TF-FCxxx-NC4__677,VIRTUAL,-51,3
BOM_TF-FCxxx-NC4__677,TF-FCxxx-NC4__677,VIRTUAL,-24,3
BOM_TF-FCxxx-NC4__677,TF-FCxxx-NC4__677,VIRTUAL,0,3
BOM_TF-FPQYxxx-M00__domestic_others,TF-FPQYxxx-M00__domestic_others,VIRTUAL,-1,3
BOM_TF-FPQYxxx-M00__domestic_others,TF-FPQYxxx-M00__domestic_others,VIRTUAL,0,3
BOM_TF-FPQYxxx-M00__international_others,TF-FPQYxxx-M00__international_others,VIRTUAL,-24,3
BOM_TF-FPQYxxx-M00__international_others,TF-FPQYxxx-M00__international_others,VIRTUAL,-1,3
BOM_TF-FPQYxxx-N00__domestic_others,TF-FPQYxxx-N00__domestic_others,VIRTUAL,-2,3
BOM_TF-FPQYxxx-N00__domestic_others,TF-FPQYxxx-N00__domestic_others,VIRTUAL,-1,3
BOM_TF-FPQYxxx-N00__domestic_others,TF-FPQYxxx-N00__domestic_others,VIRTUAL,0,3
BOM_TF-FPQYxxx-NJC__898,TF-FPQYxxx-NJC__898,VIRTUAL,0,3
BOM_TR-FC13H-H00__888,TR-FC13H-H00__888,VIRTUAL,-11216,3
BOM_TR-FC13H-H00__888,TR-FC13H-H00__888,VIRTUAL,0,3
BOM_TR-FC13H-HCI__677,TR-FC13H-HCI__677,VIRTUAL,-8880,3
BOM_TR-FC13H-HCI__677,TR-FC13H-HCI__677,VIRTUAL,0,3
BOM_TR-FC13H-HF3__678,TR-FC13H-HF3__678,VIRTUAL,-3,3
BOM_TR-FC13H-HF3__678,TR-FC13H-HF3__678,VIRTUAL,0,3
BOM_TR-FC13H-HFB__678,TR-FC13H-HFB__678,VIRTUAL,0,3
BOM_TR-FC13P-H00__666,TR-FC13P-H00__666,VIRTUAL,0,3
BOM_TR-FC13T-H00__888,TR-FC13T-H00__888,VIRTUAL,0,3
BOM_TR-FC13T-N00__655,TR-FC13T-N00__655,VIRTUAL,0,3
BOM_TR-FC13T-N00__818,TR-FC13T-N00__818,VIRTUAL,-4627,3
BOM_TR-FC13T-N00__818,TR-FC13T-N00__818,VIRTUAL,-53,3
BOM_TR-FC13T-N00__818,TR-FC13T-N00__818,VIRTUAL,0,3
BOM_TR-FC13T-N00__833,TR-FC13T-N00__833,VIRTUAL,0,3
BOM_TR-FC13T-N00__855,TR-FC13T-N00__855,VIRTUAL,-1185,3
BOM_TR-FC13T-N00__855,TR-FC13T-N00__855,VIRTUAL,-338,3
BOM_TR-FC13T-N00__855,TR-FC13T-N00__855,VIRTUAL,0,3
BOM_TR-FC13T-N00__888,TR-FC13T-N00__888,VIRTUAL,-7301,3
BOM_TR-FC13T-N00__888,TR-FC13T-N00__888,VIRTUAL,-535,3
BOM_TR-FC13T-N00__888,TR-FC13T-N00__888,VIRTUAL,0,3
BOM_TR-FC13T-N00__domestic_others,TR-FC13T-N00__domestic_others,VIRTUAL,-174,3
BOM_TR-FC13T-N00__domestic_others,TR-FC13T-N00__domestic_others,VIRTUAL,-162,3
BOM_TR-FC13T-N00__domestic_others,TR-FC13T-N00__domestic_others,VIRTUAL,-87,3
BOM_TR-FC13T-N00__domestic_others,TR-FC13T-N00__domestic_others,VIRTUAL,0,3
BOM_TR-FC13T-N00__international_others,TR-FC13T-N00__international_others,VIRTUAL,-720,3
BOM_TR-FC13T-N00__international_others,TR-FC13T-N00__international_others,VIRTUAL,-676,3
BOM_TR-FC13T-N00__international_others,TR-FC13T-N00__international_others,VIRTUAL,-191,3
BOM_TR-FC13T-N00__international_others,TR-FC13T-N00__international_others,VIRTUAL,0,3
BOM_TR-FC13T-N00-H3C__858,TR-FC13T-N00-H3C__858,VIRTUAL,-8831,3
BOM_TR-FC13T-N00-H3C__858,TR-FC13T-N00-H3C__858,VIRTUAL,0,3
BOM_TR-FC13T-N4T__858,TR-FC13T-N4T__858,VIRTUAL,-942,3
BOM_TR-FC13T-N4T__858,TR-FC13T-N4T__858,VIRTUAL,-11,3
BOM_TR-FC13T-N4T__888,TR-FC13T-N4T__888,VIRTUAL,-1551,3
BOM_TR-FC13T-N4T__888,TR-FC13T-N4T__888,VIRTUAL,0,3
BOM_TR-FC13T-N4T-H3C__858,TR-FC13T-N4T-H3C__858,VIRTUAL,-217,3
BOM_TR-FC13T-N4T-H3C__858,TR-FC13T-N4T-H3C__858,VIRTUAL,0,3
BOM_TR-FC13T-N4T-NBK__domestic_others,TR-FC13T-N4T-NBK__domestic_others,VIRTUAL,0,3
BOM_TR-FC13T-N4X__858,TR-FC13T-N4X__858,VIRTUAL,-84,3
BOM_TR-FC13T-N4X__858,TR-FC13T-N4X__858,VIRTUAL,-42,3
BOM_TR-FC13T-N4X__888,TR-FC13T-N4X__888,VIRTUAL,-2086,3
BOM_TR-FC13T-N4X__888,TR-FC13T-N4X__888,VIRTUAL,-596,3
BOM_TR-FC13T-N4X__888,TR-FC13T-N4X__888,VIRTUAL,-3,3
BOM_TR-FC13T-N4X__888,TR-FC13T-N4X__888,VIRTUAL,0,3
BOM_TR-FC13T-N4X-H3C__858,TR-FC13T-N4X-H3C__858,VIRTUAL,-497,3
BOM_TR-FC13T-N4X-H3C__858,TR-FC13T-N4X-H3C__858,VIRTUAL,0,3
BOM_TR-FC13T-NAM__688,TR-FC13T-NAM__688,VIRTUAL,0,3
BOM_TR-FC13T-NAZ__688,TR-FC13T-NAZ__688,VIRTUAL,0,3
BOM_TR-FC13T-NBK__domestic_others,TR-FC13T-NBK__domestic_others,VIRTUAL,-952,3
BOM_TR-FC13T-NBK__domestic_others,TR-FC13T-NBK__domestic_others,VIRTUAL,-1,3
BOM_TR-FC13T-NBK__domestic_others,TR-FC13T-NBK__domestic_others,VIRTUAL,0,3
BOM_TR-FC13T-NCI__677,TR-FC13T-NCI__677,VIRTUAL,-2898,3
BOM_TR-FC13T-NCI__677,TR-FC13T-NCI__677,VIRTUAL,-39,3
BOM_TR-FC13T-NCI__677,TR-FC13T-NCI__677,VIRTUAL,-32,3
BOM_TR-FC13T-NGL__666,TR-FC13T-NGL__666,VIRTUAL,-7,3
BOM_TR-FC13T-NGL__666,TR-FC13T-NGL__666,VIRTUAL,0,3
BOM_TR-FC13T-NJ3__633,TR-FC13T-NJ3__633,VIRTUAL,0,3
BOM_TR-FC13T-NTC__898,TR-FC13T-NTC__898,VIRTUAL,-173,3
BOM_TR-FC13T-NTC__898,TR-FC13T-NTC__898,VIRTUAL,0,3
BOM_TR-FC13T-NTD__898,TR-FC13T-NTD__898,VIRTUAL,0,3
BOM_TR-FC13T-NW1__688,TR-FC13T-NW1__688,VIRTUAL,0,3
BOM_TR-FC13T-NWB__688,TR-FC13T-NWB__688,VIRTUAL,-7262,3
BOM_TR-FC13T-NWB__688,TR-FC13T-NWB__688,VIRTUAL,0,3
BOM_TR-FC13T-NWD__688,TR-FC13T-NWD__688,VIRTUAL,-4087,3
BOM_TR-FC13T-THP__858,TR-FC13T-THP__858,VIRTUAL,0,3
BOM_TR-FC13T-XHP__858,TR-FC13T-XHP__858,VIRTUAL,-165,3
BOM_TR-FC13T-XHP__858,TR-FC13T-XHP__858,VIRTUAL,-17,3
BOM_TR-FC85G-NCI__677,TR-FC85G-NCI__677,VIRTUAL,-1258,3
BOM_TR-FC85S-N00__818,TR-FC85S-N00__818,VIRTUAL,-82,3
BOM_TR-FC85S-N00__833,TR-FC85S-N00__833,VIRTUAL,0,3
BOM_TR-FC85S-N00__855,TR-FC85S-N00__855,VIRTUAL,-2,3
BOM_TR-FC85S-N00__855,TR-FC85S-N00__855,VIRTUAL,-1,3
BOM_TR-FC85S-N00__858,TR-FC85S-N00__858,VIRTUAL,-18,3
BOM_TR-FC85S-N00__858,TR-FC85S-N00__858,VIRTUAL,-1,3
BOM_TR-FC85S-N00__888,TR-FC85S-N00__888,VIRTUAL,0,3
BOM_TR-FC85S-N00__domestic_others,TR-FC85S-N00__domestic_others,VIRTUAL,-1741,3
BOM_TR-FC85S-N00__domestic_others,TR-FC85S-N00__domestic_others,VIRTUAL,-109,3
BOM_TR-FC85S-N00__domestic_others,TR-FC85S-N00__domestic_others,VIRTUAL,-17,3
BOM_TR-FC85S-N00__domestic_others,TR-FC85S-N00__domestic_others,VIRTUAL,-2,3
BOM_TR-FC85S-N00__domestic_others,TR-FC85S-N00__domestic_others,VIRTUAL,-1,3
BOM_TR-FC85S-N00__domestic_others,TR-FC85S-N00__domestic_others,VIRTUAL,0,3
BOM_TR-FC85S-N00__international_others,TR-FC85S-N00__international_others,VIRTUAL,-115,3
BOM_TR-FC85S-N00__international_others,TR-FC85S-N00__international_others,VIRTUAL,-24,3
BOM_TR-FC85S-N00__international_others,TR-FC85S-N00__international_others,VIRTUAL,-1,3
BOM_TR-FC85S-N00-H3C__858,TR-FC85S-N00-H3C__858,VIRTUAL,-151,3
BOM_TR-FC85S-NB2__677,TR-FC85S-NB2__677,VIRTUAL,-943,3
BOM_TR-FC85S-NB2__677,TR-FC85S-NB2__677,VIRTUAL,-21,3
BOM_TR-FC85S-NBK__domestic_others,TR-FC85S-NBK__domestic_others,VIRTUAL,0,3
BOM_TR-FC85S-NC3__677,TR-FC85S-NC3__677,VIRTUAL,-29777,3
BOM_TR-FC85S-NC3__677,TR-FC85S-NC3__677,VIRTUAL,-1,3
BOM_TR-FC85S-NCE__international_others,TR-FC85S-NCE__international_others,VIRTUAL,-1,3
BOM_TR-FC85S-NHP__858,TR-FC85S-NHP__858,VIRTUAL,-28,3
BOM_TR-FC85S-NPT__international_others,TR-FC85S-NPT__international_others,VIRTUAL,-2,3
BOM_TR-FC85S-NTC__898,TR-FC85S-NTC__898,VIRTUAL,-499,3
BOM_TR-FC85S-NZT__828,TR-FC85S-NZT__828,VIRTUAL,-1834,3
BOM_TR-FC85S-NZT__828,TR-FC85S-NZT__828,VIRTUAL,-578,3
BOM_TR-FD13T-N00__domestic_others,TR-FD13T-N00__domestic_others,VIRTUAL,0,3
BOM_TR-FD13T-N00__international_others,TR-FD13T-N00__international_others,VIRTUAL,0,3
BOM_TR-FD13T-NAR__655,TR-FD13T-NAR__655,VIRTUAL,0,3
BOM_TR-QQ13L-N00__domestic_others,TR-QQ13L-N00__domestic_others,VIRTUAL,-154,3
BOM_TR-QQ13L-N00__domestic_others,TR-QQ13L-N00__domestic_others,VIRTUAL,-22,3
BOM_TR-QQ13L-N00__domestic_others,TR-QQ13L-N00__domestic_others,VIRTUAL,0,3
BOM_TR-QQ13L-N00__international_others,TR-QQ13L-N00__international_others,VIRTUAL,-192,3
BOM_TR-QQ13L-N00__international_others,TR-QQ13L-N00__international_others,VIRTUAL,-8,3
BOM_TR-QQ13L-N00__international_others,TR-QQ13L-N00__international_others,VIRTUAL,0,3
BOM_TR-QQ13L-NBK__domestic_others,TR-QQ13L-NBK__domestic_others,VIRTUAL,-3,3
BOM_TR-QQ13L-NGM__international_others,TR-QQ13L-NGM__international_others,VIRTUAL,-8,3
BOM_TR-QQ13L-NGM__international_others,TR-QQ13L-NGM__international_others,VIRTUAL,0,3
BOM_TR-QQ13L-NI2__international_others,TR-QQ13L-NI2__international_others,VIRTUAL,0,3
BOM_TR-QQ13L-NJC__633,TR-QQ13L-NJC__633,VIRTUAL,-209,3
BOM_TR-QQ13L-NJC__633,TR-QQ13L-NJC__633,VIRTUAL,0,3
BOM_TR-QQ13Y-N00__858,TR-QQ13Y-N00__858,VIRTUAL,-3547,3
BOM_TR-QQ13Y-N00__858,TR-QQ13Y-N00__858,VIRTUAL,0,3
BOM_TR-QQ13Y-N00__888,TR-QQ13Y-N00__888,VIRTUAL,-460,3
BOM_TR-QQ13Y-N00__888,TR-QQ13Y-N00__888,VIRTUAL,0,3
BOM_TR-QQ85S-N00__domestic_others,TR-QQ85S-N00__domestic_others,VIRTUAL,-608,3
BOM_TR-QQ85S-N00__international_others,TR-QQ85S-N00__international_others,VIRTUAL,-2,3
BOM_TR-QQ85S-NBK__domestic_others,TR-QQ85S-NBK__domestic_others,VIRTUAL,0,3
BOM_TR-QQ85X-N00__domestic_others,TR-QQ85X-N00__domestic_others,VIRTUAL,-6,3
BOM_TR-QQ85X-NPT__international_others,TR-QQ85X-NPT__international_others,VIRTUAL,0,3
BOM_VirtualProduct_223-0011_A1_282-0040_SUB_PCBA,VirtualProduct_223-0011_A1,SUB_PCBA,-140,0
BOM_VirtualProduct_223-0012_A1_280-0848_SUB_PCBA,VirtualProduct_223-0012_A1,SUB_PCBA,-140,0
BOM_VirtualProduct_260-0141-01_A1_223-0011,VirtualProduct_260-0141-01_A1,1000,0,0
BOM_VirtualProduct_260-0141-01_A1_223-0011,VirtualProduct_260-0141-01_A1,2000,-23126,0
BOM_VirtualProduct_260-0141-01_A1_280-1133,VirtualProduct_260-0141-01_A1,1000,-140,0
BOM_VirtualProduct_260-0141-01_A1_280-1133,VirtualProduct_260-0141-01_A1,2000,-359,0
BOM_VirtualProduct_260-0141-01_C1_223-0012,VirtualProduct_260-0141-01_C1,1000,0,0
BOM_VirtualProduct_260-0141-01_C1_223-0012,VirtualProduct_260-0141-01_C1,2000,-20940,0
BOM_VirtualProduct_260-0141-01_C1_280-1020,VirtualProduct_260-0141-01_C1,1000,-140,0
BOM_VirtualProduct_260-0141-01_C1_280-1020,VirtualProduct_260-0141-01_C1,2000,-140,0
BOM_VirtualProduct_260-0141-02_A1_223-0012,VirtualProduct_260-0141-02_A1,1000,-140,0
BOM_VirtualProduct_260-0141-02_A1_223-0012,VirtualProduct_260-0141-02_A1,2000,-21080,0
BOM_VirtualProduct_260-0141-02_A1_280-1020,VirtualProduct_260-0141-02_A1,1000,0,0
BOM_VirtualProduct_260-0141-02_A1_280-1020,VirtualProduct_260-0141-02_A1,2000,0,0
BOM_VirtualProduct_260-0141-02_B1_280-1160-02,VirtualProduct_260-0141-02_B1,1000,0,0
BOM_VirtualProduct_260-0141-02_B1_280-1160-02,VirtualProduct_260-0141-02_B1,2000,0,0
BOM_VirtualProduct_260-0141-02_B1_280-1663,VirtualProduct_260-0141-02_B1,1000,-140,0
BOM_VirtualProduct_260-0141-02_B1_280-1663,VirtualProduct_260-0141-02_B1,2000,-394,0
BOM_VirtualProduct_260-0141-02_C1_223-0011,VirtualProduct_260-0141-02_C1,1000,-140,0
BOM_VirtualProduct_260-0141-02_C1_223-0011,VirtualProduct_260-0141-02_C1,2000,-23266,0
BOM_VirtualProduct_260-0141-02_C1_280-1133,VirtualProduct_260-0141-02_C1,1000,0,0
BOM_VirtualProduct_260-0141-02_C1_280-1133,VirtualProduct_260-0141-02_C1,2000,-219,0
BOM_VirtualProduct_260-0141-02-R_A1_280-1020,VirtualProduct_260-0141-02-R_A1,1000,0,0
BOM_VirtualProduct_260-0141-02-R_A1_280-1020,VirtualProduct_260-0141-02-R_A1,2000,0,0
BOM_VirtualProduct_260-0141-02-R_A1_280-1020-R,VirtualProduct_260-0141-02-R_A1,1000,-140,0
BOM_VirtualProduct_260-0141-02-R_A1_280-1020-R,VirtualProduct_260-0141-02-R_A1,2000,-140,0
BOM_VirtualProduct_260-0141-02-R_A4_280-0791,VirtualProduct_260-0141-02-R_A4,1000,0,0
BOM_VirtualProduct_260-0141-02-R_A4_280-0791,VirtualProduct_260-0141-02-R_A4,2000,-71381,0
BOM_VirtualProduct_260-0141-02-R_B1_280-1160-02-R,VirtualProduct_260-0141-02-R_B1,1000,-140,0
BOM_VirtualProduct_260-0141-02-R_B1_280-1160-02-R,VirtualProduct_260-0141-02-R_B1,2000,-140,0
BOM_VirtualProduct_260-0141-02-R_B1_280-1663-R,VirtualProduct_260-0141-02-R_B1,1000,0,0
BOM_VirtualProduct_260-0141-02-R_B1_280-1663-R,VirtualProduct_260-0141-02-R_B1,2000,0,0
BOM_VirtualProduct_260-0141-03_A1_280-1160-03,VirtualProduct_260-0141-03_A1,1000,0,0
BOM_VirtualProduct_260-0141-03_A1_280-1160-03,VirtualProduct_260-0141-03_A1,2000,0,0
BOM_VirtualProduct_260-0141-03_A1_280-1802,VirtualProduct_260-0141-03_A1,1000,-140,0
BOM_VirtualProduct_260-0141-03_A1_280-1802,VirtualProduct_260-0141-03_A1,2000,-140,0
BOM_VirtualProduct_260-0141-03_B1_223-0011,VirtualProduct_260-0141-03_B1,1000,0,0
BOM_VirtualProduct_260-0141-03_B1_223-0011,VirtualProduct_260-0141-03_B1,2000,-23126,0
BOM_VirtualProduct_260-0141-03_B1_280-1133,VirtualProduct_260-0141-03_B1,1000,-140,0
BOM_VirtualProduct_260-0141-03_B1_280-1133,VirtualProduct_260-0141-03_B1,2000,-359,0
BOM_VirtualProduct_260-0141-03_C1_223-0012,VirtualProduct_260-0141-03_C1,1000,0,0
BOM_VirtualProduct_260-0141-03_C1_223-0012,VirtualProduct_260-0141-03_C1,2000,-20940,0
BOM_VirtualProduct_260-0141-03_C1_280-1020,VirtualProduct_260-0141-03_C1,1000,-140,0
BOM_VirtualProduct_260-0141-03_C1_280-1020,VirtualProduct_260-0141-03_C1,2000,-140,0
BOM_VirtualProduct_260-0141-04_A1_280-1160-04,VirtualProduct_260-0141-04_A1,1000,0,0
BOM_VirtualProduct_260-0141-04_A1_280-1160-04,VirtualProduct_260-0141-04_A1,2000,0,0
BOM_VirtualProduct_260-0141-04_A1_280-1803,VirtualProduct_260-0141-04_A1,1000,-140,0
BOM_VirtualProduct_260-0141-04_A1_280-1803,VirtualProduct_260-0141-04_A1,2000,-140,0
BOM_VirtualProduct_260-0141-04_B1_223-0011,VirtualProduct_260-0141-04_B1,1000,0,0
BOM_VirtualProduct_260-0141-04_B1_223-0011,VirtualProduct_260-0141-04_B1,2000,-23126,0
BOM_VirtualProduct_260-0141-04_B1_280-1133,VirtualProduct_260-0141-04_B1,1000,-140,0
BOM_VirtualProduct_260-0141-04_B1_280-1133,VirtualProduct_260-0141-04_B1,2000,-359,0
BOM_VirtualProduct_260-0141-04_C1_223-0012,VirtualProduct_260-0141-04_C1,1000,0,0
BOM_VirtualProduct_260-0141-04_C1_223-0012,VirtualProduct_260-0141-04_C1,2000,-20940,0
BOM_VirtualProduct_260-0141-04_C1_280-1020,VirtualProduct_260-0141-04_C1,1000,-140,0
BOM_VirtualProduct_260-0141-04_C1_280-1020,VirtualProduct_260-0141-04_C1,2000,-140,0
BOM_VirtualProduct_260-0149_A1_280-1158,VirtualProduct_260-0149_A1,1000,0,0
BOM_VirtualProduct_260-0149_A1_280-1158,VirtualProduct_260-0149_A1,2000,0,0
BOM_VirtualProduct_260-0152-01_B1_223-0011,VirtualProduct_260-0152-01_B1,1000,0,0
BOM_VirtualProduct_260-0152-01_B1_223-0011,VirtualProduct_260-0152-01_B1,2000,-23126,0
BOM_VirtualProduct_260-0152-01_B1_280-1133,VirtualProduct_260-0152-01_B1,1000,-140,0
BOM_VirtualProduct_260-0152-01_B1_280-1133,VirtualProduct_260-0152-01_B1,2000,-359,0
BOM_VirtualProduct_260-0152-01_C1_223-0012,VirtualProduct_260-0152-01_C1,1000,0,0
BOM_VirtualProduct_260-0152-01_C1_223-0012,VirtualProduct_260-0152-01_C1,2000,-20940,0
BOM_VirtualProduct_260-0152-01_C1_280-1020,VirtualProduct_260-0152-01_C1,1000,-140,0
BOM_VirtualProduct_260-0152-01_C1_280-1020,VirtualProduct_260-0152-01_C1,2000,-140,0
BOM_VirtualProduct_260-0152-02_A1_280-1192-02,VirtualProduct_260-0152-02_A1,1000,0,0
BOM_VirtualProduct_260-0152-02_A1_280-1192-02,VirtualProduct_260-0152-02_A1,2000,0,0
BOM_VirtualProduct_260-0152-02_A1_280-1811,VirtualProduct_260-0152-02_A1,1000,-140,0
BOM_VirtualProduct_260-0152-02_A1_280-1811,VirtualProduct_260-0152-02_A1,2000,-858,0
BOM_VirtualProduct_260-0152-02_B1_223-0011,VirtualProduct_260-0152-02_B1,1000,-140,0
BOM_VirtualProduct_260-0152-02_B1_223-0011,VirtualProduct_260-0152-02_B1,2000,-23266,0
BOM_VirtualProduct_260-0152-02_B1_280-1133,VirtualProduct_260-0152-02_B1,1000,0,0
BOM_VirtualProduct_260-0152-02_B1_280-1133,VirtualProduct_260-0152-02_B1,2000,-219,0
BOM_VirtualProduct_260-0152-02_C1_223-0012,VirtualProduct_260-0152-02_C1,1000,-140,0
BOM_VirtualProduct_260-0152-02_C1_223-0012,VirtualProduct_260-0152-02_C1,2000,-21080,0
BOM_VirtualProduct_260-0152-02_C1_280-1020,VirtualProduct_260-0152-02_C1,1000,0,0
BOM_VirtualProduct_260-0152-02_C1_280-1020,VirtualProduct_260-0152-02_C1,2000,0,0
BOM_VirtualProduct_260-0152-03_A1_223-0011,VirtualProduct_260-0152-03_A1,1000,0,0
BOM_VirtualProduct_260-0152-03_A1_223-0011,VirtualProduct_260-0152-03_A1,2000,-23126,0
BOM_VirtualProduct_260-0152-03_A1_280-1133,VirtualProduct_260-0152-03_A1,1000,-140,0
BOM_VirtualProduct_260-0152-03_A1_280-1133,VirtualProduct_260-0152-03_A1,2000,-359,0
BOM_VirtualProduct_260-0152-03_B1_280-1192-03,VirtualProduct_260-0152-03_B1,1000,0,0
BOM_VirtualProduct_260-0152-03_B1_280-1192-03,VirtualProduct_260-0152-03_B1,2000,0,0
BOM_VirtualProduct_260-0152-03_B1_280-1814,VirtualProduct_260-0152-03_B1,1000,-140,0
BOM_VirtualProduct_260-0152-03_B1_280-1814,VirtualProduct_260-0152-03_B1,2000,-140,0
BOM_VirtualProduct_260-0152-03_C1_223-0012,VirtualProduct_260-0152-03_C1,1000,0,0
BOM_VirtualProduct_260-0152-03_C1_223-0012,VirtualProduct_260-0152-03_C1,2000,-20940,0
BOM_VirtualProduct_260-0152-03_C1_280-1020,VirtualProduct_260-0152-03_C1,1000,-140,0
BOM_VirtualProduct_260-0152-03_C1_280-1020,VirtualProduct_260-0152-03_C1,2000,-140,0
BOM_VirtualProduct_260-0156_B1_223-0011,VirtualProduct_260-0156_B1,1000,0,0
BOM_VirtualProduct_260-0156_B1_223-0011,VirtualProduct_260-0156_B1,2000,-23126,0
BOM_VirtualProduct_260-0156_B1_280-1133,VirtualProduct_260-0156_B1,1000,-140,0
BOM_VirtualProduct_260-0156_B1_280-1133,VirtualProduct_260-0156_B1,2000,-359,0
BOM_VirtualProduct_260-0156_C1_223-0012,VirtualProduct_260-0156_C1,1000,0,0
BOM_VirtualProduct_260-0156_C1_223-0012,VirtualProduct_260-0156_C1,2000,-20940,0
BOM_VirtualProduct_260-0156_C1_280-1020,VirtualProduct_260-0156_C1,1000,-140,0
BOM_VirtualProduct_260-0156_C1_280-1020,VirtualProduct_260-0156_C1,2000,-140,0
BOM_VirtualProduct_260-0164-01_A1_287-0003,VirtualProduct_260-0164-01_A1,1000,-1048,0
BOM_VirtualProduct_260-0164-01_A1_287-0003,VirtualProduct_260-0164-01_A1,2000,-11706,0
BOM_VirtualProduct_260-0174-02_A1_280-1229-02,VirtualProduct_260-0174-02_A1,1000,0,0
BOM_VirtualProduct_260-0174-02_A1_280-1229-02,VirtualProduct_260-0174-02_A1,2000,0,0
BOM_VirtualProduct_260-0174-02_A1_280-1805,VirtualProduct_260-0174-02_A1,1000,-140,0
BOM_VirtualProduct_260-0174-02_A1_280-1805,VirtualProduct_260-0174-02_A1,2000,-140,0
BOM_VirtualProduct_260-0174-02_B1_223-0011,VirtualProduct_260-0174-02_B1,1000,0,0
BOM_VirtualProduct_260-0174-02_B1_223-0011,VirtualProduct_260-0174-02_B1,2000,-23126,0
BOM_VirtualProduct_260-0174-02_B1_280-1133,VirtualProduct_260-0174-02_B1,1000,-140,0
BOM_VirtualProduct_260-0174-02_B1_280-1133,VirtualProduct_260-0174-02_B1,2000,-359,0
BOM_VirtualProduct_260-0174-02_C1_223-0012,VirtualProduct_260-0174-02_C1,1000,0,0
BOM_VirtualProduct_260-0174-02_C1_223-0012,VirtualProduct_260-0174-02_C1,2000,-20940,0
BOM_VirtualProduct_260-0174-02_C1_280-1020,VirtualProduct_260-0174-02_C1,1000,-140,0
BOM_VirtualProduct_260-0174-02_C1_280-1020,VirtualProduct_260-0174-02_C1,2000,-140,0
BOM_VirtualProduct_260-0176_B1_223-0011,VirtualProduct_260-0176_B1,1000,0,0
BOM_VirtualProduct_260-0176_B1_223-0011,VirtualProduct_260-0176_B1,2000,-23126,0
BOM_VirtualProduct_260-0176_B1_280-1133,VirtualProduct_260-0176_B1,1000,-140,0
BOM_VirtualProduct_260-0176_B1_280-1133,VirtualProduct_260-0176_B1,2000,-359,0
BOM_VirtualProduct_260-0176_C1_223-0012,VirtualProduct_260-0176_C1,1000,0,0
BOM_VirtualProduct_260-0176_C1_223-0012,VirtualProduct_260-0176_C1,2000,-20940,0
BOM_VirtualProduct_260-0176_C1_280-1020,VirtualProduct_260-0176_C1,1000,-140,0
BOM_VirtualProduct_260-0176_C1_280-1020,VirtualProduct_260-0176_C1,2000,-140,0
BOM_VirtualProduct_260-0198_A1_223-0011,VirtualProduct_260-0198_A1,1000,0,0
BOM_VirtualProduct_260-0198_A1_223-0011,VirtualProduct_260-0198_A1,2000,-23126,0
BOM_VirtualProduct_260-0198_A1_280-1133,VirtualProduct_260-0198_A1,1000,-140,0
BOM_VirtualProduct_260-0198_A1_280-1133,VirtualProduct_260-0198_A1,2000,-359,0
BOM_VirtualProduct_260-0198_B1_280-1313,VirtualProduct_260-0198_B1,1000,0,0
BOM_VirtualProduct_260-0198_B1_280-1313,VirtualProduct_260-0198_B1,2000,0,0
BOM_VirtualProduct_260-0198_B1_280-1816,VirtualProduct_260-0198_B1,1000,-140,0
BOM_VirtualProduct_260-0198_B1_280-1816,VirtualProduct_260-0198_B1,2000,-140,0
BOM_VirtualProduct_260-0198_C1_223-0012,VirtualProduct_260-0198_C1,1000,0,0
BOM_VirtualProduct_260-0198_C1_223-0012,VirtualProduct_260-0198_C1,2000,-20940,0
BOM_VirtualProduct_260-0198_C1_280-1020,VirtualProduct_260-0198_C1,1000,-140,0
BOM_VirtualProduct_260-0198_C1_280-1020,VirtualProduct_260-0198_C1,2000,-140,0
BOM_VirtualProduct_260-0199_A1_280-1314,VirtualProduct_260-0199_A1,1000,0,0
BOM_VirtualProduct_260-0199_A1_280-1314,VirtualProduct_260-0199_A1,2000,0,0
BOM_VirtualProduct_260-0199_A1_280-1314,VirtualProduct_260-0199_A1,5000,0,0
BOM_VirtualProduct_260-0199_A1_280-1806,VirtualProduct_260-0199_A1,1000,-140,0
BOM_VirtualProduct_260-0199_A1_280-1806,VirtualProduct_260-0199_A1,2000,-2999,0
BOM_VirtualProduct_260-0199_A1_280-1806,VirtualProduct_260-0199_A1,5000,-140,0
BOM_VirtualProduct_260-0199_B1_223-0011,VirtualProduct_260-0199_B1,1000,-140,0
BOM_VirtualProduct_260-0199_B1_223-0011,VirtualProduct_260-0199_B1,2000,-23266,0
BOM_VirtualProduct_260-0199_B1_223-0011,VirtualProduct_260-0199_B1,5000,-140,0
BOM_VirtualProduct_260-0199_B1_280-1133,VirtualProduct_260-0199_B1,1000,0,0
BOM_VirtualProduct_260-0199_B1_280-1133,VirtualProduct_260-0199_B1,2000,-219,0
BOM_VirtualProduct_260-0199_B1_280-1133,VirtualProduct_260-0199_B1,5000,0,0
BOM_VirtualProduct_260-0199_C1_223-0012,VirtualProduct_260-0199_C1,1000,-140,0
BOM_VirtualProduct_260-0199_C1_223-0012,VirtualProduct_260-0199_C1,2000,-21080,0
BOM_VirtualProduct_260-0199_C1_223-0012,VirtualProduct_260-0199_C1,5000,-140,0
BOM_VirtualProduct_260-0199_C1_280-1020,VirtualProduct_260-0199_C1,1000,0,0
BOM_VirtualProduct_260-0199_C1_280-1020,VirtualProduct_260-0199_C1,2000,0,0
BOM_VirtualProduct_260-0199_C1_280-1020,VirtualProduct_260-0199_C1,5000,0,0
BOM_VirtualProduct_260-0199-R_A1_280-1314-R,VirtualProduct_260-0199-R_A1,1000,0,0
BOM_VirtualProduct_260-0199-R_A1_280-1314-R,VirtualProduct_260-0199-R_A1,2000,0,0
BOM_VirtualProduct_260-0199-R_A1_280-1806-R,VirtualProduct_260-0199-R_A1,1000,-140,0
BOM_VirtualProduct_260-0199-R_A1_280-1806-R,VirtualProduct_260-0199-R_A1,2000,-140,0
BOM_VirtualProduct_260-0199-R_A4_280-0791,VirtualProduct_260-0199-R_A4,1000,0,0
BOM_VirtualProduct_260-0199-R_A4_280-0791,VirtualProduct_260-0199-R_A4,2000,-71381,0
BOM_VirtualProduct_260-0199-R_A5_280-1020,VirtualProduct_260-0199-R_A5,1000,0,0
BOM_VirtualProduct_260-0199-R_A5_280-1020,VirtualProduct_260-0199-R_A5,2000,0,0
BOM_VirtualProduct_260-0199-R_A5_280-1020-R,VirtualProduct_260-0199-R_A5,1000,-140,0
BOM_VirtualProduct_260-0199-R_A5_280-1020-R,VirtualProduct_260-0199-R_A5,2000,-140,0
BOM_VirtualProduct_260-0209_A1_280-1336,VirtualProduct_260-0209_A1,1000,0,0
BOM_VirtualProduct_260-0209_A1_280-1826,VirtualProduct_260-0209_A1,1000,-140,0
BOM_VirtualProduct_260-0233_A1_280-1404,VirtualProduct_260-0233_A1,1000,-140,0
BOM_VirtualProduct_260-0233_A1_280-1404,VirtualProduct_260-0233_A1,2000,-140,0
BOM_VirtualProduct_260-0233_A1_280-1817,VirtualProduct_260-0233_A1,1000,0,0
BOM_VirtualProduct_260-0233_A1_280-1817,VirtualProduct_260-0233_A1,2000,0,0
BOM_VirtualProduct_260-0233_B1_223-0011,VirtualProduct_260-0233_B1,1000,0,0
BOM_VirtualProduct_260-0233_B1_223-0011,VirtualProduct_260-0233_B1,2000,-23126,0
BOM_VirtualProduct_260-0233_B1_280-1133,VirtualProduct_260-0233_B1,1000,-140,0
BOM_VirtualProduct_260-0233_B1_280-1133,VirtualProduct_260-0233_B1,2000,-359,0
BOM_VirtualProduct_260-0233_C1_223-0012,VirtualProduct_260-0233_C1,1000,0,0
BOM_VirtualProduct_260-0233_C1_223-0012,VirtualProduct_260-0233_C1,2000,-20940,0
BOM_VirtualProduct_260-0233_C1_280-1020,VirtualProduct_260-0233_C1,1000,-140,0
BOM_VirtualProduct_260-0233_C1_280-1020,VirtualProduct_260-0233_C1,2000,-140,0
BOM_VirtualProduct_260-0247_A1_280-1456,VirtualProduct_260-0247_A1,1000,0,0
BOM_VirtualProduct_260-0247_A1_280-1456,VirtualProduct_260-0247_A1,2000,0,0
BOM_VirtualProduct_260-0247_A1_280-1822,VirtualProduct_260-0247_A1,1000,-140,0
BOM_VirtualProduct_260-0247_A1_280-1822,VirtualProduct_260-0247_A1,2000,-140,0
BOM_VirtualProduct_260-0247_C1_287-0003,VirtualProduct_260-0247_C1,1000,-1048,0
BOM_VirtualProduct_260-0247_C1_287-0003,VirtualProduct_260-0247_C1,2000,-11706,0
BOM_VirtualProduct_260-0250_A1_280-1391,VirtualProduct_260-0250_A1,1000,0,0
BOM_VirtualProduct_260-0250_A1_280-1391,VirtualProduct_260-0250_A1,2000,0,0
BOM_VirtualProduct_260-0250_A1_280-2019-CD,VirtualProduct_260-0250_A1,1000,-140,0
BOM_VirtualProduct_260-0250_A1_280-2019-CD,VirtualProduct_260-0250_A1,2000,-4013,0
BOM_VirtualProduct_260-0261_A1_280-1481,VirtualProduct_260-0261_A1,1000,0,0
BOM_VirtualProduct_260-0261_A1_280-1481,VirtualProduct_260-0261_A1,2000,0,0
BOM_VirtualProduct_260-0261_A1_280-1807,VirtualProduct_260-0261_A1,1000,-140,0
BOM_VirtualProduct_260-0261_A1_280-1807,VirtualProduct_260-0261_A1,2000,-140,0
BOM_VirtualProduct_260-0261_B1_223-0011,VirtualProduct_260-0261_B1,1000,0,0
BOM_VirtualProduct_260-0261_B1_223-0011,VirtualProduct_260-0261_B1,2000,-23126,0
BOM_VirtualProduct_260-0261_B1_280-1133,VirtualProduct_260-0261_B1,1000,-140,0
BOM_VirtualProduct_260-0261_B1_280-1133,VirtualProduct_260-0261_B1,2000,-359,0
BOM_VirtualProduct_260-0261_C1_223-0012,VirtualProduct_260-0261_C1,1000,0,0
BOM_VirtualProduct_260-0261_C1_223-0012,VirtualProduct_260-0261_C1,2000,-20940,0
BOM_VirtualProduct_260-0261_C1_280-1020,VirtualProduct_260-0261_C1,1000,-140,0
BOM_VirtualProduct_260-0261_C1_280-1020,VirtualProduct_260-0261_C1,2000,-140,0
BOM_VirtualProduct_260-0267_B1_223-0011,VirtualProduct_260-0267_B1,1000,0,0
BOM_VirtualProduct_260-0267_B1_223-0011,VirtualProduct_260-0267_B1,2000,-23126,0
BOM_VirtualProduct_260-0267_B1_280-1133,VirtualProduct_260-0267_B1,1000,-140,0
BOM_VirtualProduct_260-0267_B1_280-1133,VirtualProduct_260-0267_B1,2000,-359,0
BOM_VirtualProduct_260-0267_C1_223-0012,VirtualProduct_260-0267_C1,1000,0,0
BOM_VirtualProduct_260-0267_C1_223-0012,VirtualProduct_260-0267_C1,2000,-20940,0
BOM_VirtualProduct_260-0267_C1_280-1020,VirtualProduct_260-0267_C1,1000,-140,0
BOM_VirtualProduct_260-0267_C1_280-1020,VirtualProduct_260-0267_C1,2000,-140,0
BOM_VirtualProduct_260-0274_A1_280-1524,VirtualProduct_260-0274_A1,1000,0,0
BOM_VirtualProduct_260-0274_A1_280-1524,VirtualProduct_260-0274_A1,2000,0,0
BOM_VirtualProduct_260-0298_A1_280-1575,VirtualProduct_260-0298_A1,1000,0,0
BOM_VirtualProduct_260-0306_A1_280-1391,VirtualProduct_260-0306_A1,1000,0,0
BOM_VirtualProduct_260-0306_A1_280-1391,VirtualProduct_260-0306_A1,2000,0,0
BOM_VirtualProduct_260-0306_A1_280-2019-CD,VirtualProduct_260-0306_A1,1000,-140,0
BOM_VirtualProduct_260-0306_A1_280-2019-CD,VirtualProduct_260-0306_A1,2000,-4013,0
BOM_VirtualProduct_260-0325_A1_280-1391,VirtualProduct_260-0325_A1,1000,0,0
BOM_VirtualProduct_260-0325_A1_280-1391,VirtualProduct_260-0325_A1,2000,0,0
BOM_VirtualProduct_260-0325_A1_280-2019-CD,VirtualProduct_260-0325_A1,1000,-140,0
BOM_VirtualProduct_260-0325_A1_280-2019-CD,VirtualProduct_260-0325_A1,2000,-4013,0
BOM_VirtualProduct_260-0385_T2_280-0511-06,VirtualProduct_260-0385_T2,1000,-140,0
BOM_VirtualProduct_260-0385_T2_280-0511-06,VirtualProduct_260-0385_T2,2000,-9151,0
BOM_VirtualProduct_260-0385_T3_280-1391,VirtualProduct_260-0385_T3,1000,-140,0
BOM_VirtualProduct_260-0385_T3_280-1391,VirtualProduct_260-0385_T3,2000,-140,0
BOM_VirtualProduct_260-0385_T3_280-2019-CD,VirtualProduct_260-0385_T3,1000,0,0
BOM_VirtualProduct_260-0385_T3_280-2019-CD,VirtualProduct_260-0385_T3,2000,-3873,0
BOM_VirtualProduct_260-0417_A1_280-1391,VirtualProduct_260-0417_A1,1000,0,0
BOM_VirtualProduct_260-0417_A1_280-1391,VirtualProduct_260-0417_A1,2000,0,0
BOM_VirtualProduct_260-0417_A1_280-2019-CD,VirtualProduct_260-0417_A1,1000,-140,0
BOM_VirtualProduct_260-0417_A1_280-2019-CD,VirtualProduct_260-0417_A1,2000,-4013,0
BOM_VirtualProduct_260-0555_A1_280-1391,VirtualProduct_260-0555_A1,1000,0,0
BOM_VirtualProduct_260-0555_A1_280-1391,VirtualProduct_260-0555_A1,2000,0,0
BOM_VirtualProduct_260-0555_A1_280-2019-CD,VirtualProduct_260-0555_A1,1000,-140,0
BOM_VirtualProduct_260-0555_A1_280-2019-CD,VirtualProduct_260-0555_A1,2000,-4013,0
BOM_VirtualProduct_262-0004_A1_504-1718,VirtualProduct_262-0004_A1,1000,-4130,0
BOM_VirtualProduct_262-0004_A1_504-1878,VirtualProduct_262-0004_A1,1000,-1801,0
BOM_VirtualProduct_262-0005_A1_504-1718,VirtualProduct_262-0005_A1,1000,-4130,0
BOM_VirtualProduct_262-0005_A1_504-1878,VirtualProduct_262-0005_A1,1000,-1801,0
BOM_VirtualProduct_262-0026_A1_504-1718,VirtualProduct_262-0026_A1,1000,-4130,0
BOM_VirtualProduct_262-0026_A1_504-1878,VirtualProduct_262-0026_A1,1000,-1801,0
BOM_VirtualProduct_262-0026_B1_280-1018,VirtualProduct_262-0026_B1,1000,0,0
BOM_VirtualProduct_262-0058-CD_A1_504-1718,VirtualProduct_262-0058-CD_A1,1000,-4130,0
BOM_VirtualProduct_262-0058-CD_A1_504-1718,VirtualProduct_262-0058-CD_A1,2000,-4001,0
BOM_VirtualProduct_262-0058-CD_A1_504-1878,VirtualProduct_262-0058-CD_A1,1000,-1801,0
BOM_VirtualProduct_262-0058-CD_A1_504-1878,VirtualProduct_262-0058-CD_A1,2000,-140,0
BOM_VirtualProduct_262-0101-CD_A1_504-1718,VirtualProduct_262-0101-CD_A1,1000,-4270,0
BOM_VirtualProduct_262-0101-CD_A1_504-1718,VirtualProduct_262-0101-CD_A1,2000,-4001,0
BOM_VirtualProduct_262-0101-CD_A1_504-1878,VirtualProduct_262-0101-CD_A1,1000,-1801,0
BOM_VirtualProduct_262-0101-CD_A1_504-1878,VirtualProduct_262-0101-CD_A1,2000,0,0
BOM_VirtualProduct_262-0127-CD_A1_504-1718,VirtualProduct_262-0127-CD_A1,1000,-4130,0
BOM_VirtualProduct_262-0127-CD_A1_504-1718,VirtualProduct_262-0127-CD_A1,2000,-4001,0
BOM_VirtualProduct_262-0127-CD_A1_504-1878,VirtualProduct_262-0127-CD_A1,1000,-1801,0
BOM_VirtualProduct_262-0127-CD_A1_504-1878,VirtualProduct_262-0127-CD_A1,2000,-140,0
BOM_VirtualProduct_262-0128-CD_A1_504-1718,VirtualProduct_262-0128-CD_A1,1000,-4130,0
BOM_VirtualProduct_262-0128-CD_A1_504-1718,VirtualProduct_262-0128-CD_A1,2000,-4001,0
BOM_VirtualProduct_262-0128-CD_A1_504-1878,VirtualProduct_262-0128-CD_A1,1000,-1801,0
BOM_VirtualProduct_262-0128-CD_A1_504-1878,VirtualProduct_262-0128-CD_A1,2000,-140,0
BOM_VirtualProduct_262-0137-CD_A1_504-1718,VirtualProduct_262-0137-CD_A1,1000,-4130,0
BOM_VirtualProduct_262-0137-CD_A1_504-1718,VirtualProduct_262-0137-CD_A1,2000,-4001,0
BOM_VirtualProduct_262-0137-CD_A1_504-1878,VirtualProduct_262-0137-CD_A1,1000,-1801,0
BOM_VirtualProduct_262-0137-CD_A1_504-1878,VirtualProduct_262-0137-CD_A1,2000,-140,0
BOM_VirtualProduct_262-0197-CD_A1_504-1718,VirtualProduct_262-0197-CD_A1,1000,-4130,0
BOM_VirtualProduct_262-0197-CD_A1_504-1718,VirtualProduct_262-0197-CD_A1,2000,-4001,0
BOM_VirtualProduct_262-0197-CD_A1_504-1878,VirtualProduct_262-0197-CD_A1,1000,-1801,0
BOM_VirtualProduct_262-0197-CD_A1_504-1878,VirtualProduct_262-0197-CD_A1,2000,-140,0
BOM_VirtualProduct_280-0926_A1_140-0547,VirtualProduct_280-0926_A1,1000,-3083,0
BOM_VirtualProduct_280-0926_A1_140-0547,VirtualProduct_280-0926_A1,2000,-10995,0
BOM_VirtualProduct_280-0926-02_A1_140-0547,VirtualProduct_280-0926-02_A1,1000,-3083,0
BOM_VirtualProduct_280-0926-02_A1_140-0547,VirtualProduct_280-0926-02_A1,2000,-10995,0
BOM_VirtualProduct_280-0927_A1_280-0425,VirtualProduct_280-0927_A1,1000,0,0
BOM_VirtualProduct_280-0927_A1_280-0425,VirtualProduct_280-0927_A1,2000,-67466,0
BOM_VirtualProduct_280-0927_A2_280-0926,VirtualProduct_280-0927_A2,1000,-140,0
BOM_VirtualProduct_280-0927_A2_280-0926,VirtualProduct_280-0927_A2,2000,-140,0
BOM_VirtualProduct_280-0927_A2_280-0926-02,VirtualProduct_280-0927_A2,1000,0,0
BOM_VirtualProduct_280-0927_A2_280-0926-02,VirtualProduct_280-0927_A2,2000,0,0
BOM_VirtualProduct_280-0927_A2_280-1189,VirtualProduct_280-0927_A2,1000,0,0
BOM_VirtualProduct_280-0927_A2_280-1189,VirtualProduct_280-0927_A2,2000,0,0
BOM_VirtualProduct_280-0927_A2_280-1189-02,VirtualProduct_280-0927_A2,1000,0,0
BOM_VirtualProduct_280-0927_A2_280-1189-02,VirtualProduct_280-0927_A2,2000,0,0
BOM_VirtualProduct_280-1020_A1_280-0848,VirtualProduct_280-1020_A1,1000,0,0
BOM_VirtualProduct_280-1020_A1_280-0848,VirtualProduct_280-1020_A1,2000,-25186,0
BOM_VirtualProduct_280-1041_A1_280-0425,VirtualProduct_280-1041_A1,1000,0,0
BOM_VirtualProduct_280-1041_A1_280-0425,VirtualProduct_280-1041_A1,2000,-67466,0
BOM_VirtualProduct_280-1041_A2_280-0926,VirtualProduct_280-1041_A2,1000,-140,0
BOM_VirtualProduct_280-1041_A2_280-0926,VirtualProduct_280-1041_A2,2000,-140,0
BOM_VirtualProduct_280-1041_A2_280-0926-02,VirtualProduct_280-1041_A2,1000,0,0
BOM_VirtualProduct_280-1041_A2_280-0926-02,VirtualProduct_280-1041_A2,2000,0,0
BOM_VirtualProduct_280-1041_A2_280-1189,VirtualProduct_280-1041_A2,1000,0,0
BOM_VirtualProduct_280-1041_A2_280-1189,VirtualProduct_280-1041_A2,2000,0,0
BOM_VirtualProduct_280-1041_A2_280-1189-02,VirtualProduct_280-1041_A2,1000,0,0
BOM_VirtualProduct_280-1041_A2_280-1189-02,VirtualProduct_280-1041_A2,2000,0,0
BOM_VirtualProduct_280-1049-27_A3_280-0981-N0,VirtualProduct_280-1049-27_A3,1000,-4801,0
BOM_VirtualProduct_280-1049-27_A3_280-0981-N0,VirtualProduct_280-1049-27_A3,2000,-4932,0
BOM_VirtualProduct_280-1049-27_A3_283-0116,VirtualProduct_280-1049-27_A3,1000,0,0
BOM_VirtualProduct_280-1049-27_A3_283-0116,VirtualProduct_280-1049-27_A3,2000,0,0
BOM_VirtualProduct_280-1049-29_A3_280-0981-N1,VirtualProduct_280-1049-29_A3,1000,-5176,0
BOM_VirtualProduct_280-1049-29_A3_280-0981-N1,VirtualProduct_280-1049-29_A3,2000,-4557,0
BOM_VirtualProduct_280-1049-29_A3_283-0130,VirtualProduct_280-1049-29_A3,1000,0,0
BOM_VirtualProduct_280-1049-29_A3_283-0130,VirtualProduct_280-1049-29_A3,2000,0,0
BOM_VirtualProduct_280-1049-33_A3_280-0981-N3,VirtualProduct_280-1049-33_A3,1000,-6688,0
BOM_VirtualProduct_280-1049-33_A3_280-0981-N3,VirtualProduct_280-1049-33_A3,2000,-5296,0
BOM_VirtualProduct_280-1049-33_A3_283-0118,VirtualProduct_280-1049-33_A3,1000,0,0
BOM_VirtualProduct_280-1049-33_A3_283-0118,VirtualProduct_280-1049-33_A3,2000,0,0
BOM_VirtualProduct_280-1050_B1_140-0547,VirtualProduct_280-1050_B1,1000,-3083,0
BOM_VirtualProduct_280-1050_B1_140-0547,VirtualProduct_280-1050_B1,2000,-10995,0
BOM_VirtualProduct_280-1050-02_A1_140-0547,VirtualProduct_280-1050-02_A1,1000,-3083,0
BOM_VirtualProduct_280-1050-02_A1_140-0547,VirtualProduct_280-1050-02_A1,2000,-10995,0
BOM_VirtualProduct_280-1083_A1_280-0425,VirtualProduct_280-1083_A1,1000,0,0
BOM_VirtualProduct_280-1083_A1_280-0425,VirtualProduct_280-1083_A1,2000,-67466,0
BOM_VirtualProduct_280-1083_A2_280-1050,VirtualProduct_280-1083_A2,1000,-140,0
BOM_VirtualProduct_280-1083_A2_280-1050,VirtualProduct_280-1083_A2,2000,-140,0
BOM_VirtualProduct_280-1083_A2_280-1050-02,VirtualProduct_280-1083_A2,1000,0,0
BOM_VirtualProduct_280-1083_A2_280-1050-02,VirtualProduct_280-1083_A2,2000,0,0
BOM_VirtualProduct_280-1083_A2_280-1190,VirtualProduct_280-1083_A2,1000,0,0
BOM_VirtualProduct_280-1083_A2_280-1190,VirtualProduct_280-1083_A2,2000,0,0
BOM_VirtualProduct_280-1083_A2_280-1190-02,VirtualProduct_280-1083_A2,1000,0,0
BOM_VirtualProduct_280-1083_A2_280-1190-02,VirtualProduct_280-1083_A2,2000,0,0
BOM_VirtualProduct_280-1085_A1_280-0425,VirtualProduct_280-1085_A1,1000,0,0
BOM_VirtualProduct_280-1085_A1_280-0425,VirtualProduct_280-1085_A1,2000,-67466,0
BOM_VirtualProduct_280-1085_A2_280-0926,VirtualProduct_280-1085_A2,1000,-140,0
BOM_VirtualProduct_280-1085_A2_280-0926,VirtualProduct_280-1085_A2,2000,-140,0
BOM_VirtualProduct_280-1085_A2_280-0926-02,VirtualProduct_280-1085_A2,1000,0,0
BOM_VirtualProduct_280-1085_A2_280-0926-02,VirtualProduct_280-1085_A2,2000,0,0
BOM_VirtualProduct_280-1085_A2_280-1189,VirtualProduct_280-1085_A2,1000,0,0
BOM_VirtualProduct_280-1085_A2_280-1189,VirtualProduct_280-1085_A2,2000,0,0
BOM_VirtualProduct_280-1085_A2_280-1189-02,VirtualProduct_280-1085_A2,1000,0,0
BOM_VirtualProduct_280-1085_A2_280-1189-02,VirtualProduct_280-1085_A2,2000,0,0
BOM_VirtualProduct_280-1148_A1_504-1319,VirtualProduct_280-1148_A1,1000,0,0
BOM_VirtualProduct_280-1148_A1_504-1319,VirtualProduct_280-1148_A1,2000,0,0
BOM_VirtualProduct_280-1148_A1_504-1532,VirtualProduct_280-1148_A1,1000,-302,0
BOM_VirtualProduct_280-1148_A1_504-1532,VirtualProduct_280-1148_A1,2000,-2587,0
BOM_VirtualProduct_280-1148_A1_504-1548,VirtualProduct_280-1148_A1,1000,0,0
BOM_VirtualProduct_280-1148_A1_504-1548,VirtualProduct_280-1148_A1,2000,0,0
BOM_VirtualProduct_280-1148_A1_504-1693,VirtualProduct_280-1148_A1,1000,0,0
BOM_VirtualProduct_280-1148_A1_504-1693,VirtualProduct_280-1148_A1,2000,0,0
BOM_VirtualProduct_280-1148_A1_504-1815,VirtualProduct_280-1148_A1,1000,0,0
BOM_VirtualProduct_280-1148_A1_504-1815,VirtualProduct_280-1148_A1,2000,0,0
BOM_VirtualProduct_280-1148_A1_504-1817,VirtualProduct_280-1148_A1,1000,0,0
BOM_VirtualProduct_280-1148_A1_504-1817,VirtualProduct_280-1148_A1,2000,0,0
BOM_VirtualProduct_280-1148_A2_101-0001,VirtualProduct_280-1148_A2,1000,-28736,0
BOM_VirtualProduct_280-1148_A2_101-0001,VirtualProduct_280-1148_A2,2000,-14336,0
BOM_VirtualProduct_280-1156_A1_504-1319,VirtualProduct_280-1156_A1,1000,0,0
BOM_VirtualProduct_280-1156_A1_504-1319,VirtualProduct_280-1156_A1,2000,0,0
BOM_VirtualProduct_280-1156_A1_504-1532,VirtualProduct_280-1156_A1,1000,-302,0
BOM_VirtualProduct_280-1156_A1_504-1532,VirtualProduct_280-1156_A1,2000,-2587,0
BOM_VirtualProduct_280-1156_A1_504-1548,VirtualProduct_280-1156_A1,1000,0,0
BOM_VirtualProduct_280-1156_A1_504-1548,VirtualProduct_280-1156_A1,2000,0,0
BOM_VirtualProduct_280-1156_A1_504-1693,VirtualProduct_280-1156_A1,1000,0,0
BOM_VirtualProduct_280-1156_A1_504-1693,VirtualProduct_280-1156_A1,2000,0,0
BOM_VirtualProduct_280-1156_A1_504-1815,VirtualProduct_280-1156_A1,1000,0,0
BOM_VirtualProduct_280-1156_A1_504-1815,VirtualProduct_280-1156_A1,2000,0,0
BOM_VirtualProduct_280-1156_A1_504-1817,VirtualProduct_280-1156_A1,1000,0,0
BOM_VirtualProduct_280-1156_A1_504-1817,VirtualProduct_280-1156_A1,2000,0,0
BOM_VirtualProduct_280-1156_A3_101-0001,VirtualProduct_280-1156_A3,1000,-28736,0
BOM_VirtualProduct_280-1156_A3_101-0001,VirtualProduct_280-1156_A3,2000,-14336,0
BOM_VirtualProduct_280-1158_A1_280-0425,VirtualProduct_280-1158_A1,1000,0,0
BOM_VirtualProduct_280-1158_A1_280-0425,VirtualProduct_280-1158_A1,2000,-67466,0
BOM_VirtualProduct_280-1158_A2_280-1480-27,VirtualProduct_280-1158_A2,1000,0,0
BOM_VirtualProduct_280-1158_A2_280-1480-27,VirtualProduct_280-1158_A2,2000,-1624,0
BOM_VirtualProduct_280-1158_A3_280-1480-29,VirtualProduct_280-1158_A3,1000,0,0
BOM_VirtualProduct_280-1158_A3_280-1480-29,VirtualProduct_280-1158_A3,2000,-1678,0
BOM_VirtualProduct_280-1158_A4_280-1480-31,VirtualProduct_280-1158_A4,1000,0,0
BOM_VirtualProduct_280-1158_A4_280-1480-31,VirtualProduct_280-1158_A4,2000,-1615,0
BOM_VirtualProduct_280-1158_A5_280-1480-33,VirtualProduct_280-1158_A5,1000,0,0
BOM_VirtualProduct_280-1158_A5_280-1480-33,VirtualProduct_280-1158_A5,2000,-1737,0
BOM_VirtualProduct_280-1159_A1_140-0547,VirtualProduct_280-1159_A1,1000,-3083,0
BOM_VirtualProduct_280-1159_A1_140-0547,VirtualProduct_280-1159_A1,2000,-10995,0
BOM_VirtualProduct_280-1159_A1_504-1319,VirtualProduct_280-1159_A1,1000,0,0
BOM_VirtualProduct_280-1159_A1_504-1319,VirtualProduct_280-1159_A1,2000,0,0
BOM_VirtualProduct_280-1159_A1_504-1532,VirtualProduct_280-1159_A1,1000,-302,0
BOM_VirtualProduct_280-1159_A1_504-1532,VirtualProduct_280-1159_A1,2000,-2587,0
BOM_VirtualProduct_280-1159_A1_504-1548,VirtualProduct_280-1159_A1,1000,0,0
BOM_VirtualProduct_280-1159_A1_504-1548,VirtualProduct_280-1159_A1,2000,0,0
BOM_VirtualProduct_280-1159_A1_504-1693,VirtualProduct_280-1159_A1,1000,0,0
BOM_VirtualProduct_280-1159_A1_504-1693,VirtualProduct_280-1159_A1,2000,0,0
BOM_VirtualProduct_280-1159_A1_504-1815,VirtualProduct_280-1159_A1,1000,0,0
BOM_VirtualProduct_280-1159_A1_504-1815,VirtualProduct_280-1159_A1,2000,0,0
BOM_VirtualProduct_280-1159_A1_504-1817,VirtualProduct_280-1159_A1,1000,0,0
BOM_VirtualProduct_280-1159_A1_504-1817,VirtualProduct_280-1159_A1,2000,0,0
BOM_VirtualProduct_280-1159_A2_140-0547,VirtualProduct_280-1159_A2,1000,-3083,0
BOM_VirtualProduct_280-1159_A2_140-0547,VirtualProduct_280-1159_A2,2000,-10995,0
BOM_VirtualProduct_280-1159_A3_504-1319,VirtualProduct_280-1159_A3,1000,0,0
BOM_VirtualProduct_280-1159_A3_504-1319,VirtualProduct_280-1159_A3,2000,0,0
BOM_VirtualProduct_280-1159_A3_504-1532,VirtualProduct_280-1159_A3,1000,-302,0
BOM_VirtualProduct_280-1159_A3_504-1532,VirtualProduct_280-1159_A3,2000,-2587,0
BOM_VirtualProduct_280-1159_A3_504-1548,VirtualProduct_280-1159_A3,1000,0,0
BOM_VirtualProduct_280-1159_A3_504-1548,VirtualProduct_280-1159_A3,2000,0,0
BOM_VirtualProduct_280-1159_A3_504-1817,VirtualProduct_280-1159_A3,1000,0,0
BOM_VirtualProduct_280-1159_A3_504-1817,VirtualProduct_280-1159_A3,2000,0,0
BOM_VirtualProduct_280-1159_A4_101-0001,VirtualProduct_280-1159_A4,1000,-28876,0
BOM_VirtualProduct_280-1159_A4_101-0001,VirtualProduct_280-1159_A4,2000,-14476,0
BOM_VirtualProduct_280-1159_B1_320-0763,VirtualProduct_280-1159_B1,1000,-140,0
BOM_VirtualProduct_280-1159_B1_320-0763,VirtualProduct_280-1159_B1,2000,-4444,0
BOM_VirtualProduct_280-1159_D1_320-0763,VirtualProduct_280-1159_D1,1000,-140,0
BOM_VirtualProduct_280-1159_D1_320-0763,VirtualProduct_280-1159_D1,2000,-4444,0
BOM_VirtualProduct_280-1159-R_A1_504-1319,VirtualProduct_280-1159-R_A1,1000,0,0
BOM_VirtualProduct_280-1159-R_A1_504-1319,VirtualProduct_280-1159-R_A1,2000,0,0
BOM_VirtualProduct_280-1159-R_A1_504-1532,VirtualProduct_280-1159-R_A1,1000,-162,0
BOM_VirtualProduct_280-1159-R_A1_504-1532,VirtualProduct_280-1159-R_A1,2000,-2447,0
BOM_VirtualProduct_280-1159-R_A1_504-1532-R,VirtualProduct_280-1159-R_A1,1000,-140,0
BOM_VirtualProduct_280-1159-R_A1_504-1532-R,VirtualProduct_280-1159-R_A1,2000,-140,0
BOM_VirtualProduct_280-1159-R_A1_504-1548,VirtualProduct_280-1159-R_A1,1000,0,0
BOM_VirtualProduct_280-1159-R_A1_504-1548,VirtualProduct_280-1159-R_A1,2000,0,0
BOM_VirtualProduct_280-1159-R_A1_504-1693,VirtualProduct_280-1159-R_A1,1000,0,0
BOM_VirtualProduct_280-1159-R_A1_504-1693,VirtualProduct_280-1159-R_A1,2000,0,0
BOM_VirtualProduct_280-1159-R_A1_504-1815,VirtualProduct_280-1159-R_A1,1000,0,0
BOM_VirtualProduct_280-1159-R_A1_504-1815,VirtualProduct_280-1159-R_A1,2000,0,0
BOM_VirtualProduct_280-1159-R_A1_504-1817,VirtualProduct_280-1159-R_A1,1000,0,0
BOM_VirtualProduct_280-1159-R_A1_504-1817,VirtualProduct_280-1159-R_A1,2000,0,0
BOM_VirtualProduct_280-1159-R_A2_140-0547,VirtualProduct_280-1159-R_A2,1000,-3083,0
BOM_VirtualProduct_280-1159-R_A2_140-0547,VirtualProduct_280-1159-R_A2,2000,-10995,0
BOM_VirtualProduct_280-1159-R_A3_320-0763,VirtualProduct_280-1159-R_A3,1000,-140,0
BOM_VirtualProduct_280-1159-R_A3_320-0763,VirtualProduct_280-1159-R_A3,2000,-4444,0
BOM_VirtualProduct_280-1159-R_A4_101-0001,VirtualProduct_280-1159-R_A4,1000,-28736,0
BOM_VirtualProduct_280-1159-R_A4_101-0001,VirtualProduct_280-1159-R_A4,2000,-14336,0
BOM_VirtualProduct_280-1160-01_A1_280-0425,VirtualProduct_280-1160-01_A1,1000,0,0
BOM_VirtualProduct_280-1160-01_A1_280-0425,VirtualProduct_280-1160-01_A1,2000,-67466,0
BOM_VirtualProduct_280-1160-01_A2_280-1159,VirtualProduct_280-1160-01_A2,1000,-140,0
BOM_VirtualProduct_280-1160-01_A2_280-1159,VirtualProduct_280-1160-01_A2,2000,-202,0
BOM_VirtualProduct_280-1160-01_A2_280-1210-02,VirtualProduct_280-1160-01_A2,1000,0,0
BOM_VirtualProduct_280-1160-01_A2_280-1210-02,VirtualProduct_280-1160-01_A2,2000,0,0
BOM_VirtualProduct_280-1160-02_A1_280-0425,VirtualProduct_280-1160-02_A1,1000,0,0
BOM_VirtualProduct_280-1160-02_A1_280-0425,VirtualProduct_280-1160-02_A1,2000,-67466,0
BOM_VirtualProduct_280-1160-02-R_A1_280-0425,VirtualProduct_280-1160-02-R_A1,1000,0,0
BOM_VirtualProduct_280-1160-02-R_A1_280-0425,VirtualProduct_280-1160-02-R_A1,2000,-67466,0
BOM_VirtualProduct_280-1160-02-R_A2_280-1049-27,VirtualProduct_280-1160-02-R_A2,1000,0,0
BOM_VirtualProduct_280-1160-02-R_A2_280-1049-27,VirtualProduct_280-1160-02-R_A2,2000,-875,0
BOM_VirtualProduct_280-1160-02-R_A3_280-1049-29,VirtualProduct_280-1160-02-R_A3,1000,0,0
BOM_VirtualProduct_280-1160-02-R_A3_280-1049-29,VirtualProduct_280-1160-02-R_A3,2000,-977,0
BOM_VirtualProduct_280-1160-02-R_A4_280-1049-31,VirtualProduct_280-1160-02-R_A4,1000,0,0
BOM_VirtualProduct_280-1160-02-R_A4_280-1049-31,VirtualProduct_280-1160-02-R_A4,2000,-1116,0
BOM_VirtualProduct_280-1160-02-R_A5_280-1049-33,VirtualProduct_280-1160-02-R_A5,1000,0,0
BOM_VirtualProduct_280-1160-02-R_A5_280-1049-33,VirtualProduct_280-1160-02-R_A5,2000,-875,0
BOM_VirtualProduct_280-1160-03_A1_280-0425,VirtualProduct_280-1160-03_A1,1000,0,0
BOM_VirtualProduct_280-1160-03_A1_280-0425,VirtualProduct_280-1160-03_A1,2000,-67466,0
BOM_VirtualProduct_280-1160-03_A2_280-1159,VirtualProduct_280-1160-03_A2,1000,-140,0
BOM_VirtualProduct_280-1160-03_A2_280-1159,VirtualProduct_280-1160-03_A2,2000,-202,0
BOM_VirtualProduct_280-1160-03_A2_280-1210-02,VirtualProduct_280-1160-03_A2,1000,0,0
BOM_VirtualProduct_280-1160-03_A2_280-1210-02,VirtualProduct_280-1160-03_A2,2000,0,0
BOM_VirtualProduct_280-1160-04_A1_280-0425,VirtualProduct_280-1160-04_A1,1000,0,0
BOM_VirtualProduct_280-1160-04_A1_280-0425,VirtualProduct_280-1160-04_A1,2000,-67466,0
BOM_VirtualProduct_280-1160-04_A2_280-1159,VirtualProduct_280-1160-04_A2,1000,-140,0
BOM_VirtualProduct_280-1160-04_A2_280-1159,VirtualProduct_280-1160-04_A2,2000,-202,0
BOM_VirtualProduct_280-1160-04_A2_280-1210-02,VirtualProduct_280-1160-04_A2,1000,0,0
BOM_VirtualProduct_280-1160-04_A2_280-1210-02,VirtualProduct_280-1160-04_A2,2000,0,0
BOM_VirtualProduct_280-1189_A1_140-0547,VirtualProduct_280-1189_A1,1000,-3083,0
BOM_VirtualProduct_280-1189_A1_140-0547,VirtualProduct_280-1189_A1,2000,-10995,0
BOM_VirtualProduct_280-1189-02_A1_140-0547,VirtualProduct_280-1189-02_A1,1000,-3083,0
BOM_VirtualProduct_280-1189-02_A1_140-0547,VirtualProduct_280-1189-02_A1,2000,-10995,0
BOM_VirtualProduct_280-1190_A1_140-0547,VirtualProduct_280-1190_A1,1000,-3083,0
BOM_VirtualProduct_280-1190_A1_140-0547,VirtualProduct_280-1190_A1,2000,-10995,0
BOM_VirtualProduct_280-1190-02_A1_140-0547,VirtualProduct_280-1190-02_A1,1000,-3083,0
BOM_VirtualProduct_280-1190-02_A1_140-0547,VirtualProduct_280-1190-02_A1,2000,-10995,0
BOM_VirtualProduct_280-1192-01_A1_280-0425,VirtualProduct_280-1192-01_A1,1000,0,0
BOM_VirtualProduct_280-1192-01_A1_280-0425,VirtualProduct_280-1192-01_A1,2000,-67466,0
BOM_VirtualProduct_280-1192-02_A2_280-0425,VirtualProduct_280-1192-02_A2,1000,0,0
BOM_VirtualProduct_280-1192-02_A2_280-0425,VirtualProduct_280-1192-02_A2,2000,-67466,0
BOM_VirtualProduct_280-1192-03_A1_280-0425,VirtualProduct_280-1192-03_A1,1000,0,0
BOM_VirtualProduct_280-1192-03_A1_280-0425,VirtualProduct_280-1192-03_A1,2000,-67466,0
BOM_VirtualProduct_280-1193_A1_504-1369,VirtualProduct_280-1193_A1,1000,0,0
BOM_VirtualProduct_280-1193_A1_504-1369,VirtualProduct_280-1193_A1,2000,0,0
BOM_VirtualProduct_280-1193_A1_504-1753,VirtualProduct_280-1193_A1,1000,-366,0
BOM_VirtualProduct_280-1193_A1_504-1753,VirtualProduct_280-1193_A1,2000,-485,0
BOM_VirtualProduct_280-1193_A2_320-0763,VirtualProduct_280-1193_A2,1000,-140,0
BOM_VirtualProduct_280-1193_A2_320-0763,VirtualProduct_280-1193_A2,2000,-4444,0
BOM_VirtualProduct_280-1193_A3_101-0001,VirtualProduct_280-1193_A3,1000,-28736,0
BOM_VirtualProduct_280-1193_A3_101-0001,VirtualProduct_280-1193_A3,2000,-14336,0
BOM_VirtualProduct_280-1201_A1_280-1159,VirtualProduct_280-1201_A1,1000,-140,0
BOM_VirtualProduct_280-1201_A1_280-1159,VirtualProduct_280-1201_A1,2000,-202,0
BOM_VirtualProduct_280-1201_A1_280-1210-02,VirtualProduct_280-1201_A1,1000,0,0
BOM_VirtualProduct_280-1201_A1_280-1210-02,VirtualProduct_280-1201_A1,2000,0,0
BOM_VirtualProduct_280-1201_A2_280-0425,VirtualProduct_280-1201_A2,1000,0,0
BOM_VirtualProduct_280-1201_A2_280-0425,VirtualProduct_280-1201_A2,2000,-67466,0
BOM_VirtualProduct_280-1203-01_A1_280-0425,VirtualProduct_280-1203-01_A1,1000,0,0
BOM_VirtualProduct_280-1203-01_A1_280-0425,VirtualProduct_280-1203-01_A1,2000,-67466,0
BOM_VirtualProduct_280-1203-01_A2_280-1204,VirtualProduct_280-1203-01_A2,1000,-140,0
BOM_VirtualProduct_280-1203-01_A2_280-1204,VirtualProduct_280-1203-01_A2,2000,-140,0
BOM_VirtualProduct_280-1203-01_A2_280-1205,VirtualProduct_280-1203-01_A2,1000,0,0
BOM_VirtualProduct_280-1203-01_A2_280-1205,VirtualProduct_280-1203-01_A2,2000,0,0
BOM_VirtualProduct_280-1203-02_A1_280-0425,VirtualProduct_280-1203-02_A1,1000,0,0
BOM_VirtualProduct_280-1203-02_A1_280-0425,VirtualProduct_280-1203-02_A1,2000,-67466,0
BOM_VirtualProduct_280-1203-02_A2_280-1204,VirtualProduct_280-1203-02_A2,1000,-140,0
BOM_VirtualProduct_280-1203-02_A2_280-1204,VirtualProduct_280-1203-02_A2,2000,-140,0
BOM_VirtualProduct_280-1203-02_A2_280-1205,VirtualProduct_280-1203-02_A2,1000,0,0
BOM_VirtualProduct_280-1203-02_A2_280-1205,VirtualProduct_280-1203-02_A2,2000,0,0
BOM_VirtualProduct_280-1203-03_A1_280-1204,VirtualProduct_280-1203-03_A1,1000,-140,0
BOM_VirtualProduct_280-1203-03_A1_280-1204,VirtualProduct_280-1203-03_A1,2000,-140,0
BOM_VirtualProduct_280-1203-03_A1_280-1205,VirtualProduct_280-1203-03_A1,1000,0,0
BOM_VirtualProduct_280-1203-03_A1_280-1205,VirtualProduct_280-1203-03_A1,2000,0,0
BOM_VirtualProduct_280-1203-03_A2_280-0425,VirtualProduct_280-1203-03_A2,1000,0,0
BOM_VirtualProduct_280-1203-03_A2_280-0425,VirtualProduct_280-1203-03_A2,2000,-67466,0
BOM_VirtualProduct_280-1205_A1_101-0001,VirtualProduct_280-1205_A1,1000,-28736,0
BOM_VirtualProduct_280-1205_A1_101-0001,VirtualProduct_280-1205_A1,2000,-14336,0
BOM_VirtualProduct_280-1210-02_A1_140-0547,VirtualProduct_280-1210-02_A1,1000,-3083,0
BOM_VirtualProduct_280-1210-02_A1_140-0547,VirtualProduct_280-1210-02_A1,2000,-10995,0
BOM_VirtualProduct_280-1211-01_A1_280-0425,VirtualProduct_280-1211-01_A1,1000,0,0
BOM_VirtualProduct_280-1211-01_A1_280-0425,VirtualProduct_280-1211-01_A1,2000,-67466,0
BOM_VirtualProduct_280-1211-01_A2_280-1210-02,VirtualProduct_280-1211-01_A2,1000,0,0
BOM_VirtualProduct_280-1211-01_A2_280-1210-02,VirtualProduct_280-1211-01_A2,2000,0,0
BOM_VirtualProduct_280-1212-01_A1_140-0547,VirtualProduct_280-1212-01_A1,1000,-3083,0
BOM_VirtualProduct_280-1212-01_A1_140-0547,VirtualProduct_280-1212-01_A1,2000,-10995,0
BOM_VirtualProduct_280-1212-02_A1_140-0547,VirtualProduct_280-1212-02_A1,1000,-3083,0
BOM_VirtualProduct_280-1212-02_A1_140-0547,VirtualProduct_280-1212-02_A1,2000,-10995,0
BOM_VirtualProduct_280-1213-01_A1_280-0425,VirtualProduct_280-1213-01_A1,1000,0,0
BOM_VirtualProduct_280-1213-01_A1_280-0425,VirtualProduct_280-1213-01_A1,2000,-67466,0
BOM_VirtualProduct_280-1213-01_A2_280-1212-01,VirtualProduct_280-1213-01_A2,1000,-140,0
BOM_VirtualProduct_280-1213-01_A2_280-1212-01,VirtualProduct_280-1213-01_A2,2000,-140,0
BOM_VirtualProduct_280-1213-01_A2_280-1212-02,VirtualProduct_280-1213-01_A2,1000,0,0
BOM_VirtualProduct_280-1213-01_A2_280-1212-02,VirtualProduct_280-1213-01_A2,2000,0,0
BOM_VirtualProduct_280-1227_A1_504-1319,VirtualProduct_280-1227_A1,1000,0,0
BOM_VirtualProduct_280-1227_A1_504-1319,VirtualProduct_280-1227_A1,2000,0,0
BOM_VirtualProduct_280-1227_A1_504-1532,VirtualProduct_280-1227_A1,1000,-302,0
BOM_VirtualProduct_280-1227_A1_504-1532,VirtualProduct_280-1227_A1,2000,-2587,0
BOM_VirtualProduct_280-1227_A1_504-1548,VirtualProduct_280-1227_A1,1000,0,0
BOM_VirtualProduct_280-1227_A1_504-1548,VirtualProduct_280-1227_A1,2000,0,0
BOM_VirtualProduct_280-1227_A1_504-1693,VirtualProduct_280-1227_A1,1000,0,0
BOM_VirtualProduct_280-1227_A1_504-1693,VirtualProduct_280-1227_A1,2000,0,0
BOM_VirtualProduct_280-1227_A1_504-1815,VirtualProduct_280-1227_A1,1000,0,0
BOM_VirtualProduct_280-1227_A1_504-1815,VirtualProduct_280-1227_A1,2000,0,0
BOM_VirtualProduct_280-1227_A1_504-1817,VirtualProduct_280-1227_A1,1000,0,0
BOM_VirtualProduct_280-1227_A1_504-1817,VirtualProduct_280-1227_A1,2000,0,0
BOM_VirtualProduct_280-1227_A2_101-0001,VirtualProduct_280-1227_A2,1000,-28736,0
BOM_VirtualProduct_280-1227_A2_101-0001,VirtualProduct_280-1227_A2,2000,-14336,0
BOM_VirtualProduct_280-1229-02_A1_280-0425,VirtualProduct_280-1229-02_A1,1000,0,0
BOM_VirtualProduct_280-1229-02_A1_280-0425,VirtualProduct_280-1229-02_A1,2000,-67466,0
BOM_VirtualProduct_280-1245-01_A1_140-0547,VirtualProduct_280-1245-01_A1,1000,-3083,0
BOM_VirtualProduct_280-1245-01_A1_140-0547,VirtualProduct_280-1245-01_A1,2000,-10995,0
BOM_VirtualProduct_280-1245-02_A1_140-0547,VirtualProduct_280-1245-02_A1,1000,-3083,0
BOM_VirtualProduct_280-1245-02_A1_140-0547,VirtualProduct_280-1245-02_A1,2000,-10995,0
BOM_VirtualProduct_280-1246_A1_280-0425,VirtualProduct_280-1246_A1,1000,0,0
BOM_VirtualProduct_280-1246_A1_280-0425,VirtualProduct_280-1246_A1,2000,-67466,0
BOM_VirtualProduct_280-1246_A2_280-1245-01,VirtualProduct_280-1246_A2,1000,-140,0
BOM_VirtualProduct_280-1246_A2_280-1245-01,VirtualProduct_280-1246_A2,2000,-140,0
BOM_VirtualProduct_280-1246_A2_280-1245-02,VirtualProduct_280-1246_A2,1000,0,0
BOM_VirtualProduct_280-1246_A2_280-1245-02,VirtualProduct_280-1246_A2,2000,0,0
BOM_VirtualProduct_280-1312-31_A1_283-0046-31,VirtualProduct_280-1312-31_A1,1000,-9588,0
BOM_VirtualProduct_280-1312-31_A1_283-0046-31,VirtualProduct_280-1312-31_A1,2000,-61804,0
BOM_VirtualProduct_280-1313_A1_280-0425,VirtualProduct_280-1313_A1,1000,0,0
BOM_VirtualProduct_280-1313_A1_280-0425,VirtualProduct_280-1313_A1,2000,-67466,0
BOM_VirtualProduct_280-1314_A1_280-0425,VirtualProduct_280-1314_A1,1000,0,0
BOM_VirtualProduct_280-1314_A1_280-0425,VirtualProduct_280-1314_A1,2000,-67466,0
BOM_VirtualProduct_280-1314_A2_280-1159,VirtualProduct_280-1314_A2,1000,-140,0
BOM_VirtualProduct_280-1314_A2_280-1159,VirtualProduct_280-1314_A2,2000,-202,0
BOM_VirtualProduct_280-1314_A2_280-1210-02,VirtualProduct_280-1314_A2,1000,0,0
BOM_VirtualProduct_280-1314_A2_280-1210-02,VirtualProduct_280-1314_A2,2000,0,0
BOM_VirtualProduct_280-1314-R_A1_280-0425,VirtualProduct_280-1314-R_A1,1000,0,0
BOM_VirtualProduct_280-1314-R_A1_280-0425,VirtualProduct_280-1314-R_A1,2000,-67466,0
BOM_VirtualProduct_280-1314-R_A2_280-1312-27,VirtualProduct_280-1314-R_A2,1000,0,0
BOM_VirtualProduct_280-1314-R_A2_280-1312-27,VirtualProduct_280-1314-R_A2,2000,-2214,0
BOM_VirtualProduct_280-1314-R_A3_280-1312-29,VirtualProduct_280-1314-R_A3,1000,0,0
BOM_VirtualProduct_280-1314-R_A3_280-1312-29,VirtualProduct_280-1314-R_A3,2000,-2636,0
BOM_VirtualProduct_280-1314-R_A4_280-1312-31,VirtualProduct_280-1314-R_A4,1000,0,0
BOM_VirtualProduct_280-1314-R_A4_280-1312-31,VirtualProduct_280-1314-R_A4,2000,-1905,0
BOM_VirtualProduct_280-1314-R_A5_280-1312-33,VirtualProduct_280-1314-R_A5,1000,0,0
BOM_VirtualProduct_280-1314-R_A5_280-1312-33,VirtualProduct_280-1314-R_A5,2000,-2164,0
BOM_VirtualProduct_280-1335_A1_504-1319,VirtualProduct_280-1335_A1,1000,0,0
BOM_VirtualProduct_280-1335_A1_504-1532,VirtualProduct_280-1335_A1,1000,-302,0
BOM_VirtualProduct_280-1335_A1_504-1548,VirtualProduct_280-1335_A1,1000,0,0
BOM_VirtualProduct_280-1335_A1_504-1693,VirtualProduct_280-1335_A1,1000,0,0
BOM_VirtualProduct_280-1335_A1_504-1815,VirtualProduct_280-1335_A1,1000,0,0
BOM_VirtualProduct_280-1335_A1_504-1817,VirtualProduct_280-1335_A1,1000,0,0
BOM_VirtualProduct_280-1335_A3_101-0001,VirtualProduct_280-1335_A3,1000,-28736,0
BOM_VirtualProduct_280-1336_A1_280-0425,VirtualProduct_280-1336_A1,1000,0,0
BOM_VirtualProduct_280-1390_C1_320-0328,VirtualProduct_280-1390_C1,1000,0,0
BOM_VirtualProduct_280-1392_A3_282-0040,VirtualProduct_280-1392_A3,1000,0,0
BOM_VirtualProduct_280-1392_A3_282-0040,VirtualProduct_280-1392_A3,2000,-20923,0
BOM_VirtualProduct_280-1392_A3_282-0333,VirtualProduct_280-1392_A3,1000,-140,0
BOM_VirtualProduct_280-1392_A3_282-0333,VirtualProduct_280-1392_A3,2000,-1630,0
BOM_VirtualProduct_280-1392_A4_280-0698,VirtualProduct_280-1392_A4,1000,0,0
BOM_VirtualProduct_280-1392_A4_280-0698,VirtualProduct_280-1392_A4,2000,-23757,0
BOM_VirtualProduct_280-1392_A4_282-0330,VirtualProduct_280-1392_A4,1000,-140,0
BOM_VirtualProduct_280-1392_A4_282-0330,VirtualProduct_280-1392_A4,2000,-1554,0
BOM_VirtualProduct_280-1404_A1_280-0425,VirtualProduct_280-1404_A1,1000,0,0
BOM_VirtualProduct_280-1404_A1_280-0425,VirtualProduct_280-1404_A1,2000,-67466,0
BOM_VirtualProduct_280-1405_A3_101-0001,VirtualProduct_280-1405_A3,1000,-28736,0
BOM_VirtualProduct_280-1405_A3_101-0001,VirtualProduct_280-1405_A3,2000,-14336,0
BOM_VirtualProduct_280-1428_A1_284-0089-20,VirtualProduct_280-1428_A1,1000,-140,0
BOM_VirtualProduct_280-1428_A1_284-0089-20,VirtualProduct_280-1428_A1,2000,-5078,0
BOM_VirtualProduct_280-1428_C1_320-0328,VirtualProduct_280-1428_C1,1000,-140,0
BOM_VirtualProduct_280-1428_C1_320-0328,VirtualProduct_280-1428_C1,2000,-11753,0
BOM_VirtualProduct_280-1456_A1_280-0425,VirtualProduct_280-1456_A1,1000,0,0
BOM_VirtualProduct_280-1456_A1_280-0425,VirtualProduct_280-1456_A1,2000,-67466,0
BOM_VirtualProduct_280-1458_A1_282-0040,VirtualProduct_280-1458_A1,1000,0,0
BOM_VirtualProduct_280-1458_A1_282-0040,VirtualProduct_280-1458_A1,2000,-20923,0
BOM_VirtualProduct_280-1464_A1_280-1480-27,VirtualProduct_280-1464_A1,1000,-140,0
BOM_VirtualProduct_280-1464_A1_280-1480-27,VirtualProduct_280-1464_A1,2000,-1764,0
BOM_VirtualProduct_280-1464_A2_280-1480-29,VirtualProduct_280-1464_A2,1000,-140,0
BOM_VirtualProduct_280-1464_A2_280-1480-29,VirtualProduct_280-1464_A2,2000,-1818,0
BOM_VirtualProduct_280-1464_A3_280-1480-31,VirtualProduct_280-1464_A3,1000,-140,0
BOM_VirtualProduct_280-1464_A3_280-1480-31,VirtualProduct_280-1464_A3,2000,-1755,0
BOM_VirtualProduct_280-1464_A4_280-1480-33,VirtualProduct_280-1464_A4,1000,-140,0
BOM_VirtualProduct_280-1464_A4_280-1480-33,VirtualProduct_280-1464_A4,2000,-1877,0
BOM_VirtualProduct_280-1465_A1_504-1728,VirtualProduct_280-1465_A1,1000,0,0
BOM_VirtualProduct_280-1465_A1_504-1728,VirtualProduct_280-1465_A1,2000,0,0
BOM_VirtualProduct_280-1465_A1_504-1877,VirtualProduct_280-1465_A1,1000,-1128,0
BOM_VirtualProduct_280-1465_A1_504-1877,VirtualProduct_280-1465_A1,2000,-3325,0
BOM_VirtualProduct_280-1465_A2_101-0001,VirtualProduct_280-1465_A2,1000,-28736,0
BOM_VirtualProduct_280-1465_A2_101-0001,VirtualProduct_280-1465_A2,2000,-14336,0
BOM_VirtualProduct_280-1475_C1_320-0328,VirtualProduct_280-1475_C1,1000,-140,0
BOM_VirtualProduct_280-1475_C1_320-0328,VirtualProduct_280-1475_C1,2000,-11753,0
BOM_VirtualProduct_280-1480-27_AA_283-0110-27,VirtualProduct_280-1480-27_AA,1000,-12663,0
BOM_VirtualProduct_280-1480-27_AA_283-0110-27,VirtualProduct_280-1480-27_AA,2000,-666,0
BOM_VirtualProduct_280-1480-29_AA_283-0110-29,VirtualProduct_280-1480-29_AA,1000,-12777,0
BOM_VirtualProduct_280-1480-29_AA_283-0110-29,VirtualProduct_280-1480-29_AA,2000,-552,0
BOM_VirtualProduct_280-1480-31_AA_283-0080,VirtualProduct_280-1480-31_AA,1000,-8,0
BOM_VirtualProduct_280-1480-31_AA_283-0080,VirtualProduct_280-1480-31_AA,2000,0,0
BOM_VirtualProduct_280-1480-31_AA_283-0110-31,VirtualProduct_280-1480-31_AA,1000,-12671,0
BOM_VirtualProduct_280-1480-31_AA_283-0110-31,VirtualProduct_280-1480-31_AA,2000,-658,0
BOM_VirtualProduct_280-1480-33_AA_283-0110-33,VirtualProduct_280-1480-33_AA,1000,-18414,0
BOM_VirtualProduct_280-1480-33_AA_283-0110-33,VirtualProduct_280-1480-33_AA,2000,-535,0
BOM_VirtualProduct_280-1481_A1_280-0425,VirtualProduct_280-1481_A1,1000,0,0
BOM_VirtualProduct_280-1481_A1_280-0425,VirtualProduct_280-1481_A1,2000,-67466,0
BOM_VirtualProduct_280-1497-40_B1_341-0036,VirtualProduct_280-1497-40_B1,1000,-30404,0
BOM_VirtualProduct_280-1497-40_B1_341-0036,VirtualProduct_280-1497-40_B1,2000,-8071,0
BOM_VirtualProduct_280-1497-40_C1_320-0328,VirtualProduct_280-1497-40_C1,1000,-140,0
BOM_VirtualProduct_280-1497-40_C1_320-0328,VirtualProduct_280-1497-40_C1,2000,-11613,0
BOM_VirtualProduct_280-1499_A1_280-0425,VirtualProduct_280-1499_A1,1000,0,0
BOM_VirtualProduct_280-1499_A1_280-0425,VirtualProduct_280-1499_A1,2000,-67466,0
BOM_VirtualProduct_280-1524_A1_280-0425,VirtualProduct_280-1524_A1,1000,0,0
BOM_VirtualProduct_280-1524_A1_280-0425,VirtualProduct_280-1524_A1,2000,-67466,0
BOM_VirtualProduct_280-1524_A2_280-1480-27,VirtualProduct_280-1524_A2,1000,0,0
BOM_VirtualProduct_280-1524_A2_280-1480-27,VirtualProduct_280-1524_A2,2000,-1624,0
BOM_VirtualProduct_280-1524_A3_280-1480-29,VirtualProduct_280-1524_A3,1000,0,0
BOM_VirtualProduct_280-1524_A3_280-1480-29,VirtualProduct_280-1524_A3,2000,-1678,0
BOM_VirtualProduct_280-1524_A4_280-1480-31,VirtualProduct_280-1524_A4,1000,0,0
BOM_VirtualProduct_280-1524_A4_280-1480-31,VirtualProduct_280-1524_A4,2000,-1615,0
BOM_VirtualProduct_280-1524_A5_280-1480-33,VirtualProduct_280-1524_A5,1000,0,0
BOM_VirtualProduct_280-1524_A5_280-1480-33,VirtualProduct_280-1524_A5,2000,-1737,0
BOM_VirtualProduct_280-1575_A1_280-0425,VirtualProduct_280-1575_A1,1000,0,0
BOM_VirtualProduct_280-1575_A2_280-1480-27,VirtualProduct_280-1575_A2,1000,0,0
BOM_VirtualProduct_280-1575_A3_280-1480-29,VirtualProduct_280-1575_A3,1000,0,0
BOM_VirtualProduct_280-1575_A4_280-1480-31,VirtualProduct_280-1575_A4,1000,0,0
BOM_VirtualProduct_280-1575_A5_280-1480-33,VirtualProduct_280-1575_A5,1000,0,0
BOM_VirtualProduct_280-1593_T1_280-1480-27,VirtualProduct_280-1593_T1,1000,-140,0
BOM_VirtualProduct_280-1593_T1_280-1480-27,VirtualProduct_280-1593_T1,2000,-1764,0
BOM_VirtualProduct_280-1593_T2_280-1480-29,VirtualProduct_280-1593_T2,1000,-140,0
BOM_VirtualProduct_280-1593_T2_280-1480-29,VirtualProduct_280-1593_T2,2000,-1818,0
BOM_VirtualProduct_280-1593_T3_280-1480-31,VirtualProduct_280-1593_T3,1000,-140,0
BOM_VirtualProduct_280-1593_T3_280-1480-31,VirtualProduct_280-1593_T3,2000,-1755,0
BOM_VirtualProduct_280-1593_T4_280-1480-33,VirtualProduct_280-1593_T4,1000,-140,0
BOM_VirtualProduct_280-1593_T4_280-1480-33,VirtualProduct_280-1593_T4,2000,-1877,0
BOM_VirtualProduct_280-1593_T5_280-0425,VirtualProduct_280-1593_T5,1000,0,0
BOM_VirtualProduct_280-1593_T5_280-0425,VirtualProduct_280-1593_T5,2000,-67466,0
BOM_VirtualProduct_280-1594_A1_101-0001,VirtualProduct_280-1594_A1,1000,-28736,0
BOM_VirtualProduct_280-1594_A1_101-0001,VirtualProduct_280-1594_A1,2000,-14336,0
BOM_VirtualProduct_280-1594_P1_504-1728,VirtualProduct_280-1594_P1,1000,0,0
BOM_VirtualProduct_280-1594_P1_504-1728,VirtualProduct_280-1594_P1,2000,0,0
BOM_VirtualProduct_280-1594_P1_504-1877,VirtualProduct_280-1594_P1,1000,-1128,0
BOM_VirtualProduct_280-1594_P1_504-1877,VirtualProduct_280-1594_P1,2000,-3325,0
BOM_VirtualProduct_280-1600-20_A1_284-0089-20,VirtualProduct_280-1600-20_A1,1000,-140,0
BOM_VirtualProduct_280-1600-20_A1_284-0089-20,VirtualProduct_280-1600-20_A1,2000,-5078,0
BOM_VirtualProduct_280-1600-20_B1_341-0036,VirtualProduct_280-1600-20_B1,1000,-30404,0
BOM_VirtualProduct_280-1600-20_B1_341-0036,VirtualProduct_280-1600-20_B1,2000,-8071,0
BOM_VirtualProduct_280-1600-20_C1_320-0328,VirtualProduct_280-1600-20_C1,1000,-140,0
BOM_VirtualProduct_280-1600-20_C1_320-0328,VirtualProduct_280-1600-20_C1,2000,-11753,0
BOM_VirtualProduct_280-1638_T1_280-1480-27,VirtualProduct_280-1638_T1,1000,-140,0
BOM_VirtualProduct_280-1638_T1_280-1480-27,VirtualProduct_280-1638_T1,2000,-1764,0
BOM_VirtualProduct_280-1638_T2_280-1480-29,VirtualProduct_280-1638_T2,1000,-140,0
BOM_VirtualProduct_280-1638_T2_280-1480-29,VirtualProduct_280-1638_T2,2000,-1818,0
BOM_VirtualProduct_280-1638_T3_280-1480-31,VirtualProduct_280-1638_T3,1000,-140,0
BOM_VirtualProduct_280-1638_T3_280-1480-31,VirtualProduct_280-1638_T3,2000,-1755,0
BOM_VirtualProduct_280-1638_T4_280-1480-33,VirtualProduct_280-1638_T4,1000,-140,0
BOM_VirtualProduct_280-1638_T4_280-1480-33,VirtualProduct_280-1638_T4,2000,-1877,0
BOM_VirtualProduct_280-1638_T5_280-0425,VirtualProduct_280-1638_T5,1000,-140,0
BOM_VirtualProduct_280-1638_T5_280-0425,VirtualProduct_280-1638_T5,2000,-67606,0
BOM_VirtualProduct_280-1638_T6_101-0001,VirtualProduct_280-1638_T6,1000,-28876,0
BOM_VirtualProduct_280-1638_T6_101-0001,VirtualProduct_280-1638_T6,2000,-14476,0
BOM_VirtualProduct_280-1638_T7_504-1728,VirtualProduct_280-1638_T7,1000,0,0
BOM_VirtualProduct_280-1638_T7_504-1728,VirtualProduct_280-1638_T7,2000,0,0
BOM_VirtualProduct_280-1638_T7_504-1877,VirtualProduct_280-1638_T7,1000,-1128,0
BOM_VirtualProduct_280-1638_T7_504-1877,VirtualProduct_280-1638_T7,2000,-3325,0
BOM_VirtualProduct_280-1663_A1_504-1319,VirtualProduct_280-1663_A1,1000,0,0
BOM_VirtualProduct_280-1663_A1_504-1319,VirtualProduct_280-1663_A1,2000,0,0
BOM_VirtualProduct_280-1663_A1_504-1532,VirtualProduct_280-1663_A1,1000,-302,0
BOM_VirtualProduct_280-1663_A1_504-1532,VirtualProduct_280-1663_A1,2000,-2587,0
BOM_VirtualProduct_280-1663_A1_504-1532-R,VirtualProduct_280-1663_A1,1000,0,0
BOM_VirtualProduct_280-1663_A1_504-1532-R,VirtualProduct_280-1663_A1,2000,0,0
BOM_VirtualProduct_280-1663_A1_504-1548,VirtualProduct_280-1663_A1,1000,0,0
BOM_VirtualProduct_280-1663_A1_504-1548,VirtualProduct_280-1663_A1,2000,0,0
BOM_VirtualProduct_280-1663_A1_504-1693,VirtualProduct_280-1663_A1,1000,0,0
BOM_VirtualProduct_280-1663_A1_504-1693,VirtualProduct_280-1663_A1,2000,0,0
BOM_VirtualProduct_280-1663_A1_504-1815,VirtualProduct_280-1663_A1,1000,0,0
BOM_VirtualProduct_280-1663_A1_504-1815,VirtualProduct_280-1663_A1,2000,0,0
BOM_VirtualProduct_280-1663_A1_504-1817,VirtualProduct_280-1663_A1,1000,0,0
BOM_VirtualProduct_280-1663_A1_504-1817,VirtualProduct_280-1663_A1,2000,0,0
BOM_VirtualProduct_280-1663_A2_140-0547,VirtualProduct_280-1663_A2,1000,-3083,0
BOM_VirtualProduct_280-1663_A2_140-0547,VirtualProduct_280-1663_A2,2000,-10995,0
BOM_VirtualProduct_280-1663_A3_280-0425,VirtualProduct_280-1663_A3,1000,-140,0
BOM_VirtualProduct_280-1663_A3_280-0425,VirtualProduct_280-1663_A3,2000,-67606,0
BOM_VirtualProduct_280-1663_A4_101-0001,VirtualProduct_280-1663_A4,1000,-28876,0
BOM_VirtualProduct_280-1663_A4_101-0001,VirtualProduct_280-1663_A4,2000,-14476,0
BOM_VirtualProduct_280-1663-R_A1_504-1319,VirtualProduct_280-1663-R_A1,1000,0,0
BOM_VirtualProduct_280-1663-R_A1_504-1319,VirtualProduct_280-1663-R_A1,2000,0,0
BOM_VirtualProduct_280-1663-R_A1_504-1532,VirtualProduct_280-1663-R_A1,1000,-162,0
BOM_VirtualProduct_280-1663-R_A1_504-1532,VirtualProduct_280-1663-R_A1,2000,-2447,0
BOM_VirtualProduct_280-1663-R_A1_504-1532-R,VirtualProduct_280-1663-R_A1,1000,-140,0
BOM_VirtualProduct_280-1663-R_A1_504-1532-R,VirtualProduct_280-1663-R_A1,2000,-140,0
BOM_VirtualProduct_280-1663-R_A1_504-1548,VirtualProduct_280-1663-R_A1,1000,0,0
BOM_VirtualProduct_280-1663-R_A1_504-1548,VirtualProduct_280-1663-R_A1,2000,0,0
BOM_VirtualProduct_280-1663-R_A1_504-1693,VirtualProduct_280-1663-R_A1,1000,0,0
BOM_VirtualProduct_280-1663-R_A1_504-1693,VirtualProduct_280-1663-R_A1,2000,0,0
BOM_VirtualProduct_280-1663-R_A1_504-1815,VirtualProduct_280-1663-R_A1,1000,0,0
BOM_VirtualProduct_280-1663-R_A1_504-1815,VirtualProduct_280-1663-R_A1,2000,0,0
BOM_VirtualProduct_280-1663-R_A1_504-1817,VirtualProduct_280-1663-R_A1,1000,0,0
BOM_VirtualProduct_280-1663-R_A1_504-1817,VirtualProduct_280-1663-R_A1,2000,0,0
BOM_VirtualProduct_280-1663-R_A2_140-0547,VirtualProduct_280-1663-R_A2,1000,-3083,0
BOM_VirtualProduct_280-1663-R_A2_140-0547,VirtualProduct_280-1663-R_A2,2000,-10995,0
BOM_VirtualProduct_280-1663-R_A3_280-0425,VirtualProduct_280-1663-R_A3,1000,0,0
BOM_VirtualProduct_280-1663-R_A3_280-0425,VirtualProduct_280-1663-R_A3,2000,-67466,0
BOM_VirtualProduct_280-1663-R_A4_280-1049-27,VirtualProduct_280-1663-R_A4,1000,0,0
BOM_VirtualProduct_280-1663-R_A4_280-1049-27,VirtualProduct_280-1663-R_A4,2000,-875,0
BOM_VirtualProduct_280-1663-R_A5_280-1049-29,VirtualProduct_280-1663-R_A5,1000,0,0
BOM_VirtualProduct_280-1663-R_A5_280-1049-29,VirtualProduct_280-1663-R_A5,2000,-977,0
BOM_VirtualProduct_280-1663-R_A6_280-1049-31,VirtualProduct_280-1663-R_A6,1000,0,0
BOM_VirtualProduct_280-1663-R_A6_280-1049-31,VirtualProduct_280-1663-R_A6,2000,-1116,0
BOM_VirtualProduct_280-1663-R_A7_280-1049-33,VirtualProduct_280-1663-R_A7,1000,0,0
BOM_VirtualProduct_280-1663-R_A7_280-1049-33,VirtualProduct_280-1663-R_A7,2000,-875,0
BOM_VirtualProduct_280-1663-R_A8_101-0001,VirtualProduct_280-1663-R_A8,1000,-28876,0
BOM_VirtualProduct_280-1663-R_A8_101-0001,VirtualProduct_280-1663-R_A8,2000,-14476,0
BOM_VirtualProduct_280-1786_T1_280-1480-27,VirtualProduct_280-1786_T1,1000,-140,0
BOM_VirtualProduct_280-1786_T1_280-1480-27,VirtualProduct_280-1786_T1,2000,-1764,0
BOM_VirtualProduct_280-1786_T2_280-1480-29,VirtualProduct_280-1786_T2,1000,-140,0
BOM_VirtualProduct_280-1786_T2_280-1480-29,VirtualProduct_280-1786_T2,2000,-1818,0
BOM_VirtualProduct_280-1786_T3_280-1480-31,VirtualProduct_280-1786_T3,1000,-140,0
BOM_VirtualProduct_280-1786_T3_280-1480-31,VirtualProduct_280-1786_T3,2000,-1755,0
BOM_VirtualProduct_280-1786_T4_280-1480-33,VirtualProduct_280-1786_T4,1000,-140,0
BOM_VirtualProduct_280-1786_T4_280-1480-33,VirtualProduct_280-1786_T4,2000,-1877,0
BOM_VirtualProduct_280-1786_T5_280-0425,VirtualProduct_280-1786_T5,1000,-140,0
BOM_VirtualProduct_280-1786_T5_280-0425,VirtualProduct_280-1786_T5,2000,-67606,0
BOM_VirtualProduct_280-1786_T6_101-0001,VirtualProduct_280-1786_T6,1000,-28876,0
BOM_VirtualProduct_280-1786_T6_101-0001,VirtualProduct_280-1786_T6,2000,-14476,0
BOM_VirtualProduct_280-1802_A1_280-0425,VirtualProduct_280-1802_A1,1000,0,0
BOM_VirtualProduct_280-1802_A1_280-0425,VirtualProduct_280-1802_A1,2000,-67466,0
BOM_VirtualProduct_280-1802_B1_504-1319,VirtualProduct_280-1802_B1,1000,0,0
BOM_VirtualProduct_280-1802_B1_504-1319,VirtualProduct_280-1802_B1,2000,0,0
BOM_VirtualProduct_280-1802_B1_504-1532,VirtualProduct_280-1802_B1,1000,-302,0
BOM_VirtualProduct_280-1802_B1_504-1532,VirtualProduct_280-1802_B1,2000,-2587,0
BOM_VirtualProduct_280-1802_B1_504-1548,VirtualProduct_280-1802_B1,1000,0,0
BOM_VirtualProduct_280-1802_B1_504-1548,VirtualProduct_280-1802_B1,2000,0,0
BOM_VirtualProduct_280-1802_B1_504-1693,VirtualProduct_280-1802_B1,1000,0,0
BOM_VirtualProduct_280-1802_B1_504-1693,VirtualProduct_280-1802_B1,2000,0,0
BOM_VirtualProduct_280-1802_B1_504-1817,VirtualProduct_280-1802_B1,1000,0,0
BOM_VirtualProduct_280-1802_B1_504-1817,VirtualProduct_280-1802_B1,2000,0,0
BOM_VirtualProduct_280-1802_C1_140-0547,VirtualProduct_280-1802_C1,1000,-3083,0
BOM_VirtualProduct_280-1802_C1_140-0547,VirtualProduct_280-1802_C1,2000,-10995,0
BOM_VirtualProduct_280-1802_D1_101-0001,VirtualProduct_280-1802_D1,1000,-28876,0
BOM_VirtualProduct_280-1802_D1_101-0001,VirtualProduct_280-1802_D1,2000,-14476,0
BOM_VirtualProduct_280-1803_A1_280-0425,VirtualProduct_280-1803_A1,1000,0,0
BOM_VirtualProduct_280-1803_A1_280-0425,VirtualProduct_280-1803_A1,2000,-67466,0
BOM_VirtualProduct_280-1803_B1_504-1319,VirtualProduct_280-1803_B1,1000,0,0
BOM_VirtualProduct_280-1803_B1_504-1319,VirtualProduct_280-1803_B1,2000,0,0
BOM_VirtualProduct_280-1803_B1_504-1532,VirtualProduct_280-1803_B1,1000,-302,0
BOM_VirtualProduct_280-1803_B1_504-1532,VirtualProduct_280-1803_B1,2000,-2587,0
BOM_VirtualProduct_280-1803_B1_504-1548,VirtualProduct_280-1803_B1,1000,0,0
BOM_VirtualProduct_280-1803_B1_504-1548,VirtualProduct_280-1803_B1,2000,0,0
BOM_VirtualProduct_280-1803_B1_504-1693,VirtualProduct_280-1803_B1,1000,0,0
BOM_VirtualProduct_280-1803_B1_504-1693,VirtualProduct_280-1803_B1,2000,0,0
BOM_VirtualProduct_280-1803_B1_504-1817,VirtualProduct_280-1803_B1,1000,0,0
BOM_VirtualProduct_280-1803_B1_504-1817,VirtualProduct_280-1803_B1,2000,0,0
BOM_VirtualProduct_280-1803_C1_140-0547,VirtualProduct_280-1803_C1,1000,-3083,0
BOM_VirtualProduct_280-1803_C1_140-0547,VirtualProduct_280-1803_C1,2000,-10995,0
BOM_VirtualProduct_280-1803_D1_101-0001,VirtualProduct_280-1803_D1,1000,-28876,0
BOM_VirtualProduct_280-1803_D1_101-0001,VirtualProduct_280-1803_D1,2000,-14476,0
BOM_VirtualProduct_280-1805_A1_280-0425,VirtualProduct_280-1805_A1,1000,0,0
BOM_VirtualProduct_280-1805_A1_280-0425,VirtualProduct_280-1805_A1,2000,-67466,0
BOM_VirtualProduct_280-1805_B1_504-1319,VirtualProduct_280-1805_B1,1000,0,0
BOM_VirtualProduct_280-1805_B1_504-1319,VirtualProduct_280-1805_B1,2000,0,0
BOM_VirtualProduct_280-1805_B1_504-1532,VirtualProduct_280-1805_B1,1000,-302,0
BOM_VirtualProduct_280-1805_B1_504-1532,VirtualProduct_280-1805_B1,2000,-2587,0
BOM_VirtualProduct_280-1805_B1_504-1548,VirtualProduct_280-1805_B1,1000,0,0
BOM_VirtualProduct_280-1805_B1_504-1548,VirtualProduct_280-1805_B1,2000,0,0
BOM_VirtualProduct_280-1805_B1_504-1693,VirtualProduct_280-1805_B1,1000,0,0
BOM_VirtualProduct_280-1805_B1_504-1693,VirtualProduct_280-1805_B1,2000,0,0
BOM_VirtualProduct_280-1805_B1_504-1817,VirtualProduct_280-1805_B1,1000,0,0
BOM_VirtualProduct_280-1805_B1_504-1817,VirtualProduct_280-1805_B1,2000,0,0
BOM_VirtualProduct_280-1805_D1_101-0001,VirtualProduct_280-1805_D1,1000,-28876,0
BOM_VirtualProduct_280-1805_D1_101-0001,VirtualProduct_280-1805_D1,2000,-14476,0
BOM_VirtualProduct_280-1806_A1_280-0425,VirtualProduct_280-1806_A1,1000,-140,0
BOM_VirtualProduct_280-1806_A1_280-0425,VirtualProduct_280-1806_A1,2000,-67606,0
BOM_VirtualProduct_280-1806_B1_504-1319,VirtualProduct_280-1806_B1,1000,0,0
BOM_VirtualProduct_280-1806_B1_504-1319,VirtualProduct_280-1806_B1,2000,0,0
BOM_VirtualProduct_280-1806_B1_504-1532,VirtualProduct_280-1806_B1,1000,-302,0
BOM_VirtualProduct_280-1806_B1_504-1532,VirtualProduct_280-1806_B1,2000,-2587,0
BOM_VirtualProduct_280-1806_B1_504-1532-R,VirtualProduct_280-1806_B1,1000,0,0
BOM_VirtualProduct_280-1806_B1_504-1532-R,VirtualProduct_280-1806_B1,2000,0,0
BOM_VirtualProduct_280-1806_B1_504-1548,VirtualProduct_280-1806_B1,1000,0,0
BOM_VirtualProduct_280-1806_B1_504-1548,VirtualProduct_280-1806_B1,2000,0,0
BOM_VirtualProduct_280-1806_B1_504-1693,VirtualProduct_280-1806_B1,1000,0,0
BOM_VirtualProduct_280-1806_B1_504-1693,VirtualProduct_280-1806_B1,2000,0,0
BOM_VirtualProduct_280-1806_B1_504-1817,VirtualProduct_280-1806_B1,1000,0,0
BOM_VirtualProduct_280-1806_B1_504-1817,VirtualProduct_280-1806_B1,2000,0,0
BOM_VirtualProduct_280-1806_C1_140-0547,VirtualProduct_280-1806_C1,1000,-3083,0
BOM_VirtualProduct_280-1806_C1_140-0547,VirtualProduct_280-1806_C1,2000,-10995,0
BOM_VirtualProduct_280-1806_D1_101-0001,VirtualProduct_280-1806_D1,1000,-28876,0
BOM_VirtualProduct_280-1806_D1_101-0001,VirtualProduct_280-1806_D1,2000,-14476,0
BOM_VirtualProduct_280-1806-R_A1_280-0425,VirtualProduct_280-1806-R_A1,1000,0,0
BOM_VirtualProduct_280-1806-R_A1_280-0425,VirtualProduct_280-1806-R_A1,2000,-67466,0
BOM_VirtualProduct_280-1806-R_B1_504-1319,VirtualProduct_280-1806-R_B1,1000,0,0
BOM_VirtualProduct_280-1806-R_B1_504-1319,VirtualProduct_280-1806-R_B1,2000,0,0
BOM_VirtualProduct_280-1806-R_B1_504-1532,VirtualProduct_280-1806-R_B1,1000,-162,0
BOM_VirtualProduct_280-1806-R_B1_504-1532,VirtualProduct_280-1806-R_B1,2000,-2447,0
BOM_VirtualProduct_280-1806-R_B1_504-1532-R,VirtualProduct_280-1806-R_B1,1000,-140,0
BOM_VirtualProduct_280-1806-R_B1_504-1532-R,VirtualProduct_280-1806-R_B1,2000,-140,0
BOM_VirtualProduct_280-1806-R_B1_504-1548,VirtualProduct_280-1806-R_B1,1000,0,0
BOM_VirtualProduct_280-1806-R_B1_504-1548,VirtualProduct_280-1806-R_B1,2000,0,0
BOM_VirtualProduct_280-1806-R_B1_504-1693,VirtualProduct_280-1806-R_B1,1000,0,0
BOM_VirtualProduct_280-1806-R_B1_504-1693,VirtualProduct_280-1806-R_B1,2000,0,0
BOM_VirtualProduct_280-1806-R_B1_504-1817,VirtualProduct_280-1806-R_B1,1000,0,0
BOM_VirtualProduct_280-1806-R_B1_504-1817,VirtualProduct_280-1806-R_B1,2000,0,0
BOM_VirtualProduct_280-1806-R_C1_140-0547,VirtualProduct_280-1806-R_C1,1000,-3083,0
BOM_VirtualProduct_280-1806-R_C1_140-0547,VirtualProduct_280-1806-R_C1,2000,-10995,0
BOM_VirtualProduct_280-1806-R_D1_101-0001,VirtualProduct_280-1806-R_D1,1000,-28876,0
BOM_VirtualProduct_280-1806-R_D1_101-0001,VirtualProduct_280-1806-R_D1,2000,-14476,0
BOM_VirtualProduct_280-1806-R_E1_280-1312-27,VirtualProduct_280-1806-R_E1,1000,0,0
BOM_VirtualProduct_280-1806-R_E1_280-1312-27,VirtualProduct_280-1806-R_E1,2000,-2214,0
BOM_VirtualProduct_280-1806-R_F1_280-1312-29,VirtualProduct_280-1806-R_F1,1000,0,0
BOM_VirtualProduct_280-1806-R_F1_280-1312-29,VirtualProduct_280-1806-R_F1,2000,-2636,0
BOM_VirtualProduct_280-1806-R_G1_280-1312-31,VirtualProduct_280-1806-R_G1,1000,0,0
BOM_VirtualProduct_280-1806-R_G1_280-1312-31,VirtualProduct_280-1806-R_G1,2000,-1905,0
BOM_VirtualProduct_280-1806-R_H1_280-1312-33,VirtualProduct_280-1806-R_H1,1000,0,0
BOM_VirtualProduct_280-1806-R_H1_280-1312-33,VirtualProduct_280-1806-R_H1,2000,-2164,0
BOM_VirtualProduct_280-1807_A1_280-0425,VirtualProduct_280-1807_A1,1000,0,0
BOM_VirtualProduct_280-1807_A1_280-0425,VirtualProduct_280-1807_A1,2000,-67466,0
BOM_VirtualProduct_280-1807_B1_504-1319,VirtualProduct_280-1807_B1,1000,0,0
BOM_VirtualProduct_280-1807_B1_504-1319,VirtualProduct_280-1807_B1,2000,0,0
BOM_VirtualProduct_280-1807_B1_504-1532,VirtualProduct_280-1807_B1,1000,-302,0
BOM_VirtualProduct_280-1807_B1_504-1532,VirtualProduct_280-1807_B1,2000,-2587,0
BOM_VirtualProduct_280-1807_B1_504-1548,VirtualProduct_280-1807_B1,1000,0,0
BOM_VirtualProduct_280-1807_B1_504-1548,VirtualProduct_280-1807_B1,2000,0,0
BOM_VirtualProduct_280-1807_B1_504-1693,VirtualProduct_280-1807_B1,1000,0,0
BOM_VirtualProduct_280-1807_B1_504-1693,VirtualProduct_280-1807_B1,2000,0,0
BOM_VirtualProduct_280-1807_B1_504-1817,VirtualProduct_280-1807_B1,1000,0,0
BOM_VirtualProduct_280-1807_B1_504-1817,VirtualProduct_280-1807_B1,2000,0,0
BOM_VirtualProduct_280-1807_C1_140-0547,VirtualProduct_280-1807_C1,1000,-3083,0
BOM_VirtualProduct_280-1807_C1_140-0547,VirtualProduct_280-1807_C1,2000,-10995,0
BOM_VirtualProduct_280-1807_D1_101-0001,VirtualProduct_280-1807_D1,1000,-28876,0
BOM_VirtualProduct_280-1807_D1_101-0001,VirtualProduct_280-1807_D1,2000,-14476,0
BOM_VirtualProduct_280-1811_A1_280-0425,VirtualProduct_280-1811_A1,1000,-140,0
BOM_VirtualProduct_280-1811_A1_280-0425,VirtualProduct_280-1811_A1,2000,-67606,0
BOM_VirtualProduct_280-1811_B1_504-1369,VirtualProduct_280-1811_B1,1000,0,0
BOM_VirtualProduct_280-1811_B1_504-1369,VirtualProduct_280-1811_B1,2000,0,0
BOM_VirtualProduct_280-1811_B1_504-1753,VirtualProduct_280-1811_B1,1000,-366,0
BOM_VirtualProduct_280-1811_B1_504-1753,VirtualProduct_280-1811_B1,2000,-485,0
BOM_VirtualProduct_280-1811_C1_101-0001,VirtualProduct_280-1811_C1,1000,-28876,0
BOM_VirtualProduct_280-1811_C1_101-0001,VirtualProduct_280-1811_C1,2000,-14476,0
BOM_VirtualProduct_280-1814_A1_280-0425,VirtualProduct_280-1814_A1,1000,0,0
BOM_VirtualProduct_280-1814_A1_280-0425,VirtualProduct_280-1814_A1,2000,-67466,0
BOM_VirtualProduct_280-1814_B1_504-1369,VirtualProduct_280-1814_B1,1000,0,0
BOM_VirtualProduct_280-1814_B1_504-1369,VirtualProduct_280-1814_B1,2000,0,0
BOM_VirtualProduct_280-1814_B1_504-1753,VirtualProduct_280-1814_B1,1000,-366,0
BOM_VirtualProduct_280-1814_B1_504-1753,VirtualProduct_280-1814_B1,2000,-485,0
BOM_VirtualProduct_280-1814_C1_101-0001,VirtualProduct_280-1814_C1,1000,-28876,0
BOM_VirtualProduct_280-1814_C1_101-0001,VirtualProduct_280-1814_C1,2000,-14476,0
BOM_VirtualProduct_280-1816_A1_280-0425,VirtualProduct_280-1816_A1,1000,0,0
BOM_VirtualProduct_280-1816_A1_280-0425,VirtualProduct_280-1816_A1,2000,-67466,0
BOM_VirtualProduct_280-1816_B1_504-1369,VirtualProduct_280-1816_B1,1000,0,0
BOM_VirtualProduct_280-1816_B1_504-1369,VirtualProduct_280-1816_B1,2000,0,0
BOM_VirtualProduct_280-1816_B1_504-1753,VirtualProduct_280-1816_B1,1000,-366,0
BOM_VirtualProduct_280-1816_B1_504-1753,VirtualProduct_280-1816_B1,2000,-485,0
BOM_VirtualProduct_280-1816_C1_101-0001,VirtualProduct_280-1816_C1,1000,-28876,0
BOM_VirtualProduct_280-1816_C1_101-0001,VirtualProduct_280-1816_C1,2000,-14476,0
BOM_VirtualProduct_280-1817_A1_280-0425,VirtualProduct_280-1817_A1,1000,0,0
BOM_VirtualProduct_280-1817_A1_280-0425,VirtualProduct_280-1817_A1,2000,-67466,0
BOM_VirtualProduct_280-1817_C1_101-0001,VirtualProduct_280-1817_C1,1000,-28876,0
BOM_VirtualProduct_280-1817_C1_101-0001,VirtualProduct_280-1817_C1,2000,-14476,0
BOM_VirtualProduct_280-1822_A1_280-0425,VirtualProduct_280-1822_A1,1000,-140,0
BOM_VirtualProduct_280-1822_A1_280-0425,VirtualProduct_280-1822_A1,2000,-67606,0
BOM_VirtualProduct_280-1822_A3_101-0001,VirtualProduct_280-1822_A3,1000,-28876,0
BOM_VirtualProduct_280-1822_A3_101-0001,VirtualProduct_280-1822_A3,2000,-14476,0
BOM_VirtualProduct_280-1822_B1_504-1319,VirtualProduct_280-1822_B1,1000,0,0
BOM_VirtualProduct_280-1822_B1_504-1319,VirtualProduct_280-1822_B1,2000,0,0
BOM_VirtualProduct_280-1822_B1_504-1532,VirtualProduct_280-1822_B1,1000,-302,0
BOM_VirtualProduct_280-1822_B1_504-1532,VirtualProduct_280-1822_B1,2000,-2587,0
BOM_VirtualProduct_280-1822_B1_504-1548,VirtualProduct_280-1822_B1,1000,0,0
BOM_VirtualProduct_280-1822_B1_504-1548,VirtualProduct_280-1822_B1,2000,0,0
BOM_VirtualProduct_280-1822_B1_504-1693,VirtualProduct_280-1822_B1,1000,0,0
BOM_VirtualProduct_280-1822_B1_504-1693,VirtualProduct_280-1822_B1,2000,0,0
BOM_VirtualProduct_280-1822_B1_504-1817,VirtualProduct_280-1822_B1,1000,0,0
BOM_VirtualProduct_280-1822_B1_504-1817,VirtualProduct_280-1822_B1,2000,0,0
BOM_VirtualProduct_280-1826_A1_280-0425,VirtualProduct_280-1826_A1,1000,0,0
BOM_VirtualProduct_280-1826_A1_280-0425,VirtualProduct_280-1826_A1,2000,-67466,0
BOM_VirtualProduct_280-1826_A3_101-0001,VirtualProduct_280-1826_A3,1000,-28876,0
BOM_VirtualProduct_280-1826_A3_101-0001,VirtualProduct_280-1826_A3,2000,-14476,0
BOM_VirtualProduct_280-1826_B1_504-1319,VirtualProduct_280-1826_B1,1000,0,0
BOM_VirtualProduct_280-1826_B1_504-1319,VirtualProduct_280-1826_B1,2000,0,0
BOM_VirtualProduct_280-1826_B1_504-1532,VirtualProduct_280-1826_B1,1000,-302,0
BOM_VirtualProduct_280-1826_B1_504-1532,VirtualProduct_280-1826_B1,2000,-2587,0
BOM_VirtualProduct_280-1826_B1_504-1548,VirtualProduct_280-1826_B1,1000,0,0
BOM_VirtualProduct_280-1826_B1_504-1548,VirtualProduct_280-1826_B1,2000,0,0
BOM_VirtualProduct_280-1826_B1_504-1693,VirtualProduct_280-1826_B1,1000,0,0
BOM_VirtualProduct_280-1826_B1_504-1693,VirtualProduct_280-1826_B1,2000,0,0
BOM_VirtualProduct_280-1826_B1_504-1817,VirtualProduct_280-1826_B1,1000,0,0
BOM_VirtualProduct_280-1826_B1_504-1817,VirtualProduct_280-1826_B1,2000,0,0
BOM_VirtualProduct_280-1878_T6_101-0001,VirtualProduct_280-1878_T6,1000,-28736,0
BOM_VirtualProduct_280-1878_T6_101-0001,VirtualProduct_280-1878_T6,2000,-14336,0
BOM_VirtualProduct_280-1878_T7_504-1728,VirtualProduct_280-1878_T7,1000,0,0
BOM_VirtualProduct_280-1878_T7_504-1728,VirtualProduct_280-1878_T7,2000,0,0
BOM_VirtualProduct_280-1878_T7_504-1877,VirtualProduct_280-1878_T7,1000,-1128,0
BOM_VirtualProduct_280-1878_T7_504-1877,VirtualProduct_280-1878_T7,2000,-3325,0
BOM_VirtualProduct_280-1916-CD_B1_320-0328,VirtualProduct_280-1916-CD_B1,1000,0,0
BOM_VirtualProduct_280-1916-CD_B1_320-0328,VirtualProduct_280-1916-CD_B1,2000,-11613,0
BOM_VirtualProduct_280-1928_A1_280-0425,VirtualProduct_280-1928_A1,1000,0,0
BOM_VirtualProduct_280-1928_A1_280-0425,VirtualProduct_280-1928_A1,2000,-67466,0
BOM_VirtualProduct_280-1928_B1_504-1319,VirtualProduct_280-1928_B1,1000,0,0
BOM_VirtualProduct_280-1928_B1_504-1319,VirtualProduct_280-1928_B1,2000,0,0
BOM_VirtualProduct_280-1928_B1_504-1532,VirtualProduct_280-1928_B1,1000,-302,0
BOM_VirtualProduct_280-1928_B1_504-1532,VirtualProduct_280-1928_B1,2000,-2587,0
BOM_VirtualProduct_280-1928_B1_504-1548,VirtualProduct_280-1928_B1,1000,0,0
BOM_VirtualProduct_280-1928_B1_504-1548,VirtualProduct_280-1928_B1,2000,0,0
BOM_VirtualProduct_280-1928_B1_504-1693,VirtualProduct_280-1928_B1,1000,0,0
BOM_VirtualProduct_280-1928_B1_504-1693,VirtualProduct_280-1928_B1,2000,0,0
BOM_VirtualProduct_280-1928_B1_504-1817,VirtualProduct_280-1928_B1,1000,0,0
BOM_VirtualProduct_280-1928_B1_504-1817,VirtualProduct_280-1928_B1,2000,0,0
BOM_VirtualProduct_280-1928_D1_101-0001,VirtualProduct_280-1928_D1,1000,-28876,0
BOM_VirtualProduct_280-1928_D1_101-0001,VirtualProduct_280-1928_D1,2000,-14476,0
BOM_VirtualProduct_280-1962-CD_A1_280-0425,VirtualProduct_280-1962-CD_A1,1000,0,0
BOM_VirtualProduct_280-1962-CD_A1_280-0425,VirtualProduct_280-1962-CD_A1,2000,-67466,0
BOM_VirtualProduct_280-1962-CD_B1_280-0607,VirtualProduct_280-1962-CD_B1,1000,-11096,0
BOM_VirtualProduct_280-1962-CD_B1_280-0607,VirtualProduct_280-1962-CD_B1,2000,-93736,0
BOM_VirtualProduct_280-1962-CD_B1_283-0098,VirtualProduct_280-1962-CD_B1,1000,-1105,0
BOM_VirtualProduct_280-1962-CD_B1_283-0098,VirtualProduct_280-1962-CD_B1,2000,-1706,0
BOM_VirtualProduct_280-1963-CD_A1_280-0607,VirtualProduct_280-1963-CD_A1,1000,-11096,0
BOM_VirtualProduct_280-1963-CD_A1_280-0607,VirtualProduct_280-1963-CD_A1,2000,-93736,0
BOM_VirtualProduct_280-1963-CD_A1_283-0098,VirtualProduct_280-1963-CD_A1,1000,-1105,0
BOM_VirtualProduct_280-1963-CD_A1_283-0098,VirtualProduct_280-1963-CD_A1,2000,-1706,0
BOM_VirtualProduct_280-1964-CD_A1_280-0607,VirtualProduct_280-1964-CD_A1,1000,-11096,0
BOM_VirtualProduct_280-1964-CD_A1_280-0607,VirtualProduct_280-1964-CD_A1,2000,-93736,0
BOM_VirtualProduct_280-1964-CD_A1_283-0098,VirtualProduct_280-1964-CD_A1,1000,-1105,0
BOM_VirtualProduct_280-1964-CD_A1_283-0098,VirtualProduct_280-1964-CD_A1,2000,-1706,0
BOM_VirtualProduct_280-1965-CD_A1_280-0425,VirtualProduct_280-1965-CD_A1,1000,0,0
BOM_VirtualProduct_280-1965-CD_A1_280-0425,VirtualProduct_280-1965-CD_A1,2000,-67466,0
BOM_VirtualProduct_280-1965-CD_B1_280-0607,VirtualProduct_280-1965-CD_B1,1000,-11096,0
BOM_VirtualProduct_280-1965-CD_B1_280-0607,VirtualProduct_280-1965-CD_B1,2000,-93736,0
BOM_VirtualProduct_280-1965-CD_B1_283-0098,VirtualProduct_280-1965-CD_B1,1000,-1105,0
BOM_VirtualProduct_280-1965-CD_B1_283-0098,VirtualProduct_280-1965-CD_B1,2000,-1706,0
BOM_VirtualProduct_280-1975-CD_A1_280-0607,VirtualProduct_280-1975-CD_A1,1000,-11096,0
BOM_VirtualProduct_280-1975-CD_A1_280-0607,VirtualProduct_280-1975-CD_A1,2000,-93736,0
BOM_VirtualProduct_280-1975-CD_A1_283-0098,VirtualProduct_280-1975-CD_A1,1000,-1105,0
BOM_VirtualProduct_280-1975-CD_A1_283-0098,VirtualProduct_280-1975-CD_A1,2000,-1706,0
BOM_VirtualProduct_280-2169_P1_504-1728,VirtualProduct_280-2169_P1,1000,0,0
BOM_VirtualProduct_280-2169_P1_504-1728,VirtualProduct_280-2169_P1,2000,0,0
BOM_VirtualProduct_280-2169_P1_504-1877,VirtualProduct_280-2169_P1,1000,-1128,0
BOM_VirtualProduct_280-2169_P1_504-1877,VirtualProduct_280-2169_P1,2000,-3325,0
BOM_VirtualProduct_280-2169_T1_280-1480-27,VirtualProduct_280-2169_T1,1000,-140,0
BOM_VirtualProduct_280-2169_T1_280-1480-27,VirtualProduct_280-2169_T1,2000,-1764,0
BOM_VirtualProduct_280-2169_T2_280-1480-29,VirtualProduct_280-2169_T2,1000,-140,0
BOM_VirtualProduct_280-2169_T2_280-1480-29,VirtualProduct_280-2169_T2,2000,-1818,0
BOM_VirtualProduct_280-2169_T3_280-1480-31,VirtualProduct_280-2169_T3,1000,-140,0
BOM_VirtualProduct_280-2169_T3_280-1480-31,VirtualProduct_280-2169_T3,2000,-1755,0
BOM_VirtualProduct_280-2169_T4_280-1480-33,VirtualProduct_280-2169_T4,1000,-140,0
BOM_VirtualProduct_280-2169_T4_280-1480-33,VirtualProduct_280-2169_T4,2000,-1877,0
BOM_VirtualProduct_280-2169_T5_280-0425,VirtualProduct_280-2169_T5,1000,0,0
BOM_VirtualProduct_280-2169_T5_280-0425,VirtualProduct_280-2169_T5,2000,-67466,0
BOM_VirtualProduct_500-3817-04_A2_502-1733,VirtualProduct_500-3817-04_A2,1000,-140,0
BOM_VirtualProduct_500-3817-04_A2_502-1733,VirtualProduct_500-3817-04_A2,2000,-140,0
BOM_VirtualProduct_500-3820-04_A2_502-1733,VirtualProduct_500-3820-04_A2,1000,-140,0
BOM_VirtualProduct_500-3820-04_A2_502-1733,VirtualProduct_500-3820-04_A2,2000,-140,0
BOM_VirtualProduct_500-3953-06-TW_A1_260-0141-02,VirtualProduct_500-3953-06-TW_A1,1000,-140,0
BOM_VirtualProduct_500-3953-06-TW_A1_260-0236,VirtualProduct_500-3953-06-TW_A1,1000,0,0
BOM_VirtualProduct_500-4294-02-TW_A1_260-0141-02,VirtualProduct_500-4294-02-TW_A1,1000,-140,0
BOM_VirtualProduct_500-4294-02-TW_A1_260-0236,VirtualProduct_500-4294-02-TW_A1,1000,0,0
BOM_VirtualProduct_500-4294-02-TW_A2_310-0407,VirtualProduct_500-4294-02-TW_A2,1000,0,0
BOM_VirtualProduct_500-4294-02-TW_A2_340-0063,VirtualProduct_500-4294-02-TW_A2,1000,-854,0
BOM_VirtualProduct_500-4295-02-TW_A1_260-0141-02,VirtualProduct_500-4295-02-TW_A1,1000,-140,0
BOM_VirtualProduct_500-4295-02-TW_A1_260-0236,VirtualProduct_500-4295-02-TW_A1,1000,0,0
BOM_VirtualProduct_500-4295-02-TW_A2_310-0407,VirtualProduct_500-4295-02-TW_A2,1000,0,0
BOM_VirtualProduct_500-4295-02-TW_A2_340-0063,VirtualProduct_500-4295-02-TW_A2,1000,-854,0
BOM_VirtualProduct_500-4961-003_A1_220-0230-003,VirtualProduct_500-4961-003_A1,1000,-587,0
BOM_VirtualProduct_500-4961-005_A1_220-0230-005,VirtualProduct_500-4961-005_A1,1000,-170,0
BOM_VirtualProduct_500-4961-007_A1_220-0230-007,VirtualProduct_500-4961-007_A1,1000,-251,0
BOM_VirtualProduct_500-4961-010_A1_220-0230-010,VirtualProduct_500-4961-010_A1,1000,-323,0
BOM_VirtualProduct_500-4961-030_A1_220-0230-030,VirtualProduct_500-4961-030_A1,1000,-393,0
BOM_VirtualProduct_500-4961-030_A1_280-0845-030,VirtualProduct_500-4961-030_A1,1000,-9,0
BOM_VirtualProduct_500-4962-010_A1_220-0230-010,VirtualProduct_500-4962-010_A1,1000,-323,0
BOM_VirtualProduct_500-5008-TW_A2_310-0407,VirtualProduct_500-5008-TW_A2,1000,0,0
BOM_VirtualProduct_500-5008-TW_A2_340-0063,VirtualProduct_500-5008-TW_A2,1000,-854,0
BOM_VirtualProduct_500-5009-TW_A2_310-0407,VirtualProduct_500-5009-TW_A2,1000,-140,0
BOM_VirtualProduct_500-5009-TW_A2_340-0063,VirtualProduct_500-5009-TW_A2,1000,-714,0
BOM_VirtualProduct_500-5071-TW_A2_310-0407,VirtualProduct_500-5071-TW_A2,1000,0,0
BOM_VirtualProduct_500-5071-TW_A2_340-0063,VirtualProduct_500-5071-TW_A2,1000,-854,0
BOM_VirtualProduct_500-5215-010_A1_220-0230-010,VirtualProduct_500-5215-010_A1,1000,-323,0
BOM_VirtualProduct_500-5216-003_A1_220-0230-003,VirtualProduct_500-5216-003_A1,1000,-587,0
BOM_VirtualProduct_500-5216-005_A1_220-0230-005,VirtualProduct_500-5216-005_A1,1000,-170,0
BOM_VirtualProduct_500-5216-007_A1_220-0230-007,VirtualProduct_500-5216-007_A1,1000,-251,0
BOM_VirtualProduct_500-5216-010_A1_220-0230-010,VirtualProduct_500-5216-010_A1,1000,-323,0
BOM_VirtualProduct_500-5216-030_A1_220-0230-030,VirtualProduct_500-5216-030_A1,1000,-393,0
BOM_VirtualProduct_500-5216-030_A1_280-0845-030,VirtualProduct_500-5216-030_A1,1000,-9,0
BOM_VirtualProduct_500-5391-001_A1_220-0230-001,VirtualProduct_500-5391-001_A1,1000,-194,0
BOM_VirtualProduct_500-5391-002_A1_220-0230-002,VirtualProduct_500-5391-002_A1,1000,-224,0
BOM_VirtualProduct_500-5391-003_A1_220-0230-003,VirtualProduct_500-5391-003_A1,1000,-587,0
BOM_VirtualProduct_500-5391-005_A1_220-0230-005,VirtualProduct_500-5391-005_A1,1000,-170,0
BOM_VirtualProduct_500-5391-007_A1_220-0230-007,VirtualProduct_500-5391-007_A1,1000,-251,0
BOM_VirtualProduct_500-5391-010_A1_220-0230-010,VirtualProduct_500-5391-010_A1,1000,-323,0
BOM_VirtualProduct_500-5391-015_A1_220-0230-015,VirtualProduct_500-5391-015_A1,1000,-209,0
BOM_VirtualProduct_500-5495-001_A1_220-0230-001,VirtualProduct_500-5495-001_A1,1000,-194,0
BOM_VirtualProduct_500-5495-002_A1_220-0230-002,VirtualProduct_500-5495-002_A1,1000,-224,0
BOM_VirtualProduct_500-5495-003_A1_220-0230-003,VirtualProduct_500-5495-003_A1,1000,-587,0
BOM_VirtualProduct_500-5495-005_A1_220-0230-005,VirtualProduct_500-5495-005_A1,1000,-170,0
BOM_VirtualProduct_500-5495-007_A1_220-0230-007,VirtualProduct_500-5495-007_A1,1000,-251,0
BOM_VirtualProduct_500-5495-010_A1_220-0230-010,VirtualProduct_500-5495-010_A1,1000,-323,0
BOM_VirtualProduct_500-5495-015_A1_220-0230-015,VirtualProduct_500-5495-015_A1,1000,-209,0
BOM_VirtualProduct_500-5495-025_A1_220-0230-025,VirtualProduct_500-5495-025_A1,1000,-153,0
BOM_VirtualProduct_500-5495-030_A1_220-0230-030,VirtualProduct_500-5495-030_A1,1000,-393,0
BOM_VirtualProduct_500-5495-030_A1_280-0845-030,VirtualProduct_500-5495-030_A1,1000,-9,0
BOM_VirtualProduct_500-5586_A1_502-2502,VirtualProduct_500-5586_A1,1000,0,0
BOM_VirtualProduct_500-5586_A1_502-2502,VirtualProduct_500-5586_A1,2000,0,0
BOM_VirtualProduct_500-5586_A1_502-3062,VirtualProduct_500-5586_A1,1000,-140,0
BOM_VirtualProduct_500-5586_A1_502-3062,VirtualProduct_500-5586_A1,2000,-140,0
BOM_VirtualProduct_500-5586_A1_502-3063,VirtualProduct_500-5586_A1,1000,0,0
BOM_VirtualProduct_500-5586_A1_502-3063,VirtualProduct_500-5586_A1,2000,0,0
BOM_VirtualProduct_500-5614-001_A1_220-0230-001,VirtualProduct_500-5614-001_A1,1000,-194,0
BOM_VirtualProduct_500-5614-002_A1_220-0230-002,VirtualProduct_500-5614-002_A1,1000,-224,0
BOM_VirtualProduct_500-5614-003_A1_220-0230-003,VirtualProduct_500-5614-003_A1,1000,-587,0
BOM_VirtualProduct_500-5614-005_A1_220-0230-005,VirtualProduct_500-5614-005_A1,1000,-170,0
BOM_VirtualProduct_500-5614-007_A1_220-0230-007,VirtualProduct_500-5614-007_A1,1000,-251,0
BOM_VirtualProduct_500-5614-010_A1_220-0230-010,VirtualProduct_500-5614-010_A1,1000,-323,0
BOM_VirtualProduct_500-5614-015_A1_220-0230-015,VirtualProduct_500-5614-015_A1,1000,-209,0
BOM_VirtualProduct_500-5614-025_A1_220-0230-025,VirtualProduct_500-5614-025_A1,1000,-13,0
BOM_VirtualProduct_500-5614-030_A1_220-0230-030,VirtualProduct_500-5614-030_A1,1000,-253,0
BOM_VirtualProduct_500-5614-030_A1_280-0845-030,VirtualProduct_500-5614-030_A1,1000,-149,0
BOM_VirtualProduct_500-5615-001_A1_220-0230-001,VirtualProduct_500-5615-001_A1,1000,-194,0
BOM_VirtualProduct_500-5615-002_A1_220-0230-002,VirtualProduct_500-5615-002_A1,1000,-224,0
BOM_VirtualProduct_500-5615-003_A1_220-0230-003,VirtualProduct_500-5615-003_A1,1000,-587,0
BOM_VirtualProduct_500-5615-005_A1_220-0230-005,VirtualProduct_500-5615-005_A1,1000,-170,0
BOM_VirtualProduct_500-5615-007_A1_220-0230-007,VirtualProduct_500-5615-007_A1,1000,-251,0
BOM_VirtualProduct_500-5615-010_A1_220-0230-010,VirtualProduct_500-5615-010_A1,1000,-323,0
BOM_VirtualProduct_500-5615-015_A1_220-0230-015,VirtualProduct_500-5615-015_A1,1000,-209,0
BOM_VirtualProduct_500-5615-025_A1_220-0230-025,VirtualProduct_500-5615-025_A1,1000,-153,0
BOM_VirtualProduct_500-5615-030_A1_220-0230-030,VirtualProduct_500-5615-030_A1,1000,-393,0
BOM_VirtualProduct_500-5615-030_A1_280-0845-030,VirtualProduct_500-5615-030_A1,1000,-9,0
BOM_VirtualProduct_500-5633-003_A1_220-0230-003,VirtualProduct_500-5633-003_A1,1000,-587,0
BOM_VirtualProduct_500-5633-005_A1_220-0230-005,VirtualProduct_500-5633-005_A1,1000,-170,0
BOM_VirtualProduct_500-5633-007_A1_220-0230-007,VirtualProduct_500-5633-007_A1,1000,-251,0
BOM_VirtualProduct_500-5633-010_A1_220-0230-010,VirtualProduct_500-5633-010_A1,1000,-323,0
BOM_VirtualProduct_500-5633-030_A1_220-0230-030,VirtualProduct_500-5633-030_A1,1000,-393,0
BOM_VirtualProduct_500-5633-030_A1_280-0845-030,VirtualProduct_500-5633-030_A1,1000,-9,0
BOM_VirtualProduct_500-5851_A1_502-2502,VirtualProduct_500-5851_A1,1000,0,0
BOM_VirtualProduct_500-5851_A1_502-2502,VirtualProduct_500-5851_A1,2000,0,0
BOM_VirtualProduct_500-5851_A1_502-3058,VirtualProduct_500-5851_A1,1000,-140,0
BOM_VirtualProduct_500-5851_A1_502-3058,VirtualProduct_500-5851_A1,2000,-140,0
BOM_VirtualProduct_500-5851_A1_502-3059,VirtualProduct_500-5851_A1,1000,0,0
BOM_VirtualProduct_500-5851_A1_502-3059,VirtualProduct_500-5851_A1,2000,0,0
BOM_VirtualProduct_500-5988_A1_502-2502,VirtualProduct_500-5988_A1,1000,0,0
BOM_VirtualProduct_500-5988_A1_502-2502,VirtualProduct_500-5988_A1,2000,0,0
BOM_VirtualProduct_500-5988_A1_502-3060,VirtualProduct_500-5988_A1,1000,-140,0
BOM_VirtualProduct_500-5988_A1_502-3060,VirtualProduct_500-5988_A1,2000,-140,0
BOM_VirtualProduct_500-5988_A1_502-3061,VirtualProduct_500-5988_A1,1000,0,0
BOM_VirtualProduct_500-5988_A1_502-3061,VirtualProduct_500-5988_A1,2000,0,0
BOM_VirtualProduct_500-6250-003_A1_220-0230-003,VirtualProduct_500-6250-003_A1,1000,-587,0
BOM_VirtualProduct_500-6250-005_A1_220-0230-005,VirtualProduct_500-6250-005_A1,1000,-170,0
BOM_VirtualProduct_500-6250-007_A1_220-0230-007,VirtualProduct_500-6250-007_A1,1000,-251,0
BOM_VirtualProduct_500-6250-010_A1_220-0230-010,VirtualProduct_500-6250-010_A1,1000,-323,0
BOM_VirtualProduct_500-6283-003_A1_220-0230-003,VirtualProduct_500-6283-003_A1,1000,-587,0
BOM_VirtualProduct_500-6283-005_A1_220-0230-005,VirtualProduct_500-6283-005_A1,1000,-170,0
BOM_VirtualProduct_500-6283-007_A1_220-0230-007,VirtualProduct_500-6283-007_A1,1000,-251,0
BOM_VirtualProduct_500-6283-010_A1_220-0230-010,VirtualProduct_500-6283-010_A1,1000,-323,0
BOM_VirtualProduct_500-6283-015_A1_220-0230-015,VirtualProduct_500-6283-015_A1,1000,-209,0
BOM_VirtualProduct_500-6357-001_A1_220-0230-001,VirtualProduct_500-6357-001_A1,1000,-194,0
BOM_VirtualProduct_500-6357-003_A1_220-0230-003,VirtualProduct_500-6357-003_A1,1000,-587,0
BOM_VirtualProduct_500-6357-005_A1_220-0230-005,VirtualProduct_500-6357-005_A1,1000,-170,0
BOM_VirtualProduct_500-6357-007_A1_220-0230-007,VirtualProduct_500-6357-007_A1,1000,-251,0
BOM_VirtualProduct_500-6357-010_A1_220-0230-010,VirtualProduct_500-6357-010_A1,1000,-323,0
BOM_VirtualProduct_500-6357-015_A1_220-0230-015,VirtualProduct_500-6357-015_A1,1000,-209,0
BOM_VirtualProduct_500-6357-030_A1_220-0230-030,VirtualProduct_500-6357-030_A1,1000,-393,0
BOM_VirtualProduct_500-6357-030_A1_280-0845-030,VirtualProduct_500-6357-030_A1,1000,-9,0
BOM_VirtualProduct_500-6382-001_A1_220-0230-001,VirtualProduct_500-6382-001_A1,1000,-194,0
BOM_VirtualProduct_500-6382-003_A1_220-0230-003,VirtualProduct_500-6382-003_A1,1000,-587,0
BOM_VirtualProduct_500-6382-005_A1_220-0230-005,VirtualProduct_500-6382-005_A1,1000,-170,0
BOM_VirtualProduct_500-6382-007_A1_220-0230-007,VirtualProduct_500-6382-007_A1,1000,-251,0
BOM_VirtualProduct_500-6382-010_A1_220-0230-010,VirtualProduct_500-6382-010_A1,1000,-323,0
BOM_VirtualProduct_500-6382-015_A1_220-0230-015,VirtualProduct_500-6382-015_A1,1000,-209,0
BOM_VirtualProduct_500-6382-030_A1_220-0230-030,VirtualProduct_500-6382-030_A1,1000,-393,0
BOM_VirtualProduct_500-6382-030_A1_280-0845-030,VirtualProduct_500-6382-030_A1,1000,-9,0
BOM_VirtualProduct_500-6383-001_A1_220-0230-001,VirtualProduct_500-6383-001_A1,1000,-194,0
BOM_VirtualProduct_500-6383-003_A1_220-0230-003,VirtualProduct_500-6383-003_A1,1000,-587,0
BOM_VirtualProduct_500-6383-005_A1_220-0230-005,VirtualProduct_500-6383-005_A1,1000,-170,0
BOM_VirtualProduct_500-6383-007_A1_220-0230-007,VirtualProduct_500-6383-007_A1,1000,-251,0
BOM_VirtualProduct_500-6383-010_A1_220-0230-010,VirtualProduct_500-6383-010_A1,1000,-323,0
BOM_VirtualProduct_500-6383-015_A1_220-0230-015,VirtualProduct_500-6383-015_A1,1000,-209,0
BOM_VirtualProduct_500-6383-030_A1_220-0230-030,VirtualProduct_500-6383-030_A1,1000,-393,0
BOM_VirtualProduct_500-6383-030_A1_280-0845-030,VirtualProduct_500-6383-030_A1,1000,-9,0
BOM_VirtualProduct_500-7206-003_A1_220-0230-003,VirtualProduct_500-7206-003_A1,1000,-587,0
BOM_VirtualProduct_500-7206-005_A1_220-0230-005,VirtualProduct_500-7206-005_A1,1000,-170,0
BOM_VirtualProduct_500-7206-007_A1_220-0230-007,VirtualProduct_500-7206-007_A1,1000,-251,0
BOM_VirtualProduct_500-7206-010_A1_220-0230-010,VirtualProduct_500-7206-010_A1,1000,-323,0
BOM_VirtualProduct_500-7206-015_A1_220-0230-015,VirtualProduct_500-7206-015_A1,1000,-209,0
BOM_VirtualProduct_500-7207-001_A1_220-0230-001,VirtualProduct_500-7207-001_A1,1000,-194,0
BOM_VirtualProduct_500-7207-002_A1_220-0230-002,VirtualProduct_500-7207-002_A1,1000,-224,0
BOM_VirtualProduct_500-7207-003_A1_220-0230-003,VirtualProduct_500-7207-003_A1,1000,-587,0
BOM_VirtualProduct_500-7207-005_A1_220-0230-005,VirtualProduct_500-7207-005_A1,1000,-170,0
BOM_VirtualProduct_500-7207-007_A1_220-0230-007,VirtualProduct_500-7207-007_A1,1000,-251,0
BOM_VirtualProduct_500-7207-010_A1_220-0230-010,VirtualProduct_500-7207-010_A1,1000,-323,0
BOM_VirtualProduct_500-7207-015_A1_220-0230-015,VirtualProduct_500-7207-015_A1,1000,-209,0
BOM_VirtualProduct_500-7207-025_A1_220-0230-025,VirtualProduct_500-7207-025_A1,1000,-153,0
BOM_VirtualProduct_500-7207-030_A1_220-0230-030,VirtualProduct_500-7207-030_A1,1000,-393,0
BOM_VirtualProduct_500-7207-030_A1_280-0845-030,VirtualProduct_500-7207-030_A1,1000,-9,0
BOM_VirtualProduct_502-1678_A1_302-0007,VirtualProduct_502-1678_A1,1000,-37538,0
BOM_VirtualProduct_502-1678_A1_302-0007,VirtualProduct_502-1678_A1,2000,-159474,0
BOM_VirtualProduct_502-1678_A3_302-0004,VirtualProduct_502-1678_A3,1000,-149494,0
BOM_VirtualProduct_502-1678_A3_302-0004,VirtualProduct_502-1678_A3,2000,-101858,0
BOM_VirtualProduct_502-1693_A1_302-0004,VirtualProduct_502-1693_A1,1000,-149494,0
BOM_VirtualProduct_502-1693_A1_302-0004,VirtualProduct_502-1693_A1,2000,-101858,0
BOM_VirtualProduct_502-1693_A3_302-0007,VirtualProduct_502-1693_A3,1000,-37538,0
BOM_VirtualProduct_502-1693_A3_302-0007,VirtualProduct_502-1693_A3,2000,-159474,0
BOM_VirtualProduct_502-1713_A1_302-0007,VirtualProduct_502-1713_A1,1000,-37678,0
BOM_VirtualProduct_502-1713_A1_302-0007,VirtualProduct_502-1713_A1,2000,-159614,0
BOM_VirtualProduct_502-1713_A2_302-0004,VirtualProduct_502-1713_A2,1000,-149634,0
BOM_VirtualProduct_502-1713_A2_302-0004,VirtualProduct_502-1713_A2,2000,-101998,0
BOM_VirtualProduct_502-1728_A1_302-0007,VirtualProduct_502-1728_A1,1000,-37538,0
BOM_VirtualProduct_502-1728_A1_302-0007,VirtualProduct_502-1728_A1,2000,-159474,0
BOM_VirtualProduct_502-1728_A2_302-0004,VirtualProduct_502-1728_A2,1000,-149494,0
BOM_VirtualProduct_502-1728_A2_302-0004,VirtualProduct_502-1728_A2,2000,-101858,0
BOM_VirtualProduct_502-1733_A1_302-0004,VirtualProduct_502-1733_A1,1000,-149494,0
BOM_VirtualProduct_502-1733_A1_302-0004,VirtualProduct_502-1733_A1,2000,-101858,0
BOM_VirtualProduct_502-1733_A2_302-0007,VirtualProduct_502-1733_A2,1000,-37538,0
BOM_VirtualProduct_502-1733_A2_302-0007,VirtualProduct_502-1733_A2,2000,-159474,0
BOM_VirtualProduct_502-1783-02_A1_260-0141-02,VirtualProduct_502-1783-02_A1,1000,-140,0
BOM_VirtualProduct_502-1783-02_A1_260-0141-02,VirtualProduct_502-1783-02_A1,2000,-363,0
BOM_VirtualProduct_502-1783-02_A1_260-0141-02-R,VirtualProduct_502-1783-02_A1,1000,0,0
BOM_VirtualProduct_502-1783-02_A1_260-0141-02-R,VirtualProduct_502-1783-02_A1,2000,-278,0
BOM_VirtualProduct_502-1783-02_A1_260-0236,VirtualProduct_502-1783-02_A1,1000,0,0
BOM_VirtualProduct_502-1783-02_A1_260-0236,VirtualProduct_502-1783-02_A1,2000,0,0
BOM_VirtualProduct_502-1783-02_A1_260-0278,VirtualProduct_502-1783-02_A1,1000,0,0
BOM_VirtualProduct_502-1783-02_A1_260-0278,VirtualProduct_502-1783-02_A1,2000,0,0
BOM_VirtualProduct_502-1783-02_A2_300-0151,VirtualProduct_502-1783-02_A2,1000,-140,0
BOM_VirtualProduct_502-1783-02_A2_300-0151,VirtualProduct_502-1783-02_A2,2000,-3947,0
BOM_VirtualProduct_502-1783-02_A3_310-0407,VirtualProduct_502-1783-02_A3,1000,-140,0
BOM_VirtualProduct_502-1783-02_A3_310-0407,VirtualProduct_502-1783-02_A3,2000,-2044,0
BOM_VirtualProduct_502-1783-02-RW_A1_260-0141-02-R,VirtualProduct_502-1783-02-RW_A1,1000,-140,0
BOM_VirtualProduct_502-1793_B3_260-0247,VirtualProduct_502-1793_B3,1000,0,0
BOM_VirtualProduct_502-1793_B3_260-0247,VirtualProduct_502-1793_B3,2000,0,0
BOM_VirtualProduct_502-1818_A1_302-0007,VirtualProduct_502-1818_A1,1000,-37538,0
BOM_VirtualProduct_502-1818_A1_302-0007,VirtualProduct_502-1818_A1,2000,-159474,0
BOM_VirtualProduct_502-1818_A2_302-0004,VirtualProduct_502-1818_A2,1000,-149494,0
BOM_VirtualProduct_502-1818_A2_302-0004,VirtualProduct_502-1818_A2,2000,-101858,0
BOM_VirtualProduct_502-1822_A1_302-0007,VirtualProduct_502-1822_A1,1000,-37678,0
BOM_VirtualProduct_502-1822_A1_302-0007,VirtualProduct_502-1822_A1,2000,-159614,0
BOM_VirtualProduct_502-1822_A2_302-0004,VirtualProduct_502-1822_A2,1000,-149634,0
BOM_VirtualProduct_502-1822_A2_302-0004,VirtualProduct_502-1822_A2,2000,-101998,0
BOM_VirtualProduct_502-1822_A3_504-1482,VirtualProduct_502-1822_A3,1000,0,0
BOM_VirtualProduct_502-1822_A3_504-1482,VirtualProduct_502-1822_A3,2000,0,0
BOM_VirtualProduct_502-1822_A3_504-1747,VirtualProduct_502-1822_A3,1000,-140,0
BOM_VirtualProduct_502-1822_A3_504-1747,VirtualProduct_502-1822_A3,2000,-140,0
BOM_VirtualProduct_502-1847-01_A1_302-0007,VirtualProduct_502-1847-01_A1,1000,-37538,0
BOM_VirtualProduct_502-1847-01_A1_302-0007,VirtualProduct_502-1847-01_A1,2000,-159474,0
BOM_VirtualProduct_502-1847-01_A3_302-0004,VirtualProduct_502-1847-01_A3,1000,-149494,0
BOM_VirtualProduct_502-1847-01_A3_302-0004,VirtualProduct_502-1847-01_A3,2000,-101858,0
BOM_VirtualProduct_502-1847-02_A1_302-0004,VirtualProduct_502-1847-02_A1,1000,-149494,0
BOM_VirtualProduct_502-1847-02_A1_302-0004,VirtualProduct_502-1847-02_A1,2000,-101858,0
BOM_VirtualProduct_502-1847-02_A3_302-0007,VirtualProduct_502-1847-02_A3,1000,-37538,0
BOM_VirtualProduct_502-1847-02_A3_302-0007,VirtualProduct_502-1847-02_A3,2000,-159474,0
BOM_VirtualProduct_502-1847-03_A1_302-0007,VirtualProduct_502-1847-03_A1,1000,-37538,0
BOM_VirtualProduct_502-1847-03_A1_302-0007,VirtualProduct_502-1847-03_A1,2000,-159474,0
BOM_VirtualProduct_502-1847-03_A3_302-0004,VirtualProduct_502-1847-03_A3,1000,-149494,0
BOM_VirtualProduct_502-1847-03_A3_302-0004,VirtualProduct_502-1847-03_A3,2000,-101858,0
BOM_VirtualProduct_502-1853_A1_302-0007,VirtualProduct_502-1853_A1,1000,-37678,0
BOM_VirtualProduct_502-1853_A1_302-0007,VirtualProduct_502-1853_A1,2000,-159614,0
BOM_VirtualProduct_502-1853_A2_302-0004,VirtualProduct_502-1853_A2,1000,-149634,0
BOM_VirtualProduct_502-1853_A2_302-0004,VirtualProduct_502-1853_A2,2000,-101998,0
BOM_VirtualProduct_502-1853_A3_504-1482,VirtualProduct_502-1853_A3,1000,0,0
BOM_VirtualProduct_502-1853_A3_504-1482,VirtualProduct_502-1853_A3,2000,0,0
BOM_VirtualProduct_502-1853_A3_504-1747,VirtualProduct_502-1853_A3,1000,-140,0
BOM_VirtualProduct_502-1853_A3_504-1747,VirtualProduct_502-1853_A3,2000,-140,0
BOM_VirtualProduct_502-1855-02_A4_260-0141-02,VirtualProduct_502-1855-02_A4,1000,-140,0
BOM_VirtualProduct_502-1855-02_A4_260-0141-02,VirtualProduct_502-1855-02_A4,2000,-363,0
BOM_VirtualProduct_502-1880-01_A1_302-0007,VirtualProduct_502-1880-01_A1,1000,-37538,0
BOM_VirtualProduct_502-1880-01_A1_302-0007,VirtualProduct_502-1880-01_A1,2000,-159474,0
BOM_VirtualProduct_502-1880-01_A2_302-0004,VirtualProduct_502-1880-01_A2,1000,-149494,0
BOM_VirtualProduct_502-1880-01_A2_302-0004,VirtualProduct_502-1880-01_A2,2000,-101858,0
BOM_VirtualProduct_502-1892_A1_504-1482,VirtualProduct_502-1892_A1,1000,0,0
BOM_VirtualProduct_502-1892_A1_504-1482,VirtualProduct_502-1892_A1,2000,0,0
BOM_VirtualProduct_502-1892_A1_504-1747,VirtualProduct_502-1892_A1,1000,-140,0
BOM_VirtualProduct_502-1892_A1_504-1747,VirtualProduct_502-1892_A1,2000,-140,0
BOM_VirtualProduct_502-1892_A2_302-0007,VirtualProduct_502-1892_A2,1000,-37678,0
BOM_VirtualProduct_502-1892_A2_302-0007,VirtualProduct_502-1892_A2,2000,-159614,0
BOM_VirtualProduct_502-1892_B1_302-0004,VirtualProduct_502-1892_B1,1000,-149634,0
BOM_VirtualProduct_502-1892_B1_302-0004,VirtualProduct_502-1892_B1,2000,-101998,0
BOM_VirtualProduct_502-1931_A1_302-0007,VirtualProduct_502-1931_A1,1000,-37678,0
BOM_VirtualProduct_502-1931_A1_302-0007,VirtualProduct_502-1931_A1,2000,-159614,0
BOM_VirtualProduct_502-1931_A2_302-0004,VirtualProduct_502-1931_A2,1000,-149634,0
BOM_VirtualProduct_502-1931_A2_302-0004,VirtualProduct_502-1931_A2,2000,-101998,0
BOM_VirtualProduct_502-1931_A3_504-1482,VirtualProduct_502-1931_A3,1000,0,0
BOM_VirtualProduct_502-1931_A3_504-1482,VirtualProduct_502-1931_A3,2000,0,0
BOM_VirtualProduct_502-1931_A3_504-1747,VirtualProduct_502-1931_A3,1000,-140,0
BOM_VirtualProduct_502-1931_A3_504-1747,VirtualProduct_502-1931_A3,2000,-140,0
BOM_VirtualProduct_502-1945_A1_302-0007,VirtualProduct_502-1945_A1,1000,-37678,0
BOM_VirtualProduct_502-1945_A1_302-0007,VirtualProduct_502-1945_A1,2000,-159614,0
BOM_VirtualProduct_502-1945_A2_302-0004,VirtualProduct_502-1945_A2,1000,-149634,0
BOM_VirtualProduct_502-1945_A2_302-0004,VirtualProduct_502-1945_A2,2000,-101998,0
BOM_VirtualProduct_502-1986_A1_302-0007,VirtualProduct_502-1986_A1,1000,-37678,0
BOM_VirtualProduct_502-1986_A1_302-0007,VirtualProduct_502-1986_A1,2000,-159614,0
BOM_VirtualProduct_502-1986_A2_302-0004,VirtualProduct_502-1986_A2,1000,-149634,0
BOM_VirtualProduct_502-1986_A2_302-0004,VirtualProduct_502-1986_A2,2000,-101998,0
BOM_VirtualProduct_502-1986_A3_504-1482,VirtualProduct_502-1986_A3,1000,0,0
BOM_VirtualProduct_502-1986_A3_504-1482,VirtualProduct_502-1986_A3,2000,0,0
BOM_VirtualProduct_502-1986_A3_504-1747,VirtualProduct_502-1986_A3,1000,-140,0
BOM_VirtualProduct_502-1986_A3_504-1747,VirtualProduct_502-1986_A3,2000,-140,0
BOM_VirtualProduct_502-2003_A1_260-0199,VirtualProduct_502-2003_A1,1000,-140,0
BOM_VirtualProduct_502-2003_A1_260-0199,VirtualProduct_502-2003_A1,2000,-3308,0
BOM_VirtualProduct_502-2003_A1_260-0199-R,VirtualProduct_502-2003_A1,1000,0,0
BOM_VirtualProduct_502-2003_A1_260-0199-R,VirtualProduct_502-2003_A1,2000,-9,0
BOM_VirtualProduct_502-2109_A2_260-0141-02,VirtualProduct_502-2109_A2,1000,-140,0
BOM_VirtualProduct_502-2119_A1_260-0141-02,VirtualProduct_502-2119_A1,1000,-140,0
BOM_VirtualProduct_502-2119_A1_260-0141-02,VirtualProduct_502-2119_A1,2000,-363,0
BOM_VirtualProduct_502-2119_A2_300-0151,VirtualProduct_502-2119_A2,1000,-140,0
BOM_VirtualProduct_502-2119_A2_300-0151,VirtualProduct_502-2119_A2,2000,-3947,0
BOM_VirtualProduct_502-2119_A3_310-0591,VirtualProduct_502-2119_A3,1000,-140,0
BOM_VirtualProduct_502-2119_A3_310-0591,VirtualProduct_502-2119_A3,2000,-3006,0
BOM_VirtualProduct_502-2204_B1_302-0007,VirtualProduct_502-2204_B1,1000,-37678,0
BOM_VirtualProduct_502-2204_B1_302-0007,VirtualProduct_502-2204_B1,2000,-159614,0
BOM_VirtualProduct_502-2204_B2_302-0004,VirtualProduct_502-2204_B2,1000,-149634,0
BOM_VirtualProduct_502-2204_B2_302-0004,VirtualProduct_502-2204_B2,2000,-101998,0
BOM_VirtualProduct_502-2205_A1_302-0007,VirtualProduct_502-2205_A1,1000,-37678,0
BOM_VirtualProduct_502-2205_A1_302-0007,VirtualProduct_502-2205_A1,2000,-159614,0
BOM_VirtualProduct_502-2205_A2_302-0004,VirtualProduct_502-2205_A2,1000,-149634,0
BOM_VirtualProduct_502-2205_A2_302-0004,VirtualProduct_502-2205_A2,2000,-101998,0
BOM_VirtualProduct_502-2209_B1_260-0152-02,VirtualProduct_502-2209_B1,1000,0,0
BOM_VirtualProduct_502-2209_B1_260-0152-02,VirtualProduct_502-2209_B1,2000,-141,0
BOM_VirtualProduct_502-2209_B1_260-0233,VirtualProduct_502-2209_B1,1000,-140,0
BOM_VirtualProduct_502-2209_B1_260-0233,VirtualProduct_502-2209_B1,2000,-140,0
BOM_VirtualProduct_502-2219_A1_260-0141-02,VirtualProduct_502-2219_A1,1000,-140,0
BOM_VirtualProduct_502-2219_A1_260-0141-02,VirtualProduct_502-2219_A1,2000,-363,0
BOM_VirtualProduct_502-2241_A1_260-0261,VirtualProduct_502-2241_A1,1000,-140,0
BOM_VirtualProduct_502-2241_A1_260-0261,VirtualProduct_502-2241_A1,2000,-140,0
BOM_VirtualProduct_502-2276_A1_504-1974,VirtualProduct_502-2276_A1,1000,-140,0
BOM_VirtualProduct_502-2304_B1_260-0250,VirtualProduct_502-2304_B1,1000,0,0
BOM_VirtualProduct_502-2304_B1_260-0250,VirtualProduct_502-2304_B1,2000,0,0
BOM_VirtualProduct_502-2304_B1_260-0306,VirtualProduct_502-2304_B1,1000,0,0
BOM_VirtualProduct_502-2304_B1_260-0306,VirtualProduct_502-2304_B1,2000,0,0
BOM_VirtualProduct_502-2304_B1_260-0325,VirtualProduct_502-2304_B1,1000,-140,0
BOM_VirtualProduct_502-2304_B1_260-0325,VirtualProduct_502-2304_B1,2000,-3746,0
BOM_VirtualProduct_502-2304_B1_260-0555,VirtualProduct_502-2304_B1,1000,0,0
BOM_VirtualProduct_502-2304_B1_260-0555,VirtualProduct_502-2304_B1,2000,0,0
BOM_VirtualProduct_502-2308_A1_262-0164-CD,VirtualProduct_502-2308_A1,1000,-140,0
BOM_VirtualProduct_502-2308_A1_262-0164-CD,VirtualProduct_502-2308_A1,2000,-156,0
BOM_VirtualProduct_502-2308_C1_300-0316,VirtualProduct_502-2308_C1,1000,-803,0
BOM_VirtualProduct_502-2308_C1_300-0316,VirtualProduct_502-2308_C1,2000,-5467,0
BOM_VirtualProduct_502-2308_D1_300-0317,VirtualProduct_502-2308_D1,1000,-294,0
BOM_VirtualProduct_502-2308_D1_300-0317,VirtualProduct_502-2308_D1,2000,-5992,0
BOM_VirtualProduct_502-2308_E1_310-0357,VirtualProduct_502-2308_E1,1000,-337,0
BOM_VirtualProduct_502-2308_E1_310-0357,VirtualProduct_502-2308_E1,2000,-2450,0
BOM_VirtualProduct_502-2339_A1_504-1976,VirtualProduct_502-2339_A1,1000,-159,0
BOM_VirtualProduct_502-2346_A2_260-0152-02,VirtualProduct_502-2346_A2,1000,-140,0
BOM_VirtualProduct_502-2346_A2_260-0152-02,VirtualProduct_502-2346_A2,2000,-281,0
BOM_VirtualProduct_502-2375_A1_260-0141-02,VirtualProduct_502-2375_A1,1000,-140,0
BOM_VirtualProduct_502-2375_A1_260-0141-02,VirtualProduct_502-2375_A1,2000,-363,0
BOM_VirtualProduct_502-2377_A2_260-0141-02,VirtualProduct_502-2377_A2,1000,-140,0
BOM_VirtualProduct_502-2377_A2_260-0141-02,VirtualProduct_502-2377_A2,2000,-363,0
BOM_VirtualProduct_502-2388_A1_260-0247,VirtualProduct_502-2388_A1,1000,0,0
BOM_VirtualProduct_502-2461_A1_262-0026,VirtualProduct_502-2461_A1,1000,0,0
BOM_VirtualProduct_502-2461_A1_504-1976,VirtualProduct_502-2461_A1,1000,-159,0
BOM_VirtualProduct_502-2488_A1_262-0197-CD,VirtualProduct_502-2488_A1,1000,-140,0
BOM_VirtualProduct_502-2488_A1_262-0197-CD,VirtualProduct_502-2488_A1,2000,-140,0
BOM_VirtualProduct_502-2502_A1_262-0101-CD,VirtualProduct_502-2502_A1,1000,0,0
BOM_VirtualProduct_502-2502_A1_262-0101-CD,VirtualProduct_502-2502_A1,2000,0,0
BOM_VirtualProduct_502-2502_A1_504-1973,VirtualProduct_502-2502_A1,1000,0,0
BOM_VirtualProduct_502-2502_A1_504-1973,VirtualProduct_502-2502_A1,2000,0,0
BOM_VirtualProduct_502-2502_C1_300-0316,VirtualProduct_502-2502_C1,1000,-803,0
BOM_VirtualProduct_502-2502_C1_300-0316,VirtualProduct_502-2502_C1,2000,-5467,0
BOM_VirtualProduct_502-2502_D1_300-0317,VirtualProduct_502-2502_D1,1000,-294,0
BOM_VirtualProduct_502-2502_D1_300-0317,VirtualProduct_502-2502_D1,2000,-5992,0
BOM_VirtualProduct_502-2502_E1_310-0357,VirtualProduct_502-2502_E1,1000,-337,0
BOM_VirtualProduct_502-2502_E1_310-0357,VirtualProduct_502-2502_E1,2000,-2450,0
BOM_VirtualProduct_502-2515_A1_504-1976,VirtualProduct_502-2515_A1,1000,-159,0
BOM_VirtualProduct_502-2516_A1_262-0026,VirtualProduct_502-2516_A1,1000,0,0
BOM_VirtualProduct_502-2516_A1_504-1976,VirtualProduct_502-2516_A1,1000,-159,0
BOM_VirtualProduct_502-2534_A1_260-0261,VirtualProduct_502-2534_A1,1000,-140,0
BOM_VirtualProduct_502-2534_A1_260-0261,VirtualProduct_502-2534_A1,2000,-140,0
BOM_VirtualProduct_502-2545_A1_260-0261,VirtualProduct_502-2545_A1,1000,-140,0
BOM_VirtualProduct_502-2546_A1_260-0261,VirtualProduct_502-2546_A1,1000,-140,0
BOM_VirtualProduct_502-2547_C1_504-1973,VirtualProduct_502-2547_C1,1000,-140,0
BOM_VirtualProduct_502-2547_C1_504-1973,VirtualProduct_502-2547_C1,2000,-140,0
BOM_VirtualProduct_502-2617_A1_260-0141-02,VirtualProduct_502-2617_A1,1000,-140,0
BOM_VirtualProduct_502-2619_A1_260-0250,VirtualProduct_502-2619_A1,1000,0,0
BOM_VirtualProduct_502-2619_A1_260-0250,VirtualProduct_502-2619_A1,2000,0,0
BOM_VirtualProduct_502-2619_A1_260-0306,VirtualProduct_502-2619_A1,1000,0,0
BOM_VirtualProduct_502-2619_A1_260-0306,VirtualProduct_502-2619_A1,2000,0,0
BOM_VirtualProduct_502-2619_A1_260-0325,VirtualProduct_502-2619_A1,1000,-140,0
BOM_VirtualProduct_502-2619_A1_260-0325,VirtualProduct_502-2619_A1,2000,-3746,0
BOM_VirtualProduct_502-2619_A1_260-0555,VirtualProduct_502-2619_A1,1000,0,0
BOM_VirtualProduct_502-2619_A1_260-0555,VirtualProduct_502-2619_A1,2000,0,0
BOM_VirtualProduct_502-2638_C1_504-1976,VirtualProduct_502-2638_C1,1000,-159,0
BOM_VirtualProduct_502-2647_A1_262-0005,VirtualProduct_502-2647_A1,1000,-140,0
BOM_VirtualProduct_502-2648_A1_262-0004,VirtualProduct_502-2648_A1,1000,-140,0
BOM_VirtualProduct_502-2709_A1_340-0063,VirtualProduct_502-2709_A1,1000,-854,0
BOM_VirtualProduct_502-2709_A1_340-0063,VirtualProduct_502-2709_A1,2000,-7340,0
BOM_VirtualProduct_502-2723_A1_311-0437,VirtualProduct_502-2723_A1,1000,-140,0
BOM_VirtualProduct_502-2723_A1_311-0437,VirtualProduct_502-2723_A1,2000,-1804,0
BOM_VirtualProduct_502-2729_A1_504-1973,VirtualProduct_502-2729_A1,1000,-140,0
BOM_VirtualProduct_502-2729_A1_504-1973,VirtualProduct_502-2729_A1,2000,-140,0
BOM_VirtualProduct_502-2783_A1_310-0166,VirtualProduct_502-2783_A1,1000,-3656,0
BOM_VirtualProduct_502-2783_C1_311-0207,VirtualProduct_502-2783_C1,1000,-4931,0
BOM_VirtualProduct_502-2784_A1_310-0166,VirtualProduct_502-2784_A1,1000,-3656,0
BOM_VirtualProduct_502-2784_C1_311-0207,VirtualProduct_502-2784_C1,1000,-4931,0
BOM_VirtualProduct_502-2795_A1_504-1973,VirtualProduct_502-2795_A1,1000,-140,0
BOM_VirtualProduct_502-2810_A1_504-1973,VirtualProduct_502-2810_A1,1000,-140,0
BOM_VirtualProduct_502-2810_A1_504-1973,VirtualProduct_502-2810_A1,2000,-140,0
BOM_VirtualProduct_502-2842_C1_300-0316,VirtualProduct_502-2842_C1,1000,-803,0
BOM_VirtualProduct_502-2842_C1_300-0316,VirtualProduct_502-2842_C1,2000,-5467,0
BOM_VirtualProduct_502-2842_D1_300-0317,VirtualProduct_502-2842_D1,1000,-294,0
BOM_VirtualProduct_502-2842_D1_300-0317,VirtualProduct_502-2842_D1,2000,-5992,0
BOM_VirtualProduct_502-2842_E1_310-0357,VirtualProduct_502-2842_E1,1000,-337,0
BOM_VirtualProduct_502-2842_E1_310-0357,VirtualProduct_502-2842_E1,2000,-2450,0
BOM_VirtualProduct_502-2848_A1_260-0141-02,VirtualProduct_502-2848_A1,1000,-140,0
BOM_VirtualProduct_502-2848_A1_260-0141-02,VirtualProduct_502-2848_A1,2000,-363,0
BOM_VirtualProduct_502-2881_A1_260-0199,VirtualProduct_502-2881_A1,1000,-140,0
BOM_VirtualProduct_502-2881_A1_260-0199,VirtualProduct_502-2881_A1,2000,-3308,0
BOM_VirtualProduct_502-2881_A1_260-0441,VirtualProduct_502-2881_A1,1000,0,0
BOM_VirtualProduct_502-2881_A1_260-0441,VirtualProduct_502-2881_A1,2000,0,0
BOM_VirtualProduct_502-2894_A1_504-1976,VirtualProduct_502-2894_A1,1000,-159,0
BOM_VirtualProduct_502-2895_A1_504-1584,VirtualProduct_502-2895_A1,1000,0,0
BOM_VirtualProduct_502-2895_A1_504-1585,VirtualProduct_502-2895_A1,1000,-140,0
BOM_VirtualProduct_502-2895_C1_310-0241,VirtualProduct_502-2895_C1,1000,-9705,0
BOM_VirtualProduct_502-2935_A1_262-0172-CD,VirtualProduct_502-2935_A1,1000,0,0
BOM_VirtualProduct_502-2937_A1_262-0172-CD,VirtualProduct_502-2937_A1,1000,0,0
BOM_VirtualProduct_502-2938_C1_300-0316,VirtualProduct_502-2938_C1,1000,-803,0
BOM_VirtualProduct_502-2938_D1_300-0317,VirtualProduct_502-2938_D1,1000,-294,0
BOM_VirtualProduct_502-2938_E1_310-0357,VirtualProduct_502-2938_E1,1000,-337,0
BOM_VirtualProduct_502-3023_A1_260-0250,VirtualProduct_502-3023_A1,1000,0,0
BOM_VirtualProduct_502-3023_A1_260-0250,VirtualProduct_502-3023_A1,2000,0,0
BOM_VirtualProduct_502-3023_A1_260-0306,VirtualProduct_502-3023_A1,1000,0,0
BOM_VirtualProduct_502-3023_A1_260-0306,VirtualProduct_502-3023_A1,2000,0,0
BOM_VirtualProduct_502-3023_A1_260-0325,VirtualProduct_502-3023_A1,1000,-140,0
BOM_VirtualProduct_502-3023_A1_260-0325,VirtualProduct_502-3023_A1,2000,-3746,0
BOM_VirtualProduct_502-3184_A1_504-1973,VirtualProduct_502-3184_A1,1000,-140,0
BOM_VirtualProduct_502-3184_A1_504-1973,VirtualProduct_502-3184_A1,2000,-140,0
BOM_VirtualProduct_502-3189_A1_260-0261,VirtualProduct_502-3189_A1,1000,-140,0
BOM_VirtualProduct_502-3207_A1_260-0250,VirtualProduct_502-3207_A1,1000,0,0
BOM_VirtualProduct_502-3207_A1_260-0250,VirtualProduct_502-3207_A1,2000,0,0
BOM_VirtualProduct_502-3207_A1_260-0306,VirtualProduct_502-3207_A1,1000,0,0
BOM_VirtualProduct_502-3207_A1_260-0306,VirtualProduct_502-3207_A1,2000,0,0
BOM_VirtualProduct_502-3207_A1_260-0325,VirtualProduct_502-3207_A1,1000,-140,0
BOM_VirtualProduct_502-3207_A1_260-0325,VirtualProduct_502-3207_A1,2000,-3746,0
BOM_VirtualProduct_502-3423_A1_260-0141-02,VirtualProduct_502-3423_A1,1000,-140,0
BOM_VirtualProduct_502-3423_A1_260-0141-02,VirtualProduct_502-3423_A1,2000,-363,0
BOM_VirtualProduct_502-3423_A2_300-0151,VirtualProduct_502-3423_A2,1000,-140,0
BOM_VirtualProduct_502-3423_A2_300-0151,VirtualProduct_502-3423_A2,2000,-3947,0
BOM_VirtualProduct_502-3423_A3_310-0591,VirtualProduct_502-3423_A3,1000,-140,0
BOM_VirtualProduct_502-3423_A3_310-0591,VirtualProduct_502-3423_A3,2000,-3006,0
BOM_VirtualProduct_502-3424_A1_260-0141-02,VirtualProduct_502-3424_A1,1000,-140,0
BOM_VirtualProduct_502-3424_A1_260-0141-02,VirtualProduct_502-3424_A1,2000,-363,0
BOM_VirtualProduct_502-3424_A2_300-0151,VirtualProduct_502-3424_A2,1000,-140,0
BOM_VirtualProduct_502-3424_A2_300-0151,VirtualProduct_502-3424_A2,2000,-3947,0
BOM_VirtualProduct_502-3424_A3_310-0591,VirtualProduct_502-3424_A3,1000,-140,0
BOM_VirtualProduct_502-3424_A3_310-0591,VirtualProduct_502-3424_A3,2000,-3006,0
BOM_VirtualProduct_502-3450_C1_300-0316,VirtualProduct_502-3450_C1,1000,-803,0
BOM_VirtualProduct_502-3450_C1_300-0316,VirtualProduct_502-3450_C1,2000,-5467,0
BOM_VirtualProduct_502-3450_D1_300-0317,VirtualProduct_502-3450_D1,1000,-294,0
BOM_VirtualProduct_502-3450_D1_300-0317,VirtualProduct_502-3450_D1,2000,-5992,0
BOM_VirtualProduct_502-3450_E1_310-0357,VirtualProduct_502-3450_E1,1000,-337,0
BOM_VirtualProduct_502-3450_E1_310-0357,VirtualProduct_502-3450_E1,2000,-2450,0
BOM_VirtualProduct_502-3502_A1_504-1989,VirtualProduct_502-3502_A1,1000,-1939,0
BOM_VirtualProduct_502-3520_A1_504-1989,VirtualProduct_502-3520_A1,1000,-1939,0
BOM_VirtualProduct_504-1319_A1_110-0298_SUB_PCBA,VirtualProduct_504-1319_A1,SUB_PCBA,-140,0
BOM_VirtualProduct_504-1319_A1_110-0368_SUB_PCBA,VirtualProduct_504-1319_A1,SUB_PCBA,0,0
BOM_VirtualProduct_504-1319_A2_110-0002_SUB_PCBA,VirtualProduct_504-1319_A2,SUB_PCBA,-140,0
BOM_VirtualProduct_504-1319_A2_110-0369_SUB_PCBA,VirtualProduct_504-1319_A2,SUB_PCBA,0,0
BOM_VirtualProduct_504-1319_A3_110-0252_SUB_PCBA,VirtualProduct_504-1319_A3,SUB_PCBA,-140,0
BOM_VirtualProduct_504-1319_A3_110-0370_SUB_PCBA,VirtualProduct_504-1319_A3,SUB_PCBA,0,0
BOM_VirtualProduct_504-1319_A4_110-0011_SUB_PCBA,VirtualProduct_504-1319_A4,SUB_PCBA,-140,0
BOM_VirtualProduct_504-1319_A4_110-0371_SUB_PCBA,VirtualProduct_504-1319_A4,SUB_PCBA,0,0
BOM_VirtualProduct_504-1319_A5_110-0243_SUB_PCBA,VirtualProduct_504-1319_A5,SUB_PCBA,-140,0
BOM_VirtualProduct_504-1319_A5_110-0372_SUB_PCBA,VirtualProduct_504-1319_A5,SUB_PCBA,0,0
BOM_VirtualProduct_504-1319_A6_110-0267_SUB_PCBA,VirtualProduct_504-1319_A6,SUB_PCBA,-140,0
BOM_VirtualProduct_504-1319_A6_110-0373_SUB_PCBA,VirtualProduct_504-1319_A6,SUB_PCBA,0,0
BOM_VirtualProduct_504-1319_A7_110-0207_SUB_PCBA,VirtualProduct_504-1319_A7,SUB_PCBA,-140,0
BOM_VirtualProduct_504-1319_A7_110-0374_SUB_PCBA,VirtualProduct_504-1319_A7,SUB_PCBA,0,0
BOM_VirtualProduct_504-1319_B1_110-0272_SUB_PCBA,VirtualProduct_504-1319_B1,SUB_PCBA,-140,0
BOM_VirtualProduct_504-1319_B1_110-0375_SUB_PCBA,VirtualProduct_504-1319_B1,SUB_PCBA,0,0
BOM_VirtualProduct_504-1319_B2_110-0273_SUB_PCBA,VirtualProduct_504-1319_B2,SUB_PCBA,-140,0
BOM_VirtualProduct_504-1319_B2_110-0376_SUB_PCBA,VirtualProduct_504-1319_B2,SUB_PCBA,0,0
BOM_VirtualProduct_504-1319_B3_110-0241_SUB_PCBA,VirtualProduct_504-1319_B3,SUB_PCBA,-140,0
BOM_VirtualProduct_504-1319_B3_110-0377_SUB_PCBA,VirtualProduct_504-1319_B3,SUB_PCBA,0,0
BOM_VirtualProduct_504-1319_B4_110-0177_SUB_PCBA,VirtualProduct_504-1319_B4,SUB_PCBA,-140,0
BOM_VirtualProduct_504-1319_B4_110-0378_SUB_PCBA,VirtualProduct_504-1319_B4,SUB_PCBA,0,0
BOM_VirtualProduct_504-1319_B5_110-0213_SUB_PCBA,VirtualProduct_504-1319_B5,SUB_PCBA,-140,0
BOM_VirtualProduct_504-1319_B5_110-0379_SUB_PCBA,VirtualProduct_504-1319_B5,SUB_PCBA,0,0
BOM_VirtualProduct_504-1319_B6_110-0237_SUB_PCBA,VirtualProduct_504-1319_B6,SUB_PCBA,-140,0
BOM_VirtualProduct_504-1319_B6_110-0380_SUB_PCBA,VirtualProduct_504-1319_B6,SUB_PCBA,0,0
BOM_VirtualProduct_504-1319_B7_110-0308_SUB_PCBA,VirtualProduct_504-1319_B7,SUB_PCBA,-140,0
BOM_VirtualProduct_504-1319_B7_110-0381_SUB_PCBA,VirtualProduct_504-1319_B7,SUB_PCBA,0,0
BOM_VirtualProduct_504-1385-00_A1_120-0051_SUB_PCBA,VirtualProduct_504-1385-00_A1,SUB_PCBA,0,0
BOM_VirtualProduct_504-1385-00_A1_120-0248_SUB_PCBA,VirtualProduct_504-1385-00_A1,SUB_PCBA,-140,0
BOM_VirtualProduct_504-1399_A1_120-0051_SUB_PCBA,VirtualProduct_504-1399_A1,SUB_PCBA,-140,0
BOM_VirtualProduct_504-1399_A1_120-0248_SUB_PCBA,VirtualProduct_504-1399_A1,SUB_PCBA,0,0
BOM_VirtualProduct_504-1399_A2_120-0129_SUB_PCBA,VirtualProduct_504-1399_A2,SUB_PCBA,-140,0
BOM_VirtualProduct_504-1399_A2_120-0249_SUB_PCBA,VirtualProduct_504-1399_A2,SUB_PCBA,0,0
BOM_VirtualProduct_504-1399_A3_140-0392_SUB_PCBA,VirtualProduct_504-1399_A3,SUB_PCBA,0,0
BOM_VirtualProduct_504-1399_A3_140-0628_SUB_PCBA,VirtualProduct_504-1399_A3,SUB_PCBA,0,0
BOM_VirtualProduct_504-1399_A3_140-0834_SUB_PCBA,VirtualProduct_504-1399_A3,SUB_PCBA,-140,0
BOM_VirtualProduct_504-1399_A4_140-0253_SUB_PCBA,VirtualProduct_504-1399_A4,SUB_PCBA,0,0
BOM_VirtualProduct_504-1399_A4_140-0645_SUB_PCBA,VirtualProduct_504-1399_A4,SUB_PCBA,-140,0
BOM_VirtualProduct_504-1399_A5_130-0077_SUB_PCBA,VirtualProduct_504-1399_A5,SUB_PCBA,-140,0
BOM_VirtualProduct_504-1399_A5_140-0384_SUB_PCBA,VirtualProduct_504-1399_A5,SUB_PCBA,0,0
BOM_VirtualProduct_504-1532_A1_120-0051_SUB_PCBA,VirtualProduct_504-1532_A1,SUB_PCBA,-140,0
BOM_VirtualProduct_504-1532_A1_120-0248_SUB_PCBA,VirtualProduct_504-1532_A1,SUB_PCBA,0,0
BOM_VirtualProduct_504-1532_A2_120-0129_SUB_PCBA,VirtualProduct_504-1532_A2,SUB_PCBA,-140,0
BOM_VirtualProduct_504-1532_A2_120-0249_SUB_PCBA,VirtualProduct_504-1532_A2,SUB_PCBA,0,0
BOM_VirtualProduct_504-1532_A3_140-0392_SUB_PCBA,VirtualProduct_504-1532_A3,SUB_PCBA,0,0
BOM_VirtualProduct_504-1532_A3_140-0834_SUB_PCBA,VirtualProduct_504-1532_A3,SUB_PCBA,-140,0
BOM_VirtualProduct_504-1532_A4_140-0253_SUB_PCBA,VirtualProduct_504-1532_A4,SUB_PCBA,-140,0
BOM_VirtualProduct_504-1532_A4_140-0645_SUB_PCBA,VirtualProduct_504-1532_A4,SUB_PCBA,0,0
BOM_VirtualProduct_504-1532_B1_120-0099_SUB_PCBA,VirtualProduct_504-1532_B1,SUB_PCBA,0,0
BOM_VirtualProduct_504-1532_B1_120-0202_SUB_PCBA,VirtualProduct_504-1532_B1,SUB_PCBA,-140,0
BOM_VirtualProduct_504-1532_B2_120-0100_SUB_PCBA,VirtualProduct_504-1532_B2,SUB_PCBA,0,0
BOM_VirtualProduct_504-1532_B2_120-0121_SUB_PCBA,VirtualProduct_504-1532_B2,SUB_PCBA,-140,0
BOM_VirtualProduct_504-1532_C1_140-0386_SUB_PCBA,VirtualProduct_504-1532_C1,SUB_PCBA,-140,0
BOM_VirtualProduct_504-1532_C1_140-1028_SUB_PCBA,VirtualProduct_504-1532_C1,SUB_PCBA,0,0
BOM_VirtualProduct_504-1532-R_A1_120-0051_SUB_PCBA,VirtualProduct_504-1532-R_A1,SUB_PCBA,-140,0
BOM_VirtualProduct_504-1532-R_A1_120-0248_SUB_PCBA,VirtualProduct_504-1532-R_A1,SUB_PCBA,0,0
BOM_VirtualProduct_504-1532-R_A2_120-0129_SUB_PCBA,VirtualProduct_504-1532-R_A2,SUB_PCBA,-140,0
BOM_VirtualProduct_504-1532-R_A2_120-0249_SUB_PCBA,VirtualProduct_504-1532-R_A2,SUB_PCBA,0,0
BOM_VirtualProduct_504-1532-R_A3_140-0392_SUB_PCBA,VirtualProduct_504-1532-R_A3,SUB_PCBA,0,0
BOM_VirtualProduct_504-1532-R_A3_140-0834_SUB_PCBA,VirtualProduct_504-1532-R_A3,SUB_PCBA,-140,0
BOM_VirtualProduct_504-1532-R_A4_140-0253_SUB_PCBA,VirtualProduct_504-1532-R_A4,SUB_PCBA,0,0
BOM_VirtualProduct_504-1532-R_A4_140-0645_SUB_PCBA,VirtualProduct_504-1532-R_A4,SUB_PCBA,-140,0
BOM_VirtualProduct_504-1532-R_A5_140-0341_SUB_PCBA,VirtualProduct_504-1532-R_A5,SUB_PCBA,0,0
BOM_VirtualProduct_504-1532-R_A5_542-0007_SUB_PCBA,VirtualProduct_504-1532-R_A5,SUB_PCBA,-140,0
BOM_VirtualProduct_504-1548_A1_120-0051_SUB_PCBA,VirtualProduct_504-1548_A1,SUB_PCBA,-140,0
BOM_VirtualProduct_504-1548_A1_120-0248_SUB_PCBA,VirtualProduct_504-1548_A1,SUB_PCBA,0,0
BOM_VirtualProduct_504-1548_A2_120-0129_SUB_PCBA,VirtualProduct_504-1548_A2,SUB_PCBA,-140,0
BOM_VirtualProduct_504-1548_A2_120-0249_SUB_PCBA,VirtualProduct_504-1548_A2,SUB_PCBA,0,0
BOM_VirtualProduct_504-1550_A1_120-0138_SUB_PCBA,VirtualProduct_504-1550_A1,SUB_PCBA,-140,0
BOM_VirtualProduct_504-1550_B1_140-0638_SUB_PCBA,VirtualProduct_504-1550_B1,SUB_PCBA,-140,0
BOM_VirtualProduct_504-1550_B1_140-0852_SUB_PCBA,VirtualProduct_504-1550_B1,SUB_PCBA,0,0
BOM_VirtualProduct_504-1584_A1_504-1550,VirtualProduct_504-1584_A1,1000,0,0
BOM_VirtualProduct_504-1584_A1_504-1550,VirtualProduct_504-1584_A1,2000,0,0
BOM_VirtualProduct_504-1584_A1_504-1616,VirtualProduct_504-1584_A1,1000,0,0
BOM_VirtualProduct_504-1584_A1_504-1616,VirtualProduct_504-1584_A1,2000,0,0
BOM_VirtualProduct_504-1584_A1_504-1818,VirtualProduct_504-1584_A1,1000,-182,0
BOM_VirtualProduct_504-1584_A1_504-1818,VirtualProduct_504-1584_A1,2000,-140,0
BOM_VirtualProduct_504-1585_A1_504-1550,VirtualProduct_504-1585_A1,1000,0,0
BOM_VirtualProduct_504-1585_A1_504-1550,VirtualProduct_504-1585_A1,2000,0,0
BOM_VirtualProduct_504-1585_A1_504-1616,VirtualProduct_504-1585_A1,1000,0,0
BOM_VirtualProduct_504-1585_A1_504-1616,VirtualProduct_504-1585_A1,2000,0,0
BOM_VirtualProduct_504-1585_A1_504-1818,VirtualProduct_504-1585_A1,1000,-182,0
BOM_VirtualProduct_504-1585_A1_504-1818,VirtualProduct_504-1585_A1,2000,-140,0
BOM_VirtualProduct_504-1616_A1_120-0138_SUB_PCBA,VirtualProduct_504-1616_A1,SUB_PCBA,-140,0
BOM_VirtualProduct_504-1616_B1_120-0215_SUB_PCBA,VirtualProduct_504-1616_B1,SUB_PCBA,0,0
BOM_VirtualProduct_504-1616_B1_120-0224_SUB_PCBA,VirtualProduct_504-1616_B1,SUB_PCBA,-140,0
BOM_VirtualProduct_504-1616_C1_140-0638_SUB_PCBA,VirtualProduct_504-1616_C1,SUB_PCBA,-140,0
BOM_VirtualProduct_504-1616_C1_140-0852_SUB_PCBA,VirtualProduct_504-1616_C1,SUB_PCBA,0,0
BOM_VirtualProduct_504-1693_A1_140-0392_SUB_PCBA,VirtualProduct_504-1693_A1,SUB_PCBA,0,0
BOM_VirtualProduct_504-1693_A1_140-0628_SUB_PCBA,VirtualProduct_504-1693_A1,SUB_PCBA,0,0
BOM_VirtualProduct_504-1693_A1_140-0834_SUB_PCBA,VirtualProduct_504-1693_A1,SUB_PCBA,-140,0
BOM_VirtualProduct_504-1693_A2_140-0253_SUB_PCBA,VirtualProduct_504-1693_A2,SUB_PCBA,0,0
BOM_VirtualProduct_504-1693_A2_140-0645_SUB_PCBA,VirtualProduct_504-1693_A2,SUB_PCBA,-140,0
BOM_VirtualProduct_504-1693_A3_130-0077_SUB_PCBA,VirtualProduct_504-1693_A3,SUB_PCBA,-140,0
BOM_VirtualProduct_504-1693_A3_140-0384_SUB_PCBA,VirtualProduct_504-1693_A3,SUB_PCBA,0,0
BOM_VirtualProduct_504-1693_B1_120-0099_SUB_PCBA,VirtualProduct_504-1693_B1,SUB_PCBA,0,0
BOM_VirtualProduct_504-1693_B1_120-0202_SUB_PCBA,VirtualProduct_504-1693_B1,SUB_PCBA,-140,0
BOM_VirtualProduct_504-1693_B2_120-0100_SUB_PCBA,VirtualProduct_504-1693_B2,SUB_PCBA,0,0
BOM_VirtualProduct_504-1693_B2_120-0121_SUB_PCBA,VirtualProduct_504-1693_B2,SUB_PCBA,-140,0
BOM_VirtualProduct_504-1693_C1_140-0386_SUB_PCBA,VirtualProduct_504-1693_C1,SUB_PCBA,0,0
BOM_VirtualProduct_504-1693_C1_140-1028_SUB_PCBA,VirtualProduct_504-1693_C1,SUB_PCBA,-140,0
BOM_VirtualProduct_504-1712_A1_120-0138,VirtualProduct_504-1712_A1,1000,-224719,0
BOM_VirtualProduct_504-1712_A1_120-0138,VirtualProduct_504-1712_A1,2000,-140,0
BOM_VirtualProduct_504-1712_A1_120-0138_SUB_PCBA,VirtualProduct_504-1712_A1,SUB_PCBA,-140,0
BOM_VirtualProduct_504-1712_B1_140-0638,VirtualProduct_504-1712_B1,1000,-1338,0
BOM_VirtualProduct_504-1712_B1_140-0638,VirtualProduct_504-1712_B1,2000,-140,0
BOM_VirtualProduct_504-1712_B1_140-0638_SUB_PCBA,VirtualProduct_504-1712_B1,SUB_PCBA,-140,0
BOM_VirtualProduct_504-1712_B1_140-0852,VirtualProduct_504-1712_B1,1000,-150,0
BOM_VirtualProduct_504-1712_B1_140-0852,VirtualProduct_504-1712_B1,2000,0,0
BOM_VirtualProduct_504-1712_B1_140-0852_SUB_PCBA,VirtualProduct_504-1712_B1,SUB_PCBA,0,0
BOM_VirtualProduct_504-1718_A_130-0077,VirtualProduct_504-1718_A,1000,-948616,0
BOM_VirtualProduct_504-1718_A_130-0077,VirtualProduct_504-1718_A,2000,-28126,0
BOM_VirtualProduct_504-1718_A_130-0077_SUB_PCBA,VirtualProduct_504-1718_A,SUB_PCBA,-140,0
BOM_VirtualProduct_504-1718_A_140-0384,VirtualProduct_504-1718_A,1000,-819032,0
BOM_VirtualProduct_504-1718_A_140-0384,VirtualProduct_504-1718_A,2000,0,0
BOM_VirtualProduct_504-1718_A_140-0384_SUB_PCBA,VirtualProduct_504-1718_A,SUB_PCBA,0,0
BOM_VirtualProduct_504-1718_A1_130-0077,VirtualProduct_504-1718_A1,1000,-948616,0
BOM_VirtualProduct_504-1718_A1_130-0077,VirtualProduct_504-1718_A1,2000,-28126,0
BOM_VirtualProduct_504-1718_A1_130-0077_SUB_PCBA,VirtualProduct_504-1718_A1,SUB_PCBA,-140,0
BOM_VirtualProduct_504-1718_A1_140-0384,VirtualProduct_504-1718_A1,1000,-819032,0
BOM_VirtualProduct_504-1718_A1_140-0384,VirtualProduct_504-1718_A1,2000,0,0
BOM_VirtualProduct_504-1718_A1_140-0384_SUB_PCBA,VirtualProduct_504-1718_A1,SUB_PCBA,0,0
BOM_VirtualProduct_504-1718_B_120-0121,VirtualProduct_504-1718_B,1000,-1747279,0
BOM_VirtualProduct_504-1718_B_120-0121,VirtualProduct_504-1718_B,2000,-31318,0
BOM_VirtualProduct_504-1718_B_120-0121_SUB_PCBA,VirtualProduct_504-1718_B,SUB_PCBA,-140,0
BOM_VirtualProduct_504-1718_B_120-0254,VirtualProduct_504-1718_B,1000,-60835,0
BOM_VirtualProduct_504-1718_B_120-0254,VirtualProduct_504-1718_B,2000,0,0
BOM_VirtualProduct_504-1718_B_120-0254_SUB_PCBA,VirtualProduct_504-1718_B,SUB_PCBA,0,0
BOM_VirtualProduct_504-1718_B1_120-0121,VirtualProduct_504-1718_B1,1000,-1747279,0
BOM_VirtualProduct_504-1718_B1_120-0121,VirtualProduct_504-1718_B1,2000,-31318,0
BOM_VirtualProduct_504-1718_B1_120-0121_SUB_PCBA,VirtualProduct_504-1718_B1,SUB_PCBA,-140,0
BOM_VirtualProduct_504-1718_B1_120-0254,VirtualProduct_504-1718_B1,1000,-60835,0
BOM_VirtualProduct_504-1718_B1_120-0254,VirtualProduct_504-1718_B1,2000,0,0
BOM_VirtualProduct_504-1718_B1_120-0254_SUB_PCBA,VirtualProduct_504-1718_B1,SUB_PCBA,0,0
BOM_VirtualProduct_504-1718_C_120-0202,VirtualProduct_504-1718_C,1000,-135394,0
BOM_VirtualProduct_504-1718_C_120-0202,VirtualProduct_504-1718_C,2000,-140,0
BOM_VirtualProduct_504-1718_C_120-0202_SUB_PCBA,VirtualProduct_504-1718_C,SUB_PCBA,-140,0
BOM_VirtualProduct_504-1718_C_120-0253,VirtualProduct_504-1718_C,1000,-60098,0
BOM_VirtualProduct_504-1718_C_120-0253,VirtualProduct_504-1718_C,2000,0,0
BOM_VirtualProduct_504-1718_C_120-0253_SUB_PCBA,VirtualProduct_504-1718_C,SUB_PCBA,0,0
BOM_VirtualProduct_504-1718_C1_120-0202,VirtualProduct_504-1718_C1,1000,-135394,0
BOM_VirtualProduct_504-1718_C1_120-0202,VirtualProduct_504-1718_C1,2000,-140,0
BOM_VirtualProduct_504-1718_C1_120-0202_SUB_PCBA,VirtualProduct_504-1718_C1,SUB_PCBA,-140,0
BOM_VirtualProduct_504-1718_C1_120-0253,VirtualProduct_504-1718_C1,1000,-60098,0
BOM_VirtualProduct_504-1718_C1_120-0253,VirtualProduct_504-1718_C1,2000,0,0
BOM_VirtualProduct_504-1718_C1_120-0253_SUB_PCBA,VirtualProduct_504-1718_C1,SUB_PCBA,0,0
BOM_VirtualProduct_504-1718_D_140-0253,VirtualProduct_504-1718_D,1000,-337025,0
BOM_VirtualProduct_504-1718_D_140-0253,VirtualProduct_504-1718_D,2000,-140,0
BOM_VirtualProduct_504-1718_D_140-0253_SUB_PCBA,VirtualProduct_504-1718_D,SUB_PCBA,-140,0
BOM_VirtualProduct_504-1718_D_140-0645,VirtualProduct_504-1718_D,1000,-129325,0
BOM_VirtualProduct_504-1718_D_140-0645,VirtualProduct_504-1718_D,2000,0,0
BOM_VirtualProduct_504-1718_D_140-0645_SUB_PCBA,VirtualProduct_504-1718_D,SUB_PCBA,0,0
BOM_VirtualProduct_504-1718_D1_140-0253,VirtualProduct_504-1718_D1,1000,-337025,0
BOM_VirtualProduct_504-1718_D1_140-0253,VirtualProduct_504-1718_D1,2000,-140,0
BOM_VirtualProduct_504-1718_D1_140-0253_SUB_PCBA,VirtualProduct_504-1718_D1,SUB_PCBA,-140,0
BOM_VirtualProduct_504-1718_D1_140-0645,VirtualProduct_504-1718_D1,1000,-129325,0
BOM_VirtualProduct_504-1718_D1_140-0645,VirtualProduct_504-1718_D1,2000,0,0
BOM_VirtualProduct_504-1718_D1_140-0645_SUB_PCBA,VirtualProduct_504-1718_D1,SUB_PCBA,0,0
BOM_VirtualProduct_504-1718_E1_120-0138,VirtualProduct_504-1718_E1,1000,-224579,0
BOM_VirtualProduct_504-1718_E1_120-0138,VirtualProduct_504-1718_E1,2000,0,0
BOM_VirtualProduct_504-1718_E1_120-0138_SUB_PCBA,VirtualProduct_504-1718_E1,SUB_PCBA,0,0
BOM_VirtualProduct_504-1718_E1_121-0060-CD,VirtualProduct_504-1718_E1,1000,-60663,0
BOM_VirtualProduct_504-1718_E1_121-0060-CD,VirtualProduct_504-1718_E1,2000,-140,0
BOM_VirtualProduct_504-1718_E1_121-0060-CD_SUB_PCBA,VirtualProduct_504-1718_E1,SUB_PCBA,-140,0
BOM_VirtualProduct_504-1718_F1_140-0240,VirtualProduct_504-1718_F1,1000,-110552,0
BOM_VirtualProduct_504-1718_F1_140-0240,VirtualProduct_504-1718_F1,2000,0,0
BOM_VirtualProduct_504-1718_F1_140-0240_SUB_PCBA,VirtualProduct_504-1718_F1,SUB_PCBA,0,0
BOM_VirtualProduct_504-1718_F1_140-1016,VirtualProduct_504-1718_F1,1000,-3024,0
BOM_VirtualProduct_504-1718_F1_140-1016,VirtualProduct_504-1718_F1,2000,-140,0
BOM_VirtualProduct_504-1718_F1_140-1016_SUB_PCBA,VirtualProduct_504-1718_F1,SUB_PCBA,-140,0
BOM_VirtualProduct_504-1728_A1_140-0392_SUB_PCBA,VirtualProduct_504-1728_A1,SUB_PCBA,0,0
BOM_VirtualProduct_504-1728_A1_140-0834_SUB_PCBA,VirtualProduct_504-1728_A1,SUB_PCBA,-140,0
BOM_VirtualProduct_504-1728_B1_140-0253_SUB_PCBA,VirtualProduct_504-1728_B1,SUB_PCBA,0,0
BOM_VirtualProduct_504-1728_B1_140-0645_SUB_PCBA,VirtualProduct_504-1728_B1,SUB_PCBA,-140,0
BOM_VirtualProduct_504-1728_C1_120-0099_SUB_PCBA,VirtualProduct_504-1728_C1,SUB_PCBA,0,0
BOM_VirtualProduct_504-1728_C1_120-0202_SUB_PCBA,VirtualProduct_504-1728_C1,SUB_PCBA,-140,0
BOM_VirtualProduct_504-1728_C1_120-0253_SUB_PCBA,VirtualProduct_504-1728_C1,SUB_PCBA,0,0
BOM_VirtualProduct_504-1728_D1_130-0077_SUB_PCBA,VirtualProduct_504-1728_D1,SUB_PCBA,-140,0
BOM_VirtualProduct_504-1728_D1_140-0384_SUB_PCBA,VirtualProduct_504-1728_D1,SUB_PCBA,0,0
BOM_VirtualProduct_504-1753_A1_140-0253_SUB_PCBA,VirtualProduct_504-1753_A1,SUB_PCBA,0,0
BOM_VirtualProduct_504-1753_A1_140-0645_SUB_PCBA,VirtualProduct_504-1753_A1,SUB_PCBA,-140,0
BOM_VirtualProduct_504-1753_A2_130-0077_SUB_PCBA,VirtualProduct_504-1753_A2,SUB_PCBA,-140,0
BOM_VirtualProduct_504-1753_A2_140-0384_SUB_PCBA,VirtualProduct_504-1753_A2,SUB_PCBA,0,0
BOM_VirtualProduct_504-1753_A3_140-0392_SUB_PCBA,VirtualProduct_504-1753_A3,SUB_PCBA,0,0
BOM_VirtualProduct_504-1753_A3_140-0628_SUB_PCBA,VirtualProduct_504-1753_A3,SUB_PCBA,0,0
BOM_VirtualProduct_504-1753_A3_140-0834_SUB_PCBA,VirtualProduct_504-1753_A3,SUB_PCBA,-140,0
BOM_VirtualProduct_504-1818_A1_120-0138_SUB_PCBA,VirtualProduct_504-1818_A1,SUB_PCBA,-140,0
BOM_VirtualProduct_504-1818_B1_140-0638_SUB_PCBA,VirtualProduct_504-1818_B1,SUB_PCBA,-140,0
BOM_VirtualProduct_504-1818_B1_140-0852_SUB_PCBA,VirtualProduct_504-1818_B1,SUB_PCBA,0,0
BOM_VirtualProduct_504-1828_A1_130-0077,VirtualProduct_504-1828_A1,1000,-948616,0
BOM_VirtualProduct_504-1828_A1_130-0077,VirtualProduct_504-1828_A1,2000,-28126,0
BOM_VirtualProduct_504-1828_A1_130-0077_SUB_PCBA,VirtualProduct_504-1828_A1,SUB_PCBA,-140,0
BOM_VirtualProduct_504-1828_A1_140-0384,VirtualProduct_504-1828_A1,1000,-819032,0
BOM_VirtualProduct_504-1828_A1_140-0384,VirtualProduct_504-1828_A1,2000,0,0
BOM_VirtualProduct_504-1828_A1_140-0384_SUB_PCBA,VirtualProduct_504-1828_A1,SUB_PCBA,0,0
BOM_VirtualProduct_504-1829_A1_130-0077,VirtualProduct_504-1829_A1,1000,-948616,0
BOM_VirtualProduct_504-1829_A1_130-0077,VirtualProduct_504-1829_A1,2000,-28126,0
BOM_VirtualProduct_504-1829_A1_130-0077_SUB_PCBA,VirtualProduct_504-1829_A1,SUB_PCBA,-140,0
BOM_VirtualProduct_504-1829_A1_140-0384,VirtualProduct_504-1829_A1,1000,-819032,0
BOM_VirtualProduct_504-1829_A1_140-0384,VirtualProduct_504-1829_A1,2000,0,0
BOM_VirtualProduct_504-1829_A1_140-0384_SUB_PCBA,VirtualProduct_504-1829_A1,SUB_PCBA,0,0
BOM_VirtualProduct_504-1877_A1_140-0392_SUB_PCBA,VirtualProduct_504-1877_A1,SUB_PCBA,0,0
BOM_VirtualProduct_504-1877_A1_140-0834_SUB_PCBA,VirtualProduct_504-1877_A1,SUB_PCBA,-140,0
BOM_VirtualProduct_504-1877_B1_140-0253_SUB_PCBA,VirtualProduct_504-1877_B1,SUB_PCBA,-140,0
BOM_VirtualProduct_504-1877_B1_140-0645_SUB_PCBA,VirtualProduct_504-1877_B1,SUB_PCBA,0,0
BOM_VirtualProduct_504-1877_C1_120-0099_SUB_PCBA,VirtualProduct_504-1877_C1,SUB_PCBA,0,0
BOM_VirtualProduct_504-1877_C1_120-0202_SUB_PCBA,VirtualProduct_504-1877_C1,SUB_PCBA,-140,0
BOM_VirtualProduct_504-1877_C1_120-0253_SUB_PCBA,VirtualProduct_504-1877_C1,SUB_PCBA,0,0
BOM_VirtualProduct_504-1877_D1_130-0077_SUB_PCBA,VirtualProduct_504-1877_D1,SUB_PCBA,-140,0
BOM_VirtualProduct_504-1877_D1_140-0384_SUB_PCBA,VirtualProduct_504-1877_D1,SUB_PCBA,0,0
BOM_VirtualProduct_504-1878_A1_130-0077,VirtualProduct_504-1878_A1,1000,-948616,0
BOM_VirtualProduct_504-1878_A1_130-0077,VirtualProduct_504-1878_A1,2000,-28126,0
BOM_VirtualProduct_504-1878_A1_130-0077_SUB_PCBA,VirtualProduct_504-1878_A1,SUB_PCBA,-140,0
BOM_VirtualProduct_504-1878_A1_140-0384,VirtualProduct_504-1878_A1,1000,-819032,0
BOM_VirtualProduct_504-1878_A1_140-0384,VirtualProduct_504-1878_A1,2000,0,0
BOM_VirtualProduct_504-1878_A1_140-0384_SUB_PCBA,VirtualProduct_504-1878_A1,SUB_PCBA,0,0
BOM_VirtualProduct_504-1878_B1_120-0121,VirtualProduct_504-1878_B1,1000,-1747279,0
BOM_VirtualProduct_504-1878_B1_120-0121,VirtualProduct_504-1878_B1,2000,-31318,0
BOM_VirtualProduct_504-1878_B1_120-0121_SUB_PCBA,VirtualProduct_504-1878_B1,SUB_PCBA,-140,0
BOM_VirtualProduct_504-1878_B1_120-0260,VirtualProduct_504-1878_B1,1000,-65573,0
BOM_VirtualProduct_504-1878_B1_120-0260,VirtualProduct_504-1878_B1,2000,0,0
BOM_VirtualProduct_504-1878_B1_120-0260_SUB_PCBA,VirtualProduct_504-1878_B1,SUB_PCBA,0,0
BOM_VirtualProduct_504-1878_C1_120-0247,VirtualProduct_504-1878_C1,1000,-3309,0
BOM_VirtualProduct_504-1878_C1_120-0247,VirtualProduct_504-1878_C1,2000,-140,0
BOM_VirtualProduct_504-1878_C1_120-0247_SUB_PCBA,VirtualProduct_504-1878_C1,SUB_PCBA,-140,0
BOM_VirtualProduct_504-1878_C1_120-0310,VirtualProduct_504-1878_C1,1000,-24202,0
BOM_VirtualProduct_504-1878_C1_120-0310,VirtualProduct_504-1878_C1,2000,0,0
BOM_VirtualProduct_504-1878_C1_120-0310_SUB_PCBA,VirtualProduct_504-1878_C1,SUB_PCBA,0,0
BOM_VirtualProduct_504-1878_D1_140-0253,VirtualProduct_504-1878_D1,1000,-337025,0
BOM_VirtualProduct_504-1878_D1_140-0253,VirtualProduct_504-1878_D1,2000,-140,0
BOM_VirtualProduct_504-1878_D1_140-0253_SUB_PCBA,VirtualProduct_504-1878_D1,SUB_PCBA,-140,0
BOM_VirtualProduct_504-1878_D1_140-0645,VirtualProduct_504-1878_D1,1000,-129325,0
BOM_VirtualProduct_504-1878_D1_140-0645,VirtualProduct_504-1878_D1,2000,0,0
BOM_VirtualProduct_504-1878_D1_140-0645_SUB_PCBA,VirtualProduct_504-1878_D1,SUB_PCBA,0,0
BOM_VirtualProduct_504-1878_E1_120-0138,VirtualProduct_504-1878_E1,1000,-224579,0
BOM_VirtualProduct_504-1878_E1_120-0138,VirtualProduct_504-1878_E1,2000,0,0
BOM_VirtualProduct_504-1878_E1_120-0138_SUB_PCBA,VirtualProduct_504-1878_E1,SUB_PCBA,0,0
BOM_VirtualProduct_504-1878_E1_121-0060-CD,VirtualProduct_504-1878_E1,1000,-60663,0
BOM_VirtualProduct_504-1878_E1_121-0060-CD,VirtualProduct_504-1878_E1,2000,-140,0
BOM_VirtualProduct_504-1878_E1_121-0060-CD_SUB_PCBA,VirtualProduct_504-1878_E1,SUB_PCBA,-140,0
BOM_VirtualProduct_504-1878_F1_140-0240,VirtualProduct_504-1878_F1,1000,-110552,0
BOM_VirtualProduct_504-1878_F1_140-0240,VirtualProduct_504-1878_F1,2000,0,0
BOM_VirtualProduct_504-1878_F1_140-0240_SUB_PCBA,VirtualProduct_504-1878_F1,SUB_PCBA,0,0
BOM_VirtualProduct_504-1878_F1_140-1016,VirtualProduct_504-1878_F1,1000,-3024,0
BOM_VirtualProduct_504-1878_F1_140-1016,VirtualProduct_504-1878_F1,2000,-140,0
BOM_VirtualProduct_504-1878_F1_140-1016_SUB_PCBA,VirtualProduct_504-1878_F1,SUB_PCBA,-140,0
BOM_VirtualProduct_504-1936_A1_504-1718,VirtualProduct_504-1936_A1,1000,-4130,0
BOM_VirtualProduct_504-1936_A1_504-1718,VirtualProduct_504-1936_A1,2000,-4001,0
BOM_VirtualProduct_504-1936_A1_504-1878,VirtualProduct_504-1936_A1,1000,-1801,0
BOM_VirtualProduct_504-1936_A1_504-1878,VirtualProduct_504-1936_A1,2000,-140,0
BOM_VirtualProduct_504-1973_A1_504-1718,VirtualProduct_504-1973_A1,1000,-4270,0
BOM_VirtualProduct_504-1973_A1_504-1718,VirtualProduct_504-1973_A1,2000,-4141,0
BOM_VirtualProduct_504-1973_A1_504-1878,VirtualProduct_504-1973_A1,1000,-1661,0
BOM_VirtualProduct_504-1973_A1_504-1878,VirtualProduct_504-1973_A1,2000,0,0
BOM_VirtualProduct_504-1974_A1_280-1390,VirtualProduct_504-1974_A1,1000,0,0
BOM_VirtualProduct_504-1974_A1_280-1428,VirtualProduct_504-1974_A1,1000,0,0
BOM_VirtualProduct_504-1974_A1_280-1475,VirtualProduct_504-1974_A1,1000,-140,0
BOM_VirtualProduct_504-1974_B1_504-1718,VirtualProduct_504-1974_B1,1000,-4130,0
BOM_VirtualProduct_504-1974_B1_504-1878,VirtualProduct_504-1974_B1,1000,-1801,0
BOM_VirtualProduct_504-1976_A1_504-1718,VirtualProduct_504-1976_A1,1000,-4270,0
BOM_VirtualProduct_504-1976_A1_504-1718,VirtualProduct_504-1976_A1,2000,-4141,0
BOM_VirtualProduct_504-1976_A1_504-1878,VirtualProduct_504-1976_A1,1000,-1661,0
BOM_VirtualProduct_504-1976_A1_504-1878,VirtualProduct_504-1976_A1,2000,0,0
BOM_VirtualProduct_504-1989_A1_504-1718,VirtualProduct_504-1989_A1,1000,-4270,0
BOM_VirtualProduct_504-1989_A1_504-1718,VirtualProduct_504-1989_A1,2000,-4141,0
BOM_VirtualProduct_504-1989_A1_504-1878,VirtualProduct_504-1989_A1,1000,-1661,0
BOM_VirtualProduct_504-1989_A1_504-1878,VirtualProduct_504-1989_A1,2000,0,0
BOM_VirtualProduct_504-2020-CD_A1_140-0392_SUB_PCBA,VirtualProduct_504-2020-CD_A1,SUB_PCBA,0,0
BOM_VirtualProduct_504-2020-CD_A1_140-0834_SUB_PCBA,VirtualProduct_504-2020-CD_A1,SUB_PCBA,-140,0
BOM_VirtualProduct_504-2020-CD_B1_140-0253_SUB_PCBA,VirtualProduct_504-2020-CD_B1,SUB_PCBA,-140,0
BOM_VirtualProduct_504-2020-CD_B1_140-0645_SUB_PCBA,VirtualProduct_504-2020-CD_B1,SUB_PCBA,0,0
BOM_VirtualProduct_504-2020-CD_C1_120-0099_SUB_PCBA,VirtualProduct_504-2020-CD_C1,SUB_PCBA,0,0
BOM_VirtualProduct_504-2020-CD_C1_120-0202_SUB_PCBA,VirtualProduct_504-2020-CD_C1,SUB_PCBA,0,0
BOM_VirtualProduct_504-2020-CD_C1_120-0253_SUB_PCBA,VirtualProduct_504-2020-CD_C1,SUB_PCBA,-140,0
BOM_VirtualProduct_504-2020-CD_D1_130-0077_SUB_PCBA,VirtualProduct_504-2020-CD_D1,SUB_PCBA,-140,0
BOM_VirtualProduct_504-2020-CD_D1_140-0384_SUB_PCBA,VirtualProduct_504-2020-CD_D1,SUB_PCBA,0,0
BOM_VirtualProduct_504-2042_A1_130-0077_SUB_PCBA,VirtualProduct_504-2042_A1,SUB_PCBA,-140,0
BOM_VirtualProduct_504-2042_A1_140-0384_SUB_PCBA,VirtualProduct_504-2042_A1,SUB_PCBA,0,0
BOM_VirtualProduct_504-2042_B1_120-0121_SUB_PCBA,VirtualProduct_504-2042_B1,SUB_PCBA,0,0
BOM_VirtualProduct_504-2042_B1_120-0260_SUB_PCBA,VirtualProduct_504-2042_B1,SUB_PCBA,-140,0
BOM_VirtualProduct_504-2042_C1_120-0247_SUB_PCBA,VirtualProduct_504-2042_C1,SUB_PCBA,0,0
BOM_VirtualProduct_504-2042_C1_120-0310_SUB_PCBA,VirtualProduct_504-2042_C1,SUB_PCBA,-140,0
BOM_VirtualProduct_504-2042_D1_140-0253_SUB_PCBA,VirtualProduct_504-2042_D1,SUB_PCBA,-140,0
BOM_VirtualProduct_504-2042_D1_140-0645_SUB_PCBA,VirtualProduct_504-2042_D1,SUB_PCBA,0,0
BOM_VirtualProduct_504-2053_A1_130-0077_SUB_PCBA,VirtualProduct_504-2053_A1,SUB_PCBA,-140,0
BOM_VirtualProduct_504-2053_A1_140-0384_SUB_PCBA,VirtualProduct_504-2053_A1,SUB_PCBA,0,0
BOM_VirtualProduct_504-2053_B1_120-0121_SUB_PCBA,VirtualProduct_504-2053_B1,SUB_PCBA,-140,0
BOM_VirtualProduct_504-2053_B1_120-0260_SUB_PCBA,VirtualProduct_504-2053_B1,SUB_PCBA,0,0
BOM_VirtualProduct_504-2053_C1_120-0247_SUB_PCBA,VirtualProduct_504-2053_C1,SUB_PCBA,-140,0
BOM_VirtualProduct_504-2053_C1_120-0310_SUB_PCBA,VirtualProduct_504-2053_C1,SUB_PCBA,0,0
BOM_VirtualProduct_504-2053_D1_140-0253_SUB_PCBA,VirtualProduct_504-2053_D1,SUB_PCBA,-140,0
BOM_VirtualProduct_504-2053_D1_140-0645_SUB_PCBA,VirtualProduct_504-2053_D1,SUB_PCBA,0,0
BOM_VirtualProduct_504-2063_A1_130-0077_SUB_PCBA,VirtualProduct_504-2063_A1,SUB_PCBA,-140,0
BOM_VirtualProduct_504-2063_A1_140-0384_SUB_PCBA,VirtualProduct_504-2063_A1,SUB_PCBA,0,0
BOM_VirtualProduct_504-2063_B1_120-0121_SUB_PCBA,VirtualProduct_504-2063_B1,SUB_PCBA,-140,0
BOM_VirtualProduct_504-2063_B1_120-0260_SUB_PCBA,VirtualProduct_504-2063_B1,SUB_PCBA,0,0
BOM_VirtualProduct_504-2063_C1_120-0247_SUB_PCBA,VirtualProduct_504-2063_C1,SUB_PCBA,-140,0
BOM_VirtualProduct_504-2063_C1_120-0310_SUB_PCBA,VirtualProduct_504-2063_C1,SUB_PCBA,0,0
BOM_VirtualProduct_504-2063_D1_140-0253_SUB_PCBA,VirtualProduct_504-2063_D1,SUB_PCBA,-140,0
BOM_VirtualProduct_504-2063_D1_140-0645_SUB_PCBA,VirtualProduct_504-2063_D1,SUB_PCBA,0,0
BOM_VirtualProduct_504-2120-CD_A1_140-0392_SUB_PCBA,VirtualProduct_504-2120-CD_A1,SUB_PCBA,0,0
BOM_VirtualProduct_504-2120-CD_A1_140-0834_SUB_PCBA,VirtualProduct_504-2120-CD_A1,SUB_PCBA,-140,0
BOM_VirtualProduct_504-2120-CD_B1_140-0253_SUB_PCBA,VirtualProduct_504-2120-CD_B1,SUB_PCBA,-140,0
BOM_VirtualProduct_504-2120-CD_B1_140-0645_SUB_PCBA,VirtualProduct_504-2120-CD_B1,SUB_PCBA,0,0
BOM_VirtualProduct_504-2120-CD_C1_120-0099_SUB_PCBA,VirtualProduct_504-2120-CD_C1,SUB_PCBA,0,0
BOM_VirtualProduct_504-2120-CD_C1_120-0202_SUB_PCBA,VirtualProduct_504-2120-CD_C1,SUB_PCBA,0,0
BOM_VirtualProduct_504-2120-CD_C1_120-0253_SUB_PCBA,VirtualProduct_504-2120-CD_C1,SUB_PCBA,-140,0
BOM_VirtualProduct_504-2120-CD_D1_130-0077_SUB_PCBA,VirtualProduct_504-2120-CD_D1,SUB_PCBA,-140,0
BOM_VirtualProduct_504-2120-CD_D1_140-0384_SUB_PCBA,VirtualProduct_504-2120-CD_D1,SUB_PCBA,0,0
BOM_VirtualProduct_504-2129-CD_A1_120-0121_SUB_PCBA,VirtualProduct_504-2129-CD_A1,SUB_PCBA,-140,0
BOM_VirtualProduct_504-2129-CD_A1_120-0254_SUB_PCBA,VirtualProduct_504-2129-CD_A1,SUB_PCBA,0,0
BOM_VirtualProduct_504-2129-CD_B1_120-0202_SUB_PCBA,VirtualProduct_504-2129-CD_B1,SUB_PCBA,-140,0
BOM_VirtualProduct_504-2129-CD_B1_120-0253_SUB_PCBA,VirtualProduct_504-2129-CD_B1,SUB_PCBA,0,0
BOM_VirtualProduct_504-2129-CD_C1_140-0253_SUB_PCBA,VirtualProduct_504-2129-CD_C1,SUB_PCBA,-140,0
BOM_VirtualProduct_504-2129-CD_C1_140-0645_SUB_PCBA,VirtualProduct_504-2129-CD_C1,SUB_PCBA,0,0
BOM_VirtualProduct_504-2129-CD_D1_130-0077_SUB_PCBA,VirtualProduct_504-2129-CD_D1,SUB_PCBA,-140,0
BOM_VirtualProduct_504-2129-CD_D1_140-0384_SUB_PCBA,VirtualProduct_504-2129-CD_D1,SUB_PCBA,0,0
