PRODUCT_ID,DESCRIPTION
100-0018,Capacitor;22uF;±20%;0805;X5R;6.3V
100-0021,Capacitor;4.7uF;±20%;0402;X5R;6.3V
100-0024,Capacitor;0.1uF;±10%;0201;X5R;6.3V
100-0025,Capacitor;10000pF;±10%;0201;X7R;10V
100-0031,Cap;10uF;±10%;0603;X5R;6.3V;CERAMIC
100-0033,Capacitor;1000PF(1nf);±10%;0201;X7R;25V
100-0035,Capacitor;1nF;±10%;0201;X7R;25V
100-0038,Capacitor;100pF;±5%;0201;C0G;50V
100-0054,Capacitor;10uF;±10%;0805;X5R;16V
100-0061,Capacitor;0.47uF;±10%;0201;X5R;6.3V
100-0062,Capacitor;1uF;±20%;0201;X5R;6.3V
100-0073,Capacitor;22uF;±20%;0603;X5R;6.3V
100-0074,Capacitor;10UF;±20%;0402;X5R;6.3V
100-0086,Capacitor;0.1uF;±10%;01005;X5R;6.3V
100-0086-01,Capacitor;Murata;GRM022R60J104KE15D
100-0088,Capacitor;2.2uF;±20%;0201;X5R;6.3V
100-0107,Cap;LMK042BJ102KC;1nF;01005;10V
100-0108,Cap;JMK042BJ103KC;10nF;01005;6.3V
100-0115,Capacitor;4.7nF;±5%;0402;U2J;10V
100-0116,Capacitor;47uF;±20%;0603;X5R;6.3V
100-0119,Capacitor;2.2uF;±10%;0402;X5R;35V
100-0122,Capacitor;0.47uF;±10%;0402;X7R;10V
100-0141,Cap;100pF;±10%;01005(0402M);X7R;10V
100-0142,Capacitor;1nF;±10%;01005(0402M);X5R;10V
100-0143,Capacitor;10nF;±10%;01005(0402M);X5R;10V
100-0144,Capacitor;22nF;±10%;0603;X7R;50V
100-0214,Capacitor;10uF;±20%;0402;X6S;6.3V
100-0222,Capacitor;2.2uf;±10%;0402;X5R;16V
100-0224,Capacitor;4.7uF;±20%;0402;X6S;6.3V
100-0225,Capacitor;0.1uF(100nF);±10%;0201;X7R;10V
100-0227,Capacitor;22uF;±20%;0603;X6S;6.3V
100-0228,Capacitor;10uF;±20%;0603;X6S;6.3V
100-0265,Capacitor;10uF;±20%;0603;X5R;6.3V
100-0268,Capacitor;1uF;±20%;0201;X6S;6.3V
100-0285,Capacitor;22uF;±20%;0805;X6S;10V
100-0286,Capacitor;10uF;±10%;0805;X6S;16V
100-0300,Capacitor;100pF;±10%;0201;X7R;25V
100-0365,Cap;1000pF(1nF);±10%;01005(0402M)X7R;10V
101-0001,WB Capacitor;220pF;+80%;-20%;16V
110-0001,Resistor;0201;0.5A;0 ohm
110-0002,Resistor;0201;±1%;1.2K ohm
110-0003,Resistor;0201;±5%;1M ohm
110-0011,Resistor;0201;±5%;39 ohm
110-0019,Resistor;0402;1A;0 ohm
110-0040,Resistor;0603;1A;0 ohm
110-0063,Resistor;0201;±5%;1K ohm
110-0064,Resistor;0201;±1%;10K ohm
110-0083,Resistor;0201;±5%;200K ohm
110-0099,Resistor;±1%;0201;100K ohm
110-0121,Resistor;0201;±5%;5.1K ohm
110-0156,Resistor;0201;±1%;40.2K ohm
110-0158,Resistor;0201;±1%;150 ohm
110-0161,Resistor;0201;±1%;200 ohm
110-0172,Resistor;0201;±5%;4.7K ohm
110-0174,Resistor;0201;±1%;510 ohm
110-0177,Resistor;0201;±1%;0.05W;33K ohm
110-0207,Resistor;0201;±1%;6.8K ohm
110-0213,Resistor;0201;±5%;47K ohm
110-0214,Resistor;0201;0.5A;0 ohm
110-0216,Resistor;0201;±1%;2.2K ohm
110-0220,Resistor;0201;±5%;27K ohm
110-0237,Resistor;0201;±1%;1M ohm
110-0239,Resistor;0201;±1%;51K ohm
110-0241,Resistor;0201;±1%;4.7K ohm
110-0243,Resistor;0201;±1%;13K ohm
110-0246,Resistor;0201;±1%;390k ohm
110-0248,Resistor;0201;±1%;180k ohm
110-0249,Resistor;0201;±1%;150k ohm
110-0252,Resistor;0201;±1%;2.1K ohm
110-0253,Resistor;0201;±1%;75K ohm
110-0260,Resistor;0201;±1%;15K ohm
110-0261,Resistor;0201;±1%;200K ohm
110-0267,Resistor;0201;±1%;430K ohm
110-0268,Resistor;0201;±1%;1M ohm
110-0270,Resistor;0201;±1%;8.2K ohm
110-0272,Resistor;0201;±1%;240K ohm
110-0273,Resistor;0201;±1%;680K ohm
110-0295,Resistor;0201;±1%;127K ohm
110-0296,Resistor;0201;±1%;102K ohm
110-0298,Resistor;0201;±1%;0.05W;39K ohm
110-0308,Resistor;0201;±1% 46.4k ohm
110-0311,Resistor;0201;±1%;1K ohm
110-0368,Res;RMS02FT3902;0201;±1%;1/20W;39K
110-0369,Resistor;0201;±1%;1/20W;1.2K ohm
110-0370,Res;RMS02FT2101;0201;±1%;1/20W;2.1K
110-0371,Res;0201;±5%;1/20W;39 ohm
110-0372,Res;RMS02FT1302;0201;±1%;1/20W;13K
110-0373,Res;RMS02FT4303;0201;±1%;1/20W;430K
110-0374,Res;RMS02FT6801;0201;±1%;1/20W;6.8K
110-0375,Res;RMS02FT2403;0201;±1%;1/20W;240K
110-0376,Res;RMS02FT6803;0201;±1%;1/20W;680K
110-0377,Res;RMS02FT4701;0201;±1%;1/20W;4.7K
110-0378,Res;RMS02FT3302;0201;±1%;1/20W;33K
110-0379,Res;RMS02JT473;0201;±5%;1/20W;47K
110-0380,Resistor;0201;±1%;1/20W;1M ohm
110-0381,Resistor;0201;±1%;1/20W;46.4k ohm
110-0460,Resistor;0201;±1%;120K ohm
110-0561,Resistor;0201;±1%;1/20W;200 ohm
110-0566,Resistor;0201;±5%;1/20W;0 ohm
110-0570,Resistor;0201;±1%;1/20W;10K ohm
110-0571,Resistor;0201;±1%;1/20W40.2K ohm
110-0602,Resistor;0201;±1%;1/20W;200K ohm
110-0603,Resistor;0201;±1%;1/20W;100K ohm
110-0624,Resistor;0201;±1%;1/20W;1K ohm
110-0627,Resistor;0201;±1%;1/20W;120K ohm
110-0713,Resistor;0201;±1%;510 ohm
110-0730,Resistor;0201;±1%;1/20W;150K ohm
120-0029,Ind;4.7uH±20%;0603;1MHz;80mA;0.78ohm
120-0046,Inductor;10uH;±20%;0603;lead free
120-0047,Ferrite;0603;1000 ohm±25%;100MHz;600mA
120-0051,Ferrite;0402;10 Ohm;100MHz;1A;lead free
120-0099,Ind;2.2uH±20%;75MHz;0.173ohm;2.1X2.2X1.0
120-0100,Ind;1.5uH±20%;80MHz;0.116ohm;2.1x2.2x1.0
120-0120,Inductor;1.0uH±20%;2.5A;0.06ohm
120-0121,Ind;1.5uH±20%;1.9A;0.097ohm;2.0x1.6x1.0
120-0128,Inductor;2.2uH±20%;1MHz;2.05mA;0.65ohm
120-0129,Ferrite;0201;600 ohm±25%;100MHz;250mA
120-0138,Ferrite Bead 0402;1.5A;120 Ohm;100MHz
120-0143,Ind;1uH±20%;0402;1MHz;270mA;0.94ohm
120-0152,Ind;2.2uH±20%;0805;2MHZ;1000mA;0.15ohm
120-0157,Ferrite;0603;330ohm±25%;100MHz;1500mA
120-0202,Ind;2.0X1.6X1.0mm;2.2uH;1.7A;0.142ohm
120-0215,Ind;2.2uH±20%;3.7x3.2x1.2mm;lead free
120-0224,Inductor;2.2uH±22%;1MKz;3.0x3.0x1.2mm
120-0232,Fer;0201;330 ohm±25%;100MHz;200mA;1 ohm
120-0247,Inductor;4.7uH±20%;1MKz;1.2A;0.312ohm
120-0248,Ferrite Bead;0402;100MHz;1A;10ohm
120-0249,Ferrite;0201;250mA;600ohm;0.6x0.3x0.26
120-0253,Ind;2.2uH±20%;1.6A;0.197ohm;2.0x1.6x1.0
120-0254,Ind;1.5uH±20%;2A;0.137ohm;2.0x1.6x1.0mm
120-0260,Inductor;1.5uH±20%;2016;45MHz;0.11ohm
120-0310,Ind;4.7uH±20%;25MHz;1A;0.425ohm;2x1.6x1
121-0053,Ferrite;0201;100MHz;56hm;1GHz;50Ohm;2.2O
121-0060-CD,Ferrite Bead;0402;100MHz;1.5A;0.095 Ohm
130-0077,Diode;100Ma Schottky Barrier Diode
140-0022,IC;SOT-723
140-0113,IC;ARM-CORE-MCU;40-LEAD LFCSF-WQ;QFN-40
140-0179,IC;High-Efficiency;Step-Down Converter
140-0221,IC;3*3mm;BGA36PIN;lead free
140-0240,IC;Two Input And Gate
140-0246,IC;boost converter
140-0253,P-Channel Power MOSFET
140-0310,IC;WLCSP-25;2.5mmX2.5mm;Thermoelectric
140-0313,IC;2A low level turn on Load Switch
140-0338,IC;Load Switch
140-0341,IC;25-28Gb/s Quad CDR& Driver
140-0341-RW,IC;25-28Gb/s Quad&Driv;MAX24025 for WXZX
140-0355,IC;8-Channel;12-Bit
140-0384,Diode;30V schottky barrier diode
140-0386,IC;ultra small adjustable sequencing
140-0392,IC;5.5V 3A with discharge Resistor
140-0403,IC;Quad CDR TIA;25.8G/28G
140-0434,IC;93-ball FC-CSP;24-28G Quad CDR&Driver
140-0477,IC;4A;5.5V;BULK DC-DC Converter
140-0481,IC;3.3V;Single 300mA LDO
140-0547,IC;Quad 25Gb/s TIA & CDR Receiver Array
140-0599,IC;Step-Up Converter with Low IQ;1.1A
140-0628,IC;Ultra-Low Loss Switch
140-0638,IC;MCU
140-0639,IC;2.7A;5.5V;BOOST converter
140-0645,IC;MOSFETS Silicon P-Channel;WCSP6C
140-0834,IC;5.5V;4A;16mΩ RON
140-0847,IC;Step down Current 3A
140-0848,IC;bare Die;4x25G Driver
140-0849,IC;bare Die;4x25G TIA
140-0851,IC;25Gb/s;Quad-Channel;Vpp<900mV
140-0852,IC;MCU;Set 1;32 KB;Bootloader Revision 1
140-0853,IC;UTDFN-1×1-4AL;-40℃ to +125℃
140-1016,IC;Two Input And Gate
140-1028,IC;ultra small adjustable sequencing
140-1183-CD,IC;MCU EFM8LB12F32ES0-C-QFN24
160-1132,PCB
160-1153,PCB isola 370HR+M6
160-1168,PCB with nalux lens
160-1172,PCB with M37244
160-1218,PCB
160-1237,PCB GN2147
160-1287,PCB lowcost
160-1291,PCB
220-0072,MT Ferrule Connector /MM(OM3)
220-0134-002,Cable;OFNP;2m
220-0134-010,Cable;OFNP;10m
220-0227,MT Ferrule Conn/MM(OM3)
220-0230-001,Fiber;OM2;1m
220-0230-002,Fiber;OM2;2m
220-0230-003,Fiber;OM2;3m
220-0230-005,Fiber;OM2;5m
220-0230-007,Fiber;OM2;7m
220-0230-010,Fiber;OM2;10m
220-0230-015,Fiber;OM2;15m
220-0230-025,Fiber;OM2;25m
220-0230-030,Fiber;OM2;30m
223-0011,CM;OB Ass-BOM;500031(Welding)
223-0012,CM;Lens&Al Cover Sub-Ass-BOM;500031
260-0102,BOSA Assy BOM;CWDM4 COP Duplex LC BOSA
260-0120,OB Ass-BOM;CWDM4 V1.0(Mitsubis DFB)
260-0124,Ass-BOM;CWDM4 COP BOSA;V1.0(Renesas DFB)
260-0128,BOSA Ass-BOM;CLR4 ET(Mitsu DFB;GCS PD)
260-0131,BOSA BOM;CWDM4;V1.0(Weld+Mitsubishi DFB)
260-0132,BOSA Ass-Bom;CWDM4 V1.0(With Oclaro DFB)
260-0141-01,BOSA Ass-BOM;CWDM4 V2.0(Weld+Mitsub DFB)
260-0141-02,BOSA Ass-BOM;CWDM4 V2.0(Weld+Oclaro DFB)
260-0141-02-R,BOSA Ass-BOM;(Weld+Oclaro DFB);Recycle
260-0141-03,BOSA Ass-BOM;CWDM4 V2.0(Weld+Renesa DFB)
260-0141-04,BOSA Ass-BOM;CWDM4 V2.0(Weld+Macom DFB)
260-0149,BOSA;CGR4 Gen3 V2.0;Weld+Sumi DFB+Cos PD
260-0150,BOSA Ass-BOM;CLR4 ET(Mit;GCS PD;No MPD)
260-0152-01,BOSA Ass-BOM;CWDM4 V2.0;Weld(Mit+M37244)
260-0152-02,BOSA Ass-BOM;CWDM4;Weld(Ocl DFB+M37244)
260-0152-03,BOSA Ass-BOM;CWDM4;Weld(Ren DFB+M37244)
260-0156,BOSA AssBOM;CWDM4(Weld;CH1;2;3_Mits+CH4)
260-0158-01,BOSA Ass-BOM;CWDM4;Adhe(Mits DFB+M37244)
260-0158-02,BOSA Ass-BOM;CWDM4;Adhes(Ren DFB+M37244)
260-0158-03,BOSA Ass-BOM;CWDM4;Adhes(Ocl DFB+M37244)
260-0162,BOSA Ass-BOM;CLR4 ET Gen1;Mit;GCS PD;MPD
260-0164-01,BOSA;CWDM4 V2.0(Weld+Mit DFB;MCC Diode)
260-0165-01,BOSA;CWDM4 V2.0(Weld+Mit;Silergy Loss)
260-0172,BOSA Ass-BOM;CLR4 ET Gen1;Ocl;GCS;No MPD
260-0174-02,BOSA Ass-BOM;CWDM4 V2.0;Weld;Ocl+GN2110B
260-0175,BOSA Ass-BOM;CLR4 ET Gen1;Ocl;GCS PD;MPD
260-0176,BOSA Ass-BOM;CWDM4 V2.0;Weld(Ocl+GN2105)
260-0193,BOSA Ass-BOM;CLR4 Gen1;HT;Ocl;GCS;No MPD
260-0198,BOSA Ass-BOM;CWDM4 V2.0;Gen3 Mit+M37244
260-0199,BOSA Ass-BOM;CWDM4 V2.0(Gen3 Mit DFB)
260-0199-R,BOSA Ass-BOM;CWDM4 V2.0(Gen3Mit);Recycle
260-0209,BOSA BOM;QSFP+LR4 V3(version+Avago DFB)
260-0233,BOSA Ass_BOM;COP(Ocl+M37244)ZTE;Vulcan
260-0236,BOSA;CWDM4 COP V2.0;Amazon(Oclaro DFB)
260-0247,BOSA;100G CGR4 G3;Weld+Oclaro+GCS+2110B
260-0250,BOSA;COP Gen3 (SEI DFB;GN2110S;Sif PD )
260-0261,BOSA;CWDM4 COP V2.0(Weld+sumitomo DFB)
260-0267,BOSA;CWDM4 COP(Weld+Ocl DFB;HL13BSCP00)
260-0274,BOSA;CGR4 G3;Sumitomo+GCS PD+GN2110B)
260-0278,BOSA;CWDM4;AWS(Welding+Oclaro-EBI)
260-0298,BOSA;CGR4 Gen3 duplex;Sumi+M37244+GCS
260-0306,BOSA;COP Gen3(SEI;2110S;Sif;Kovar HS )
260-0325,BOSA Assembly BOM;COP Gen3 (CB merger)
260-0385,BOSA-Assy;40G LX4 Gen3;GN2105B+GN2110S
260-0417,BOSA;COP Gen3(CB merger;Sif PD)
260-0441,BOSA Assembly BOM;QSFP28 CGR4 Gen3 V2.0
260-0459-CD,BOSA BOM;100G C4 Gen3.1;Mit+Sif;BK
260-0460-CD,BOSA BOM;100G C4 Gen3.1;Oclaro+Sif;BK;RW
260-0464-CD,BOSA BOM;Q28 C4 COP RX only;GN2110S+SiFo
260-0470-CD,BOSA BOM;100G C4 Gen3.1;Oclaro+Sif;BK
260-0471-CD,BOSA BOM;100G CWDM4 Gen3.1;Mit+Sif;BK;RW
260-0555,BOSA;CWDM4 Gen3(kovar HS;2110S;SEI;GCS)
262-0004,OE BOM;100G Gen3 AOC;II-VI Vcsel+GCS
262-0005,OE BOM;100G SR4 Gen3;II-VI Vcsel+GCS
262-0026,OE BOM;100G Gen3 AOC LP Vcsel+Avago PD
262-0031,OE BOM;100G Q28 SR4 G3;Avago +GCS;Std
262-0044,OE BOM;Q28 SR4 G3;Avago+GCS;4L PCB
262-0045,OE BOM;Q28 SR4 G3;Avago+GCS;4L M6G PCB
262-0054-CD,OE BOM;100G SR4 Gen3;lumentum vcsel;GCS
262-0058-CD,OE BOM;100G SR4 GEN3 with Sony+GCS NPT
262-0077-CD,OE BOM;100G SR4 Gen3 for toptrans
262-0101-CD,OE BOM;Q28 SR4 GEN3 with Avago LP +Avago
262-0127-CD,OE BOM;100G SR4 Gen3;Lumentum+GCS
262-0128-CD,OE BOM;100G SR4 Gen3;Lumentum+Avago
262-0137-CD,OE BOM;100G SR4 GEN3;Sony Vcsel;sealed
262-0164-CD,OE BOM;100G SR4 Gen3;AVAGO LP+GCS;anti-S
262-0172-CD,OE BOM;100G Gen3 AOC Avago LP & GCS;ET
262-0197-CD,OE BOM;40G Gen3;AVAGO LP+GCS
262-0229-CD,OE BOM;100G Gen3 AOC Sony & GCS;for ET
280-0425,Aspheric Glass Round Bare Lens
280-0431,recptacle side C-lens;R1.65*D1.8*T1.7
280-0511-03,Clens;3dB(R1.419xD1.4xT1.7)
280-0511-04,Clens;4dB(R1.419xD1.4xT1.7)
280-0511-05,Clens;5dB(R1.419xD1.4xT1.7)
280-0511-06,Clens;6dB(R1.419xD1.4xT1.7)
280-0607,Pin PD;1x4;25Gbps Long Wavelength InGaAs
280-0650,TX receptacle
280-0695,TX Devide Side C-Lens Holder 2.2*1.8*3
280-0696,TIA Submount
280-0698,TX Receptacle side periscope;43.86deg
280-0788,OB Ass-BOM;CWDM4V1.0(Adhesive version)
280-0791,CLENS NSF11 R1.65*T1.70*D1.4
280-0804-27,TX COC Ass-BOM;CWDM4(Mitsubi DFB 1270nm)
280-0804-29,TX COC Ass-BOM;CWDM4(Mitsubi DFB 1290nm)
280-0804-31,TX COC Ass-BOM;CWDM4(Mitsubi DFB 1310nm)
280-0804-33,TX COC Ass-BOM;CWDM4(Mitsubi DFB 1330nm)
280-0810,CoC submount 9*2.2*0.3mm;AlN
280-0837,TIA submount;AlN;3.7*2.9*0.65mm
280-0845-030,30m OM3 Cable;MT Ferrule;LSZH
280-0848,PEI Single Lens;2.4*3*1.2
280-0897,Light path lift;73.3deg;2.54*3.15*1.27mm
280-0898,Tilt Prism PEI Lens;14.45deg* 4.86 deg
280-0926,RX CB Ass-BOM;CWDM4 COP(Adhesive;GCS PD)
280-0926-02,RX CB;CWDM4(Adhe;GCS;Silergy Low Switch)
280-0927,TX CB Ass-BOM;CWDM4 V1.0(Adhe+Mitsu DFB)
280-0932,H-Resistivity Silicon;mitsubishi laser
280-0933,H-Resistivity Silicon;Oclare laser
280-0981-N0,chip (0-75 deg C)
280-0981-N1,chip (0-75 deg C)
280-0981-N2,chip (0-75 deg C)
280-0981-N3,chip (0-75 deg C)
280-0992,Field lens spacer 2;0.5*0.4*0.245mm
280-1008,OB Assembly BOM;QSFP28 CLR4 ET
280-1011,Silicon Field Lens;R0.3;1.75*0.34*0.275
280-1018,25G GaAs 1x4PIN array
280-1020,Mold Lens&Al Cover Sub-Ass-BOM;CWDM4V2.0
280-1020-R,Mold Lens&Al Cover Sub-Ass-BOM;Recycle
280-1041,TX CB Ass-BOM;CWDM4 V1.0(Adhe+Renes DFB)
280-1042-27,TX COC Ass-BOM;CWDM4(Renesas DFB 1270nm)
280-1042-29,TX COC Ass-BOM;CWDM4(Renesas DFB 1290nm)
280-1042-31,TX COC Ass-BOM;CWDM4(Renesas DFB 1310nm)
280-1042-33,TX COC Ass-BOM;CWDM4(Renesas DFB 1330nm)
280-1049-27,TX COC Ass-BOM;CWDM4(Oclaro DFB 1270nm)
280-1049-29,TX COC Ass-BOM;CWDM4(Oclaro DFB 1290nm)
280-1049-31,TX COC Ass-BOM;CWDM4(Oclaro DFB 1310nm)
280-1049-33,TX COC Ass-BOM;CWDM4(Oclaro DFB 1330nm)
280-1050,RX CB Ass-BOM;CWDM4 COP(Welding;GCS PD)
280-1050-02,RX CB;CWDM4(Weld;GCS;Silergy Low Switch)
280-1052,OB Ass-BOM;CWDM4 V1.0(Welding version)
280-1065,TX CB Ass-BOM;CLR4 ET(Mitsu DFB;GCS PD)
280-1070,RX CB Ass-BOM;QSFP28 CLR4 ET(GCS PD)
280-1083,TX CB AssBOM;CWDM4;V1.0(Weld+Mit DFB)
280-1085,TX CB Ass-BOM;CWDM4 V1.0(Adhe+Oclar DFB)
280-1086-27,TX COC Ass-BOM;CWDM4(Macom DFB 1270nm)
280-1086-29,TX COC Ass-BOM;CWDM4(Macom DFB 1290nm)
280-1086-31,TX COC Ass-BOM;CWDM4(Macom DFB 1310nm)
280-1086-33,TX COC Ass-BOM;CWDM4(Macom DFB 1330nm)
280-1133,OB Ass-BOM;CWDM4 V2.0(Welding version)
280-1133-R,OB Ass-BOM;CWDM4 V2.0;Recycle
280-1148,RX;CGR4Gen3V2.0_Weld+GCS+GN2110B
280-1156,RX CB;CGR4 Gen3 V2.0;Weld+Cosemi PD
280-1158,TX CB;CGR4 Gen3V2.0;Weld+Sumi DFB+Cos PD
280-1159,RX CB Ass-BOM;CWDM4 V2.0(Welding;GCS PD)
280-1159-R,RX CB Ass-BOM;CWDM4 V2.0;Recycle
280-1160-01,TX CB Ass-BOM;CWDM4 V2.0(Weld+Mitsu DFB)
280-1160-02,TX CB Ass-BOM;CWDM4 V2.0(Weld+Oclar DFB)
280-1160-02-R,TX CB Ass-BOM; (Weld+Oclar DFB);Recycle
280-1160-03,TX CB Ass-BOM;CWDM4 V2.0(Weld+Renes DFB)
280-1160-04,TX CB Ass-BOM;CWDM4 V2.0(Weld+Macom DFB)
280-1179,OB Ass-BOM;QSFP28 CLR4 ET Gen1
280-1180,RX CB Ass-BOM;CLR4 ET Gen1(GCS PD)
280-1189,RX CB Ass-BOM;CWDM4(Adhesive;Cosemi PD)
280-1189-02,RX CB;CWDM4(Adhe;Cos;Silergy Low Switch)
280-1190,RX CB Asse-BOM;CWDM4(Welding;Cosemi PD)
280-1190-02,RX CB;CWDM4(Weld;Cos;Silergy Low Switch)
280-1192-01,TXCB Ass-BOM;CWDM4 V2.0;Weld(DFB+M37244)
280-1192-02,TX CB Ass-BOM;CWDM4;Weld(Ocl DFB+M37244)
280-1192-03,TX CB Ass-BOM;CWDM4;Weld(Ren DFB+M37244)
280-1193,RXCB Ass-BOM;CWDM4 V2.0;Weld(M37244+GCS)
280-1201,TXCB AssBOM;CWDM4(Weld;CH1;2;3_Mits+CH4)
280-1203-01,TXCB Ass-BOM;CWDM4;Adhe(Mits DFB+M37244)
280-1203-02,TXCB Ass-BOM;CWDM4;Adhes(Ren DFB+M37244)
280-1203-03,TXCB Ass-BOM;CWDM4;Adhes(Ocl DFB+M37244)
280-1204,RXCB Ass-BOM;CWDM4;Adhe(M37244+GCS PD)
280-1205,RX CB Ass-BOM;CWDM4;Adhe(M37244+Cos PD)
280-1210-02,RX CB;CWDM4 V2.0(Weld;GCS PD;MCC Diode)
280-1211-01,TX CB;CWDM4 V2.0(Weld+Mit DFB;MCC Diode)
280-1212-01,RX CB;CWDM4 V2.0(Weld;Cos;Silergy Loss)
280-1212-02,RX CB;CWDM4 V2.0(Weld;GCS;Silergy Loss)
280-1213-01,TX CB;CWDM4 V2.0(Weld+Mit;Silergy Loss)
280-1222,TX CB Ass-BOM;CLR4 ET Gen1(Ocl;No MPD)
280-1223-N0,TX COC Ass-BOM;CLR4 ET Gen1(Ocl DFB L0)
280-1223-N1,TX COC Ass-BOM;CLR4 ET Gen1(Ocl DFB L1)
280-1223-N2,TX COC Ass-BOM;CLR4 ET Gen1(Ocl DFB L2)
280-1223-N3,TX COC Ass-BOM;CLR4 ET Gen1(Ocl DFB L3)
280-1227,RXCB Ass-BOM;CWDM4 V2.0;Weld;GCS+GN2110B
280-1229-02,TXCB Ass-BOM;CWDM4 V2.0;Weld;Ocl+GN2110B
280-1235,TX CB Ass-BOM;CLR4 ET Gen1(Ocl DFB;MPD)
280-1241-40,MT-MT lens ass(4.0dB);QSFP28 SR4;Nalux
280-1245-01,RX CB Ass-BOM;CWDM4 V2.0;Weld;GCS+GN2105
280-1245-02,RX CB Ass-BOM;CWDM4 V2.0;Weld;Cos+GN2105
280-1246,TX CB Ass-BOM;CWDM4 V2.0;Weld;Ocl+GN2105
280-1312-27,TX COC Ass-BOM;CWDM4;Gen3 Mit DFB 1270nm
280-1312-29,TX COC Ass-BOM;CWDM4;Gen3 Mit DFB 1290nm
280-1312-31,TX COC Ass-BOM;CWDM4;Gen3 Mit DFB 1310nm
280-1312-33,TX COC Ass-BOM;CWDM4;Gen3 Mit DFB 1330nm
280-1313,TX CB Ass-BOM;CWDM4 V2.0;Gen3 Mit+M37244
280-1314,TX CB Ass-BOM;CWDM4 V2.0(Gen3 Mit DFB)
280-1314-R,TX CB Ass-BOM;CWDM4 V2.0 Gen3 ;Recycle
280-1334-27,TX COC BOM;QSFP+ LR4 V3(Avago DFB 1270nm
280-1334-29,TX COC BOM;QSFP+ LR4 V3(Avago DFB 1290nm
280-1334-31,TX COC BOM;QSFP+ LR4 V3(Avago DFB 1310nm
280-1334-33,TX COC BOM;QSFP+ LR4 V3(Avago DFB 1330nm
280-1335,RX CB BOM;QSFP+ LR4 V3(GCS PD)
280-1336,TX CB BOM;QSFP+ LR4 V3(version+Avago DFB
280-1337,OB BOM;QSFP+ LR4 V3(Welding version）
280-1390,MT-MT lens Ass(3 5dB)QSFP28 SR4 Packing
280-1391,Molding Lens&Al Cover Sub-Ass;CWDM4 Gen3
280-1392,OB Assembly BOM;100G QSFP28 CWDM4 Gen3
280-1404,TX CB Ass_BOM;COP (Ocl+M37244)ZTE;Vulcan
280-1405,RX CB Ass_BOM;COP(M37244+GCS) Vulcan
280-1428,lens ass(2.0dB attenuation)QSFP28 SR4
280-1456,TX CB;100G CGR4 G3 Weld+Oclaro+GCS+2110B
280-1457,TX periscope;CWDM4 COP(Welding version)
280-1458,RX periscope;CWDM4 COP(Welding version)
280-1459,TX Receptacle Side Lens;CWDM4 COP(Wel)
280-1460,RX Receptacle Side Lens;CWDM4 COP(Wel)
280-1464,TX CB BOM;CWDM4 G3;SEI;2110S;Sif
280-1465,RX CB BOM;COP Gen3(SEI;GN2110S;Sif PD)
280-1475,MT-MT with lens ASSY;4.0dB 100G SR4 Gen3
280-1480-27,TX COC;CWDM4 COP(sumitomo DFB 1270nm)
280-1480-29,TX COC;CWDM4 COP(sumitomo DFB 1290nm)
280-1480-31,TX COC;CWDM4 COP(sumitomo DFB 1310nm)
280-1480-33,TX COC;CWDM4 COP(sumitomo DFB 1330nm)
280-1481,TX CB;CWDM4 COP V2.0(Weld+sumitomo DFB)
280-1497-40,MT-MT with lens ASSY;4.0dB 100G AOC Gen3
280-1498-27,TX COC;CWDM4(Ocl DFB;HL13BSCP00 1270nm)
280-1498-29,TX COC;CWDM4(Ocl DFB;HL13BSCP00 1290nm)
280-1498-31,TX COC;CWDM4(Ocl DFB;HL13BSCP00 1310nm)
280-1498-33,TX COC;CWDM4(Ocl DFB;HL13BSCP00 1330nm)
280-1499,TX CB;CWDM4 COP(Weld+Ocl DFB;HL13BSCP00)
280-1524,TX CB;CGR4 G3 V2.0;Sumitomo+GCS+GN2110B
280-1575,TX CB;CGR4 Gen3 duplex;Sumi+M37244+GCS
280-1593,TX CB BOM;cop G3;2105B;SEI;Sif;Kovar HS
280-1594,RX CB BOM;COP G3(SEI;2110S;Sif;kovar HS)
280-1595,OB BOM;COP G3(SEI;2110S;Sif PD;kovar HS)
280-1600-20,MT-MT 2.0dB absorb Ceramics Pin AOC
280-1638,CB Assembly BOM;CWDM4 Gen3(CB merger)
280-1663,CB BOM;QSFP28 CWDM4 COP V2.0
280-1663-R,CB BOM;QSFP28 CWDM4 COP V2.0;Recycle
280-1786,CB-Assy;40G LX4 Gen3;GN2105B+GN2110S
280-1787,OB-Assy;40G LX4 Gen3
280-1802,CB BOM;QSFP28 COP V2.0(Weld+Renesas DFB)
280-1803,CB BOM;QSFP28 COP V2.0(Weld+Macom DFB)
280-1805,CB BOM;Q28 COP V2.0(Weld+Ocl+GN2110B)
280-1806,CB BOM;QSFP28 COP V2.0;Weld(Gen3 Mit)
280-1806-R,CB BOM;QSFP28 COP V2.0;Weld(Gen3 Mit);RC
280-1807,CB BOM;QSFP28 COP V2.0(Weld+Sumitomo)
280-1811,CB BOM;QSFP28 COP V2.0;Weld(Ocl+M37244)
280-1814,CB BOM;QSFP28 COP;Weld(Renesas+M37244)
280-1816,CB BOM;QSFP28 COP;Weld(Gen3 Mit+M37244)
280-1817,CB BOM;QSFP28 COP;ZTE Weld(Ocl+M37244)
280-1822,CB BOM;CGR4 Gen3(Weld+Ocl(CWDM4)+GN2110B
280-1826,CB BOM;QSFP+ LR4 V3(Weld+Avago DFB)
280-1828-CD,OB BOM;COP G3.1;DFB;2110S;Sif;Kovar HS
280-1878,CB BOM;Q28 CWDM4 G3(CB merger;Sif)
280-1879,OB BOM;Q28 CWDM4 G3;2110S;Sif;Kovar HS
280-1916-CD,MT-MT with lens ASSY;QSFP28 SR4;2.0dB
280-1928,CB Assembly BOM;QSFP28 CGR4 Gen3 V2.0
280-1962-CD,CB BOM;100G C4 Gen3.1;Mit+Sif;BK;RW
280-1963-CD,CB BOM;100G C4 Gen3.1;Mit+Sif;non-len;RW
280-1964-CD,CB BOM;100G Gen3.1;Oclaro+Sif;non-len;RW
280-1965-CD,CB BOM;100G C4 Gen3.1;Oclaro+Sif;BK;RW
280-1973-CD,MT-MT with lens ASSY;100G SR4;5dB
280-1975-CD,CB BOM;Q28 C4 COP RX only;GN2110S+SiFo
280-1976-CD,OB BOM;Q28 C4 COP RX only;GN2110S;SiFo
280-2019-CD,PEI Lens&Narrowed Cover Ass;100G Gen3.1
280-2169,CB;CWDM4 Gen3(kovar HS;2110S;SEI;GCS)
281-0009,TX Receptacle for Mit;4D;2.92X7.96
281-0070,RX Receptacle
282-0040,RX side periscope;43.86deg;3.51*1.2*1.2
282-0041,RX periscope holder
282-0330,TX Receptacle side periscope;43.86deg
282-0333,RX side periscope;43.86deg;3.51*1.2*1.2
282-0432,RX  periscope;43deg;2.57*1.2*1.1;AR
282-0433,Field lens spacer;0.4*0.4*0.21mm
282-0434,Tilt Prism;N-SF11;14.9deg* 5 deg
283-0019,25Gb/s 1x4 Array Oxide VCSEL low power
283-0029,VCSEL;4ch VISEL for 25Gbps optical
283-0046-27,Chip;25Gbps DFB laser diode;1270nm
283-0046-29,Chip;25Gbps DFB laser diode;1290nm
283-0046-31,Chip;25Gbps DFB laser diode;1310nm
283-0046-33,Chip;25Gbps DFB laser diode;1330nm
283-0080,DFB;25G 1310nm;-40~95℃
283-0098,Pin PD Array;4*25Gbps;250um ptich
283-0110-27,MQW-DFB Laser chip;1267 to 1272nm
283-0110-29,MQW-DFB Laser chip;1287 to 1292nm
283-0110-31,MQW-DFB Laser chip;1307 to 1312nm
283-0110-33,MQW-DFB Laser chip;1327 to 1332nm
283-0116,CM Chip;HL13BFCP00-L0
283-0118,CM Chip;HL13BFCP00-L3
283-0130,CM;chip;HL13BFCP00-L1;SE<0.08W/A
283-0212-29-CD,YJ-DFB;YJC-D1290-25-C-MH;1290nm
283-0226,PD;DO297_45um_E1;45um
284-0089-20,PEI Lens;2.0dB absorbing coating
284-0118,Silicon Field Lens Array1.75x0.34x0.275
285-0012,LD submount;for all
285-0109,TIA Submount;Low cost
287-0003,Isolator D2.5mm CA 0.7 single 7degree
288-0001,TX Z-Block;Pitch2.2;76.5D;0.85X0.85X0.7
288-0005,RX Z-Block;P0.75;8 deg incident
288-0134,RX Z-Block;P1.0mm;13.5d Incident;square
300-0144,Housing Body
300-0150,Housing body
300-0151,Housing lid
300-0152,Housing adapter
300-0211,Housing body
300-0212,Housing lid
300-0213,Housing body
300-0214,Housing lid
300-0311,Housing body
300-0312,Housing lid
300-0313,Housing adapter
300-0316,Housing Body;COST DOWN
300-0317,Housing LID;COST DOWN
300-0355,Housing lid
301-0022,RX LENS COVER;ZN3
301-0046-CD,Narrowed RX Lens Cover;AL6063
302-0004,TSLG Nylok Screw M1.4x0.3x5.45
302-0006,TSLG Nylok Screw M1.7x0.35x4.5x6
302-0007,TSLG Nylok Screw M1.4x0.3x4.63
302-0008,Nylok Flat head screw;SUS304;M1.7x8
310-0166,advanced thermal pad;5*5*1.0mm
310-0228,Pull tab;BLACK
310-0229,Press plate
310-0241,protection cover
310-0300,EMI Gasket;12*6.5*0.13mm
310-0357,Pull Tab+Lach;Beige color
310-0362,Lens Clamp For SR4 V3;SUS301 1/2H;0.2mm
310-0376,EMI Pad;Gray;3.6*3.6*1.0mm
310-0401,Dust cover EPDM;Duplex LC;Black
310-0407,Pull tab;Green
310-0417,Dust cover;EPDM;single LC;halogen free
310-0440,MPO dust cover;EPDM;single-end black
310-0474,Thermal Pad;Sarcon;white;3*3*1mm
310-0494-001,Pull tab;Beige;Cisco;1m
310-0494-002,Pull tab;Brown;Cisco;2m
310-0494-003,Pull tab;Orange;Cisco;3m
310-0494-007,Pull tab;Blue;Cisco;7m
310-0494-010,Pull tab;Red color;Cisco;10m
310-0494-015,Pull tab;Black;Cisco;15m
310-0494-020,Pull;Green;Cisco;20m;25m;30m
310-0504,Pull tab+Latch;Yellow;Pantone color135C
310-0560,Pull tab;Green;for Juniper
310-0571,Clamp
310-0573,Pull tab;green;for Cisco
310-0574,Pull tab;light green;Cisco
310-0577,PULL TAB;GREEN;2292U;Facebook
310-0590,pull tab+latch;YELLOW
310-0591,pull tab+latch;BLUE 3015C
310-0724,Pull tab;Purple;pantone Medium Purple C
311-0005,EMI Pad;10.4X2.0X1.5
311-0207,Thermal Pad;13.5*13.5*1mm
311-0244,mylar;PC98;10.2X14X0.1MM
311-0252,mylar;pc98+99015LVC-XC;5.2X39.5X0.20mm
311-0260,TopProtective film;24.1*15.05*0.19;NS13k
311-0276,EMI PAD
311-0363,Tape;PI+Dow7388;CK75100F;5*7*0.05
311-0436,EMI Composite Tape;15.0*5.7*0.08mm
311-0437,EMI pad;14.7x6.4x0.5mm
320-0109,MPO adapter
320-0128,EMI Finger;SUS301
320-0248,Spring;SUS304;Ø1.5x0.2x4.5
320-0284,Spring OD 1.5mm;l:7.3mm; W-D:0.2mm
320-0328,Guide Pin MM;SUS420J2F;M0.698*6.5L;多模
320-0412,TX Receptacle Side Lens Holder
320-0438,TX Periscope holder
320-0443,RX Receptacle Side Lens Holder
320-0493,Receptacle z ring
320-0550,Metal Cover;OB BOX Weld version
320-0611,Metal OB;removeRX light path lift window
320-0759,OE BOX
320-0763,heatsink Kovar 4J29;breadth:13.85mm
320-0836,OE BOX;Kover
321-0057,RX Receptacle Holder;Low cost
321-0058,TX Receptacle Holder;Low cost
321-0059,Z Ring;Low cost
321-0172,LC Metal Plug a;SUS304
321-0173,LC Metal Plug b;SUS304
340-0056,Pull tab;Green
340-0062,Pull tab;Blue;pantone 300U;AWS
340-0063,Pull tab;Green;362U;2km;AWS
340-0071,Pull tab;Blue 317U
341-0027,OE BOX Cover
341-0036,Pressing;17.06x13mm
341-0063,OE BOX COVER;0.1 thickness
500-3301,QSFP28 CWDM4;1310nm;2Km;0-70°;standard
500-3394,100G CWDM4;Blank V1.0(Mitsubishi DFB)
500-3394-05,100G CWDM4;Blank V1.0(Oclaro DFB)
500-3418,100G QSFP28 CLR4;1310nm;2Km;0-70C;std
500-3490,100G QSFP28 CWDM4;2Km;for HT(34061299)
500-3633,100G CWDM4;Alibaba;V1.0(Mitsubishi DFB)
500-3633-01,100G CWDM4;2Km;Alibaba;V1.0(Renesas DFB)
500-3633-04,QSFP28 CWDM4 V1.0;Alibaba(Oclaro DFB)
500-3644,100G QSFP28 CWDM4;Juniper(740-061408)
500-3662,QSFP28 CLR4;1310nm;2Km;0-70C;Blank
500-3695,100G CLR4 FEC;Std(Mitsubishi DFB;GCS PD)
500-3712,100G CWDM4 V1.0;Std(Weld+Mitsubishi DFB)
500-3717,100G CWDM4 V1.0;100Gbits;Std(Oclaro DFB)
500-3776-01,100G CWDM4 V2.0;Std(Welding+Mitsubi DFB)
500-3776-02,100G CWDM4 V2.0;Std(Welding+Oclaro DFB)
500-3776-02-RW,100G CWDM4 V2.0;Std(Weld+Ocl)for WXZX
500-3776-03,100G CWDM4 V2.0;Std(Welding+Renesas DFB)
500-3776-04,100G CWDM4 V2.0;Std(Welding+Macom DFB)
500-3806,100G CGR4 Gen3 V2.0;Weld+Ocl+GCS+GN2110B
500-3816,100G CGR4 Gen3 V2.0;Weld+Sumi DFB+Cos PD
500-3817,40&100G CWDM4 V1.0;2Km;Amazon_ Mitsubish
500-3817-01,40&100G CWDM4 V1.0;2Km;Amazon_Renesas
500-3817-04,40&100G CWDM4 V1.0;2Km;Amazon;V1.0_Oclar
500-3820,40&100G CWDM4 V1.0;2Km;Amazon_DB Mitsu
500-3820-04,40&100G CWDM4 V1.0;2Km;Amazon_DB Oclaro
500-3822,100G CWDM4 LiteV2.0;15-60C;Weld+Mits DFB
500-3823,100G CWDM4 COP V2.0;0-70C;Weld+Mits DFB
500-3827,100G CWDM4 V2.0;CT(Weld+Mitsubishi DFB)
500-3848,100G CLR4 ET Gen1;Std(Mit;GCS PD;No MPD)
500-3853-01,100G CWDM4 V2.0;Weld(Mits DFB+M37244)
500-3853-02,100G CWDM4 V2.0;Std;Weld(Ocl DFB+M37244)
500-3853-03,100G CWDM4 V2.0;Weld(Renesas DFB+M37244)
500-3901-01,100G CWDM4;Std(Weld;CH1;2;3_Mitsu+CH4)
500-3901-02,100G CWDM4;BK(Weld;CH1;2;3_Mitsu+CH4)
500-3913,100G CWDM4 V1.0;2Km;Ali(Mit DFB+M37244D)
500-3913-02,TR-FC13T-N118;CWDM4 V1.0;Ali;Ren;M37244
500-3913-03,TR-FC13T-N119;CWDM4 V1.0;Ali;Ocl;M37244
500-3916,100G CWDM4 V1.0;H3C;Adhe(Mit DFB+M37244)
500-3917,100G CWDM4 V1.0;H3C;Adhe(Ocl DFB+GN2109)
500-3918,100G CWDM4 V2.0;H3C;Weld(Ocl DFB+M37244)
500-3922,40G/100G Rate;CWDM4;2Km;V1.0(Mit DFB)
500-3925,TR-FC13T-N93;2Km;0-70C;FB;V2.0;Mit DFB
500-3925-02,40G/100G;CWDM4;2Km;Facebook;V2.0;Ocl DFB
500-3926,TR-FC13T-N94;0-70C;FB;V2.0;Mit +M37244
500-3927,TR-FC13H-H05;500m;15-55C;FB;V2.0;Mit DFB
500-3927-02,40G100G;CWDM4 Lite;FB;V2.0(Oclaro DFB)
500-3928,TR-FC13H-H06;15-55C;FB;V2.0;Mit +M37244
500-3940,100G CLR4 ET Gen1;Std;Mit DFB;GCS PD;MPD
500-3941,100G CLR4 ET;Ericsson(Mit;GCS PD;No MPD)
500-3943,40G/100G;CWDM4;FB;V1.0(Mit DFB+M37244)
500-3953-02,40G/100G;CWDM4 V2.0;AZ;Weld(Ocl+M37244)
500-3953-06,40G&100G;CWDM4;Amazon;V2.0(Weld+Ocl DFB)
500-3953-06-TW,40G&100G CWDM4 COP for AZ(Weld+Oclaro)
500-3954-01,40G/100G;CWDM4V2.0;AZ DB;Weld;Mit+M37244
500-3954-02,40G/100G;CWDM4V2.0;AZ DB;Weld;Ocl+M37244
500-3954-03,40G/100G;CWDM4V2.0;AZ DB;Weld;Ren+M37244
500-3954-05,40G/100G;CWDM4 V2.0;AZ DB(Weld+Ren DFB)
500-3954-06,40G&100G;CWDM4;AZ DB;V2.0(Weld+Ocl DFB)
500-3956,40G/100G;CWDM4V2.0;AZ DB;Adhe;Mit+M37244
500-3971-02,TR-FC13T-N110;CWDM4 V2.0;Ali;Ocl;M37244
500-3972-01,TR-FC13T-N113;CWDM4 V2.0;Ali;Mitsubishi
500-3972-02,TR-FC13T-N114;CWDM4 V2.0;Ali;Oclaro
500-3984,100G CLR4 Gen1;24.33G;DT(Mit;GCS;No MPD)
500-3986-01,100G CWDM4 V1.0;BK;Adhe(Mit DFB+M37244)
500-3987-01,100G CWDM4 V2.0;BK;Weld(Mit DFB+M37244)
500-3987-02,100G CWDM4 V2.0;BK;Weld(Ocl DFB+M37244)
500-3987-03,100G CWDM4 V2.0;BK;Weld(Ren DFB+M37244)
500-4001,100G CLR4 ET Gen1;-20~85C;Mit;GCS;No MPD
500-4008,100G CWDM4 V1.0;Haiwai Ali(Mit+M37244D)
500-4011-01,100G CWDM4 V2.0;Std(Weld+Mit;MCC Diode)
500-4012-01,100G CWDM4 V2.0;BK(Weld+Mit;MCC Diode)
500-4013-01,100G CWDM4 V2.0(Weld+Mit;Silergy Loss)
500-4014-01,100G CWDM4 V2.0;BK;Weld+Mit;Silergy Loss
500-4021,100G CLR4 ET Gen1;24.33G;ZTE;Mit;GCS;MPD
500-4022-02,100G CWDM4 V2.0;Haiwai;Weld+Ocl+M37244
500-4023-01,100G CWDM4 V2.0;Haiwai Ali;Weld+Mit DFB
500-4023-02,100G CWDM4 V2.0;Haiwai Ali;Weld+Ocl DFB
500-4028-01,40G QSFP+LR4 V3.0(CWDM4 Plat_Mit DFB)Std
500-4028-02,40G QSFP+LR4 V3.0(CWDM4 Pla_ Ocl DFB)Std
500-4037,40G/100G;CWDM4 Lite;FB;V2.0(Ocl+M37244)
500-4039-02,100G CWDM4 V1.0;Haiwai(Adhe+Ocl+M37244D)
500-4046,CLR4 ET Gen1;HT_34061522(Ocl;GCS;No MPD)
500-4065-01,100G CWDM4 V2.0;Juniper S3BU;Weld+MitDFB
500-4066-01,40G QSFP+ LR4 V3.0(CWDM4 Plat_Mit DFB)JP
500-4066-02,40G QSFP+ LR4 V3.0(CWDM4 Plat_Ocl DFB)JP
500-4067-01,40G QSFP+ LR4 V3.0(CWDM4 Plat_Mit DFB)JC
500-4067-02,40G QSFP+ LR4 V3.0(CWDM4 Plat_Ocl DFB)JC
500-4074-01,40G/100G CWDM4 V2.0;2Km;Stand(Weld+Mit)
500-4074-02,40G/100G CWDM4 V2.0;2Km;Stand(Weld+Ocl)
500-4102,100G CLR4 ET Gen1;Std(Ocl;GCS PD;No MPD)
500-4103,100G CLR4 ET Gen1;Std;Ocl DFB;GCS PD;MPD
500-4106,100G CLR4 Gen1;E1;Ocl;No MPD;data 100G
500-4106-01,100G CLR4 Gen1;EC;Ocl;No MPD;data 100G
500-4110,100G CWDM4;25.78G ET;HT(34061633-001)
500-4114,100G CLR4 ET Gen1;E1;GCS PD;data rate40G
500-4128,100G CWDM4 V2.0;Std Weld(Ocl DFB+GN2105)
500-4129,100G CWDM4 V2.0;Blank Weld(Ocl+GN2105)
500-4164-02,100G CWDM4 V2.0;Tencent(Weldn+Ocl DFB)
500-4170,100G CWDM4 2.0;24.33G;BK(Ocl+GN2110B)
500-4189,100G CWDM4 V2.0;24.33G;Std(Ocl+GN2110B)
500-4190,100G CWDM4 V2.0;baidu(Weld+Oclaro DFB)
500-4210,100G CWDM4 V2.0;25.78G;34061633;Ocl DFB
500-4211,100G CWDM4 V2.0;25.78G;34061633-001;Ocl
500-4212,100G CWDM4 V2.0;HT;34061299;Oclaro DFB
500-4216,100G CWDM4 V2.0;Gigamon(Weld+Oclaro DFB)
500-4218-01,100G CWDM4 V2.0;Arista;Weld;Mit+M37244
500-4218-02,100G CWDM4 V2.0;Arista;Weld;Ocl+M37244
500-4218-03,100G CWDM4 V2.0;Arista;Weld;Ren+M37244
500-4219-01,100G CWDM4 V2.0;Arista;Weld+Mit DFB
500-4219-02,100G CWDM4 V2.0;Arista;Weld+Oclaro DFB
500-4219-03,100G CWDM4 V2.0;Arista;Weld+Renesas DFB
500-4219-04,100G CWDM4 V2.0;Arista;Weld+Macom DFB
500-4232,100G CWDM4 V2.0;J2 740-061412(Mit DFB)
500-4233,100G CWDM4 V2.0;J3 740-061408(Mit DFB)
500-4290,100G CWDM4 V2.0;Std(Gen3 Mit DFB+M37244)
500-4291,100G CWDM4 V2.0;BK(Gen3 Mit DFB+M37244)
500-4292,100G CWDM4 V2.0;Std(Gen3 Mitsubishi DFB)
500-4293,100G CWDM4 V2.0;Blank(Gen3 Mit DFB)
500-4294-02,40G&100G;CWDM4 V2.0;AWS New CTLE;Ocl DFB
500-4294-02-TW,40G&100G;CWDM4 V2.0;AWS New CTLE;Ocl DFB
500-4295-02,40G&100G;CWDM4 V2.0;AWS New CTLE DB;Ocl
500-4295-02-TW,40G&100G;CWDM4 V2.0;AWS New CTLE DB;Ocl
500-4296-02,40G&100G;CWDM4;AWS New CTLE;Ocl+M37244
500-4297-02,40G&100G;CWDM4;AWS NewCTLE DB;Ocl+M37244
500-4305,40G/100G;CWDM4 V2.0;for Arista(Mit DFB)
500-4306,40G/100G;CWDM4 V2.0;for Arista(Ocl DFB)
500-4323,100G CWDM4 V2.0;Cisco(Weld+Gen3 Mit)
500-4324,100G CWDM4 V2.0;J2 740-061412(Gen3 Mit)
500-4325,100G CWDM4 V2.0;J3 740-061408(Gen3 Mit)
500-4326,40G&100G;CWDM4;FB;V2.0(Gen3 Mit DFB)
500-4327,100G CWDM4 V2.0;Alibaba(Gen3 Mit DFB)
500-4329,100G CWDM4 V2.0;Std for Arista（Gen3 Mit）
500-4330,100G CWDM4 V2.0;Coriant(Gen3 Mit DFB)
500-4331,40G&100G;CWDM4 V2.0;FB(Gen3 Mit+M37244)
500-4332,40G&100G CWDM4 V2.0;AWS(Gen3 Mit+M37244)
500-4333,40&100G;CWDM4V2.0;AWS DB;Gen3 Mit+M37244
500-4336,CWDM4 V2.0;Arista;Weld;Gen3 Mit+M37244
500-4337,100G CWDM4 Lite V2.0;15-60C;CI(Gen3 Mit)
500-4338,40G&100G;CWDM4 Lite;FB;V2.0(Gen3 Mit)
500-4339,40&100G;CWDM4 Lite V2;FB;Gen3 Mit+M37244
500-4341,40G&100G;CWDM4 V2.0;Std Arista(Gen3 Mit)
500-4342,40G&100G;CWDM4 V2.0;Std(Gen3 Mit DFB)
500-4376,CLR4 Gen1;24.33G;Da Tang;Ocl;GCS;No MPD
500-4377,100G CLR4 Gen1;24.33G;ZTE;Ocl;GCS;No MPD
500-4378,100G CWDM4 V2.0;HP;Weld(Ocl DFB+M37244)
500-4393-01,100G CWDM4 COP V2.0;BK(Weld+Mit DFB)
500-4393-02,100G CWDM4 COP V2.0;BK(Weld+Oclaro DFB)
500-4393-03,100G CWDM4 COP V2.0;BK(Weld+Ren DFB)
500-4393-04,100G CWDM4 COP V2.0;BK(Weld+Macom DFB)
500-4465,100G CLR4 ET Gen1;Blank(Ocl;GCS;No MPD)
500-4483,100G CWDM4 V2;HT;34061299-001;Weld+Ocl
500-4494,100G CWDM4 V2;Champion One(Weld+Ocl DFB)
500-4515,40G/100G QSFP28 CWDM4 Lite;Oclaro DFB
500-4516,40G&100G CWDM4 Lite;Facebook(Gen3 Mit)
500-4519,40G QSFP+ LR4 V3.0(Semte Platform_Avago）
500-4537,100G QSFP28 CWDM4 COP;Cisco(Oclaro DFB)
500-4561,40G QSFP+ LR4 V3;CWDM4 S Platform_Ocl;BK
500-4562,40G QSFP+LR4 V3;CWDM4 S Platform_Ocl;Std
500-4587,100G CWDM4 V2;Raisecom(Weld version+Ocl)
500-4607,40G&100G CWDM4 V2;Amazon;Weld(Gen3 Mit)
500-4607-TW,40G&100G CWDM4 COP for AZ(Weld+Gen3 Mit)
500-4608,40G&100G CWDM4 V2;AZ DB;Weld(Gen3 Mit)
500-4609,40G&100G CWDM4 V2;AWS New CTLE;Gen3 Mit
500-4610,40G&100G CWDM4;AWS DB New CTLE;Gen3 Mit
500-4611,100G CWDM4;0-70C;for ZTE;Weld+Ocl M37244
500-4623,40G/100G;CWDM4 V2.0;Std Arista(Weld+Ocl)
500-4624,40G&100G;CWDM4 V2;Std Arista(Gen3 Mit)
500-4639,40G QSFP+ LR4 V3(CWDM4 Pla_Ocl;GCS)HT
500-4640,40G QSFP+ IR4 V3(CWDM4 Pla_Ocl;GCS)HT
500-4672,CWDM4 V2.0;for UNIS;Weld(Ocl+M37244)
500-4692,QSFP+ LR4 V3.0(Mitsubishi Gen3);Standard
500-4693,QSFP+ IR4 V3.0(Mitsubishi Gen3);Standard
500-4703,CWDM4 V2.0;HT(34061299-001)(Gen3 Mit)
500-4709,QSFP28 CWDM4;HT(34061299)(Gen3 Mit)
500-4752,QSFP+ LR4 V3.0 Ocl;GCS)HT(34060645-002)
500-4753,40G QSFP+ LR4 V3.0(100G Oclaro);Standard
500-4773,QSFP28 CWDM4 COP;Amazon;V2.0;Sumitomo
500-4779,QSFP+ LR4 V3.0(Oclaro DFB);FlexOptix
500-4791,QSFP+ LR4 V3.0(100G CWDM4_Oclaro)H3C
500-4792,QSFP+ LR4 V3.0(100G CWDM4_Oclaro) HP
500-4793,QSFP+ IR4 V3.0(100G CWDM4_Oclaro) H3C
500-4794,QSFP+ IR4 V3.0(100G CWDM4_Oclaro DFB)HP
500-4835,QSFP+ IR4 V3.0(100G_Oclaro DFB);blank
500-4847,QSFP28 CWDM4 Lite;Std(Gen3 Mitsubishi)
500-4850,100G SR4 Gen3;Toptrans Vcsel;Blank
500-4888,CWDM4 COP V2.0;FlexOptix(Gen3 Mit DFB)
500-4889,CWDM4 COP V2.0;FlexOptix(Oclaro DFB)
500-4890,QSFP+ IR4/LR4 V3.0(100G_Mit Gen3);AWS
500-4910,100G SR4 Gen3;Toptrans Vcsel;Standard
500-4912,100G COP Gen3;stan(SEI;GN2110S;Sif )
500-4925,100G SR4 Gen3;Avago LP Vcsel array;Stan
500-4955,100G SR4 Gen3 for Ali(Avago＆LP Vcsel)
500-4956,100G CWDM4 Gen3 for HT(34062212)
500-4957,100G CWDM4 Gen3 for Alibaba
500-4961,de-variantize PN
500-4961-001,100G AOC Gen3;1m;Avago Vcsel;Standard
500-4961-002,100G AOC Gen3;2m;Avago Vcsel;Standard
500-4961-003,100G AOC Gen3;3m;Avago Vcsel;Standard
500-4961-005,100G AOC Gen3;5m;Avago Vcsel;Standard
500-4961-007,100G AOC Gen3;7m;Avago Vcsel;Standard
500-4961-010,100G AOC Gen3;10m;Avago Vcsel;Standard
500-4961-015,100G AOC Gen3;15m;Avago Vcsel;Standard
500-4961-020,100G AOC Gen3;20m;Avago Vcsel;Standard
500-4961-030,100G AOC Gen3;30m;Avago Vcsel;Standard
500-4962,de-variantize PN
500-4962-010,100G AOC Gen3;10m;Avago Vcsel＆LP;Ali
500-4962-020,100G AOC Gen3;20m;Avago Vcsel＆LP;Ali
500-4962-0P5,100G Q28 AOC G3;0.5m;Avago Vcsel＆LP;Ali
500-4973,QSFP28 CWDM4 COP V2.0;std(Weld+Sumi DFB)
500-4987,QSFP28 CWDM4 Lite;Facebook;V2.0(Ocl DFB)
500-5008,CWDM4;AWS New CTLE;Weld(Gen3 Mit DFB)
500-5008-TW,40G&100G;CWDM4;AWS New CTLE(Weld+Mit)
500-5009,CWDM4;AWS DB Hub New CTLE;Gen3 Mit
500-5009-TW,40G&100G;CWDM4;AWS DB Hub New CTLE;Mit
500-5010,QSFP+ IR4/LR4 V3.0(100G_Ocl DFB);for AWS
500-5030,LR4 V3.0(CGR4 Gen3;Ocl+GCS+GN2110B)Blue
500-5031,LR4 V3.0(CGR4 Gen3;Sum+GCS+GN2110B)Blue
500-5054,100G Q28 CWDM4 V2 Tencent Weld+G3 Mit
500-5056,40G QSFP+LR4 V3 100G CWDM4 Mit DFB;H3C
500-5057,40G QSFP+IR4 V3 100G CWDM4 Mit DFB;H3C
500-5059,40G QSFP IR4 V3 100G CWDM4 Gen3 Mit HP
500-5060,40G QSFP LR4 V3 100G CWDM4 Gen3 Mit HP
500-5071-TW,40G&100G;CWDM4;AWS(Welding+Oclaro-EBI)
500-5096,CGR4 Gen3 duplex(Sumitomo+GCS+GN2110B)
500-5101,100G CWDM4 V2;HT;34061299-003;Weld+Ocl
500-5102,40G&100G CWDM4;AWS New CTLE(Sumitomo)
500-5149,100G CWDM4;std(Weld+Ocl DFB;HL13BSCP00)
500-5160,40G QSFP+LR4 V3 Ocl;GCS HT(34060645-003)
500-5172,100G CGR4 Gen3 duplex;Sumi+M37244+GCS
500-5178,100G CWDM4 COP Fiberhome(Weld+Ocl DFB)
500-5196,40G QSFP+ LR4 V3 Mit Gen3 DFB Gigamon
500-5197,40G QSFP+ LR4 V3 Oclaro DFB Gigamon
500-5202,de-variantize PN
500-5202-005,100G to 2x50G breakout AOC;5M;Tencent
500-5202-007,100G to 2x50G breakout AOC;7M;Tencent
500-5202-010,100G to 2x50G breakout AOC;10M;Tencent
500-5202-020,100G to 2x50G breakout AOC;20M;Tencent
500-5215,de-variantize PN
500-5215-010,100G Q28 AOC G3;10m;Avago Vcsel＆LP;NUDT
500-5216,de-variantize PN
500-5216-003,100G Q28 AOC G3;3m;Avago LP Vcsel;Std
500-5216-005,100G Q28 AOC G3;5m;Avago LP Vcsel;Std
500-5216-007,100G Q28 AOC G3;7m;Avago LP Vcsel;Std
500-5216-010,100G Q28 AOC G3;10m;Avago LP Vcsel;Std
500-5216-030,100G Q28 AOC G3;30m;Avago LP Vcsel;Std
500-5274,QSFP+SR4 G3 40G 300m Std
500-5275,QSFP+SR4 G3 40G 100m Std
500-5281,100G QSFP28 CWDM4 COP V2 Google;Mit DFB
500-5282,100G QSFP28 CWDM4 COP V2 Google Weld+Ocl
500-5329,QSFP+SR4 G3;Semtech;300m Precision
500-5359,100G SR4 G3(2108S/09S;Sony Vcsel )Std
500-5384,100G Q28 SR4 GEN3（Avago ＆LP Vcsel）H3C
500-5387,100G QSFP28 CWDM4 COP Tencent(Weld+Ocl)
500-5391,de-variantize PN
500-5391-001,Q28 AOC G3 1m Sony Vcsel Cisco
500-5391-002,Q28 AOC G3 2m Sony Vcsel Cisco
500-5391-003,Q28 AOC G3 3m Sony Vcsel Cisco
500-5391-005,Q28 AOC G3 5m Sony Vcsel Cisco
500-5391-007,Q28 AOC G3 7m Sony Vcsel Cisco
500-5391-010,Q28 AOC G3 10m Sony Vcsel Cisco
500-5391-015,Q28 AOC G3 15m Sony Vcsel Cisco
500-5391-020,Q28 AOC G3 20m Sony Vcsel Cisco
500-5391-025,Q28 AOC G3 25m Sony Vcsel Cisco
500-5391-030,Q28 AOC G3 30m Sony Vcsel Cisco
500-5392,Q28 SR4 G3 100m AvagoVcsel Cisco
500-5393,40G QSFP+ LR4 V3.0(100G Semtech SEI);Std
500-5394,40G QSFP+ IR4 V3.0(100G Semtech SEI);Std
500-5423,40G QSFP+ IR4 V3.0(100G Mit DFB)Juniper
500-5424,40G QSFP+ IR4 V3.0(100G Sum DFB)Juniper
500-5481,Q28 SR4 G3 100m Sony Vcsel Cisco
500-5495,de-variantize PN
500-5495-001,Q28 AOC G3 1m Sony Vcsel Cisco
500-5495-002,Q28 AOC G3 2m Sony Vcsel Cisco
500-5495-003,Q28 AOC G3 3m Sony Vcsel Cisco
500-5495-005,Q28 AOC G3 5m Sony Vcsel Cisco
500-5495-007,Q28 AOC G3 7m Sony Vcsel Cisco
500-5495-010,Q28 AOC G3 10m Sony Vcsel Cisco
500-5495-015,Q28 AOC G3 15m Sony Vcsel Cisco
500-5495-020,Q28 AOC G3 20m Sony Vcsel Cisco
500-5495-025,Q28 AOC G3 25m Sony Vcsel Cisco
500-5495-030,Q28 AOC G3 30m Sony Vcsel Cisco
500-5499,100G Q28 CWDM4 V2.0;Cisco(Weld+Mit DFB)
500-5500,Q28 CWDM4 Lite V2.0;Cisco(Weld+Mit DFB)
500-5522,100G Q28 SR4 G3;Avago LP Vcsel Array;ZTE
500-5523,40G QSFP+ LR4 V3.0 Oclaro DFB;SB System
500-5529,100G QSFP28 eCWDM4 Gen3;Alibaba;R0
500-5530,100G QSFP28 CWDM4 COP V2.0;Alibaba R0
500-5531,100G QSFP28 CWDM4 COP V2.0;Tencent
500-5550,100G QSFP28 CWDM4 Gen3;HT;SEI DFB
500-5586,Q28 SR4 G3 for Kuaishou(Avago＆LP Vcsel)
500-5594,100G Q28 SR4 G3 Avago LP Vcsel;Tencent
500-5595,100G QSFP28 CWDM4 Gen3;Tencent(SEI;Sif)
500-5596,100G Q28 CWDM4 Gen3;Tencent DCI(SEI;Sif)
500-5601,100G Q28 SR4 G3 Sony Vcsel;SB System
500-5602,40G QSFP+ LR4 V3.0 Mit Gen3 DFB;Infinera
500-5603,40G QSFP+ IR4 V3.0 Mit Gen3 DFB;Infinera
500-5604,40G QSFP+ LR4 V3.0 Oclaro;Infinera
500-5605,40G QSFP+ IR4 V3.0 Oclaro;Infinera
500-5610,100G QSFP28 CWDM4 COP V2.0(Weld+Sum);TC
500-5614,de-variantize PN
500-5614-001,Q28 AOC G3 1m BRCM Vcsel Cisco
500-5614-002,Q28 AOC G3 2m BRCM Vcsel Cisco
500-5614-003,Q28 AOC G3 3m BRCM Vcsel Cisco
500-5614-005,Q28 AOC G3 5m BRCM Vcsel Cisco
500-5614-007,Q28 AOC G3 7m BRCM Vcsel Cisco
500-5614-010,Q28 AOC G3 10m BRCM Vcsel Cisco
500-5614-015,Q28 AOC G3 15m BRCM Vcsel Cisco
500-5614-020,Q28 AOC G3 20m BRCM Vcsel Cisco
500-5614-025,Q28 AOC G3 25m BRCM Vcsel Cisco
500-5614-030,Q28 AOC G3 30m BRCM Vcsel Cisco
500-5615,de-variantize PN
500-5615-001,Q28 AOC G3 1m BRCM Vcsel AB side Cisco
500-5615-002,Q28 AOC G3 2m BRCM Vcsel AB side Cisco
500-5615-003,Q28 AOC G3 3m BRCM Vcsel AB side Cisco
500-5615-005,Q28 AOC G3 5m BRCM Vcsel AB side Cisco
500-5615-007,Q28 AOC G3 7m BRCM Vcsel AB side Cisco
500-5615-010,Q28 AOC G3 10m BRCM Vcsel AB side Cisco
500-5615-015,Q28 AOC G3 15m BRCM Vcsel AB side Cisco
500-5615-020,Q28 AOC G3 20m BRCM Vcsel AB side Cisco
500-5615-025,Q28 AOC G3 25m BRCM Vcsel AB side Cisco
500-5615-030,Q28 AOC G3 30m BRCM Vcsel AB side Cisco
500-5633,de-variantize PN
500-5633-003,100G Q28 AOC G3;003m;II-VI VCSEL;Std
500-5633-005,100G Q28 AOC G3;005m;II-VI VCSEL;Std
500-5633-007,100G Q28 AOC G3;007m;II-VI VCSEL;Std
500-5633-010,100G Q28 AOC G3;010m;II-VI VCSEL;Std
500-5633-020,100G Q28 AOC G3;020m;II-VI VCSEL;Std
500-5633-030,100G Q28 AOC G3;030m;II-VI VCSEL;Std
500-5634,100G Q28 SR4 G3;II-VI VCSEL;Std
500-5679,40G&100G QSFP28 CWDM4 COP;AWS(Mit Gen3)
500-5680,40G&100G QSFP28 CWDM4 COP;AWS (Ocl DFB)
500-5703,100G Q28 SR4 G3;Sony Vcsel Cisco
500-5773,Q28 CWDM4 Gen3;H3C(SEI;GN2105B+GN2110S)
500-5782,100G Q28 SR4 G3;Avago+GCS;New PCBA;Std
500-5785,40G&100G CWDM4 COP(S-180);AWS(Mit Gen3)
500-5800,40G LX4 Gen3;HT(2105B+2110S+SEI+GCS PD)
500-5818,100G Q28 SR4 G3;Avago Vcsel Cisco
500-5819,100G eCWDM4 Gen3 Receiver only;Ali R0
500-5850,Q28 SR4 G3;Avago LP Vcsel Array;Jingdong
500-5851,Q28 SR4 G3;Avago LP Vcsel Array;Pinduodu
500-5854,100G QSFP28 CWDM4 Gen3;Pinduoduo
500-5934,100G Q28 SR4 G3;Avago+GCS;4L PCB;Std
500-5935,100G Q28 SR4 G3;Avago+GCS;4L M6G PCB;Std
500-5957,100G Q28 SR4 G3;100m;Avago Vcsel Ciena
500-5958,100G Q28 SR4 G3;100m;Sony Vcsel Ciena
500-5987,100G Q28 SR4 Gen3 HT(34061089-001)
500-5988,100G Q28 SR4 Gen3 Avago baidu
500-5989,100G Q28 SR4 Gen3 Avago HP
500-5990,100G Q28 SR4 Gen3 Avago UNIS
500-6028,40G QSFP+ LX4 Gen3 for HT(34062796)
500-6035,100G QSFP28 CLR4;HT(GN2105B+GN2110S)
500-6036,40G QSFP+ IR4 V3.0(Mit Gen3 DFB);Arista
500-6037,40G QSFP+ IR4 V3.0(Ocl DFB);Arista
500-6038,40G QSFP+ LR4 V3.0(Mit Gen3 DFB);Arista
500-6039,40G QSFP+ LR4 V3.0(Ocl DFB);Arista
500-6059,100G SR4 Gen3.1;Lumentum Vcsel array;Std
500-6073,100G QSFP28 CGR4 Gen3 V2.0;Google(Ocl)
500-6087,40G QSFP+ IR4 V3.0(100G CWDM4 Oclaro)FH
500-6095,QSFP+SR4 G3 40G 100m;Sb Sys
500-6099,100G Q28 SR4 G3;Sony Vcsel Cisco
500-6137,100G QSFP28 CGR4 Gen3 V2.0;GL(Mit)
500-6159,de-variantize PN
500-6159-001,100G QSFP28 Gen3;SFP28 V4S AOC;1M;Std
500-6159-002,100G QSFP28 Gen3;SFP28 V4S AOC;2M;Std
500-6159-003,100G QSFP28 Gen3;SFP28 V4S AOC;3M;Std
500-6159-005,100G QSFP28 Gen3;SFP28 V4S AOC;5M;Std
500-6159-007,100G QSFP28 Gen3;SFP28 V4S AOC;7M;Std
500-6159-010,100G QSFP28 Gen3;SFP28 V4S AOC;10M;Std
500-6159-015,100G QSFP28 Gen3;SFP28 V4S AOC;15M;Std
500-6159-020,100G QSFP28 Gen3;SFP28 V4S AOC;20M;Std
500-6159-025,100G QSFP28 Gen3;SFP28 V4S AOC;25M;Std
500-6159-030,100G QSFP28 Gen3;SFP28 V4S AOC;30M;Std
500-6160,40G QSFP+ IR4 V3.0(100G CWDM4 Ocl);UNIS
500-6161,40G QSFP+ LR4 V3.0(100G CWDM4 Ocl);UNIS
500-6200,100G QSFP28 CWDM4 Gen3;kuaishou(V0)
500-6201,100G SR4 Gen3.1;GN+Lum;PDD;PCN02
500-6204,100G Q28 CWDM4 Gen3;BD(SEI;2105B+2110S)
500-6207,100G SR4 Gen3;Avago LP Vcsel array;Sdy
500-6209,100G CWDM4 COP Gen3.1;Mit+Sif;BK
500-6212,100G CWDM4 COP Gen3.1;Oclaro Recycle;BK
500-6240,100G QSFP28 CWDM4 Gen3;Spiderlink
500-6249,de-variantize PN
500-6249-003,100G QSFP28 Gen3;SFP28 V4S AOC;3M;Std
500-6249-005,100G QSFP28 Gen3;SFP28 V4S AOC;5M;Std
500-6249-007,100G QSFP28 Gen3;SFP28 V4S AOC;7M;Std
500-6249-010,100G QSFP28 Gen3;SFP28 V4S AOC;10M;Std
500-6249-020,100G QSFP28 Gen3;SFP28 V4S AOC;20M;Std
500-6250,de-variantize PN
500-6250-003,100G QSFP28 AOC Gen3;3m;Avago;Std
500-6250-005,100G QSFP28 AOC Gen3;5m;Avago;Std
500-6250-007,100G QSFP28 AOC Gen3;7m;Avago;Std
500-6250-010,100G QSFP28 AOC Gen3;10m;Avago;Std
500-6250-020,100G QSFP28 AOC Gen3;20m;Avago;Std
500-6253,100G SR4 Gen3;Toptrans Vcsel;Std
500-6262,100G CWDM4 COP Gen3.1;Rx only;Tencent
500-6266,40G QSFP+ IR4 V3.0;Mit DFB;GCS;2km;UNIS
500-6267,40G QSFP+ LR4 V3.0;Mit DFB;GCS;10km;UNIS
500-6277,100G CWDM4 COP Gen3.1;Oclaro+Sif;BK
500-6278,100G CWDM4 COP Gen3.1;Mit Recycle;BK
500-6282,de-variantize PN
500-6282-003,100G QSFP28 Gen3;SFP28 V4S AOC;3M;ERI
500-6282-005,100G QSFP28 Gen3;SFP28 V4S AOC;5M;ERI
500-6282-007,100G QSFP28 Gen3;SFP28 V4S AOC;7M;ERI
500-6282-010,100G QSFP28 Gen3;SFP28 V4S AOC;10M;ERI
500-6282-015,100G QSFP28 Gen3;SFP28 V4S AOC;15M;ERI
500-6282-020,100G QSFP28 Gen3;SFP28 V4S AOC;20M;ERI
500-6283,de-variantize PN
500-6283-003,100G QSFP28 AOC Gen3;3m;Avago;ERI
500-6283-005,100G QSFP28 AOC Gen3;5m;Avago;ERI
500-6283-007,100G QSFP28 AOC Gen3;7m;Avago;ERI
500-6283-010,100G QSFP28 AOC Gen3;10m;Avago;ERI
500-6283-015,100G QSFP28 AOC Gen3;15m;Avago;ERI
500-6283-020,100G QSFP28 AOC Gen3;20m;Avago;ERI
500-6285,100G QSFP28 CWDM4 Gen3;HT(34061299-001)
500-6306,40G QSFP+ LX4 Gen3(Q28 CWDM4 Gen3);Blank
500-6336,100G Q28 SR4 G3;Avago LP Vcsel Array;ZTE
500-6357,de-variantize PN
500-6357-001,100G QSFP28 AOC Gen3;1m;Avago;FlexO
500-6357-002,100G QSFP28 AOC Gen3;2m;Avago;FlexO
500-6357-003,100G QSFP28 AOC Gen3;3m;Avago;FlexO
500-6357-005,100G QSFP28 AOC Gen3;5m;Avago;FlexO
500-6357-007,100G QSFP28 AOC Gen3;7m;Avago;FlexO
500-6357-010,100G QSFP28 AOC Gen3;10m;Avago;FlexO
500-6357-015,100G QSFP28 AOC Gen3;15m;Avago;FlexO
500-6357-020,100G QSFP28 AOC Gen3;20m;Avago;FlexO
500-6357-030,100G QSFP28 AOC Gen3;30m;Avago;FlexO
500-6382,de-variantize PN
500-6382-001,100G QSFP28 AOC Gen3;1m;Avago;Infin
500-6382-003,100G QSFP28 AOC Gen3;3m;Avago;Infin
500-6382-005,100G QSFP28 AOC Gen3;5m;Avago;Infin
500-6382-007,100G QSFP28 AOC Gen3;7m;Avago;Infin
500-6382-010,100G QSFP28 AOC Gen3;10m;Avago;Infin
500-6382-015,100G QSFP28 AOC Gen3;15m;Avago;Infin
500-6382-020,100G QSFP28 AOC Gen3;20m;Avago;Infin
500-6382-030,100G QSFP28 AOC Gen3;30m;Avago;Infin
500-6383,de-variantize PN
500-6383-001,100G QSFP28 AOC Gen3;1m;Sony;Infin
500-6383-003,100G QSFP28 AOC Gen3;3m;Sony;Infin
500-6383-005,100G QSFP28 AOC Gen3;5m;Sony;Infin
500-6383-007,100G QSFP28 AOC Gen3;7m;Sony;Infin
500-6383-010,100G QSFP28 AOC Gen3;10m;Sony;Infin
500-6383-015,100G QSFP28 AOC Gen3;15m;Sony;Infin
500-6383-020,100G QSFP28 AOC Gen3;20m;Sony;Infin
500-6383-030,100G QSFP28 AOC Gen3;30m;Sony;Infin
500-6393,QSFP+ SR4 G3 40G 100m BK
500-6394,de-variantize PN
500-6394-001,100G QSFP28 Gen3;SFP28 V4S AOC;1M;Flex
500-6394-002,100G QSFP28 Gen3;SFP28 V4S AOC;2M;Flex
500-6394-003,100G QSFP28 Gen3;SFP28 V4S AOC;3M;Flex
500-6394-005,100G QSFP28 Gen3;SFP28 V4S AOC;5M;Flex
500-6394-007,100G QSFP28 Gen3;SFP28 V4S AOC;7M;Flex
500-6394-010,100G QSFP28 Gen3;SFP28 V4S AOC;10M;Flex
500-6394-015,100G QSFP28 Gen3;SFP28 V4S AOC;15M;Flex
500-6394-020,100G QSFP28 Gen3;SFP28 V4S AOC;20M;Flex
500-6394-030,100G QSFP28 Gen3;SFP28 V4S AOC;30M;Flex
500-6412,100G CWDM4 COP G3.1;Mit Recycle;kuaishou
500-6413,100G CWDM4 COP G3.1;MitRecycle;PDD;PCN02
500-6414,100G CWDM4 COP G3.1;Mit Recycle;baidu
500-6415,100G CWDM4 COP G3.1;Mit Recycle;Jingdong
500-6417,100G CWDM4 COP Gen3.1;Mit+Sif;Alibaba
500-6418,100G CWDM4 COP Gen3.1;Mit+Sif;kuaishou
500-6419,100G CWDM4 COP Gen3.1;Mit+Sif;PDD;PCN02
500-6420,100G CWDM4 COP Gen3.1;Mit+Sif;baidu
500-6421,100G CWDM4 COP Gen3.1;Mit+Sif;Jingdong
500-6433,100G CWDM4 COP G3.1;Oclaro Recycle;baidu
500-6448,40G QSFP+ LX4 Gen3(Q28 CWDM4 Gen3);H3C
500-6465,100G SR4 Gen3;Avago LP Vcsel array;BK
500-6485,40G QSFP+ LX4 Gen3(Q28 CWDM4 Gen3);Std
500-6496,100G SR4 G3;GN2108S+GN2109S;Precision
500-6512,100G SR4 Gen3 100G adaptive 40G;std
500-6513,100G CWDM4 COP Gen3.1;Oclaro+Sif;Ali
500-6569,40G QSFP+ LR4 V3.0;Mit;Juniper RBU
500-6570,40G QSFP+ LR4 V3.0;Ocl;Juniper RBU
500-6575,QSFP+SR4 G3 40G 300m for Blank
500-6650,100G Q28 SR4 G3 Sony Vcsel;SB System
500-6672,100G Q28 SR4 G3 Avago Vcsel;SB System
500-6681,100G Q28 SR4 GEN3（Avago ＆LP Vcsel）H3C
500-6803,40G QSFP+ LX4(100G QSFP28 CWDM4)H3C UNIS
500-6912,100G QSFP28 CWDM4 COP V2.0 2Km Precision
500-6984,100G QSFP28 CWDM4 COP V2.0 2Km baidu
500-7041,100G QSFP28 CWDM4 Gen3 1310nm;2Km HT
500-7064,100G CWDM4 COPGen3.1;Mit+Sif;Tencent TC4
500-7072,40G QSFP+ IR4 V3.0(100G CWDM4)2km HT
500-7073,40G QSFP+ LR4 V3.0(100G CWDM4)10km HT
500-7114,100G SR4 Gen3;Sony Vcsel;HP
500-7115,100G SR4 Gen3;Sony Vcsel;Precision
500-7206,de-variantize PN
500-7206-003,100G QSFP28 AOC Gen3;3m;Sony;ERI
500-7206-005,100G QSFP28 AOC Gen3;5m;Sony;ERI
500-7206-007,100G QSFP28 AOC Gen3;7m;Sony;ERI
500-7206-010,100G QSFP28 AOC Gen3;10m;Sony;ERI
500-7206-015,100G QSFP28 AOC Gen3;15m;Sony;ERI
500-7206-020,100G QSFP28 AOC Gen3;20m;Sony;ERI
500-7207,de-variantize PN
500-7207-001,100G AOC Gen3;1m;Sony Vcsel;Standard
500-7207-002,100G AOC Gen3;2m;Sony Vcsel;Standard
500-7207-003,100G AOC Gen3;3m;Sony Vcsel;Standard
500-7207-005,100G AOC Gen3;5m;Sony Vcsel;Standard
500-7207-007,100G AOC Gen3;7m;Sony Vcsel;Standard
500-7207-010,100G AOC Gen3;10m;Sony Vcsel;Standard
500-7207-015,100G AOC Gen3;15m;Sony Vcsel;Standard
500-7207-020,100G AOC Gen3;20m;Sony Vcsel;Standard
500-7207-025,100G AOC Gen3;25m;Sony Vcsel;Standard
500-7207-030,100G AOC Gen3;30m;Sony Vcsel;Standard
500-7283,de-variantize PN
500-7283-010,100G QSFP28 AOC Gen3;10m;Avago;Palo Alto
500-7284,de-variantize PN
500-7284-010,100G Q28 AOC G3;10m;Sony;Palo Alto
502-1559,Module Assembly Bom;QSFP28 CWDM4 COP
502-1678,Ass-Bom;QSFP28 CWDM4;V1.0(Mitsubis DFB)
502-1693,Ass-Bom;CWDM4 COP;V1.0(Renesas DFB)
502-1713,Module Ass-BOM;CLR4 ET(Mitsu DFB;GCS PD)
502-1728,Ass-Bom;CWDM4;V1.0(Weld+Mitsubishi DFB)
502-1733,Module Ass-Bom;CWDM4 V1.0(Oclaro DFB)
502-1783-01,Module Ass-Bom;CWDM4 V2.0(Weld+Mits DFB)
502-1783-02,Module Ass-Bom;CWDM4 V2.0(Weld+Ocla DFB)
502-1783-02-RW,Mod BOM;TR-FC13T-N318;CWDM4 COP for WXZX
502-1783-03,Module Ass-Bom;CWDM4 V2.0(Weld+Rene DFB)
502-1783-04,Mod Ass-BOM;CWDM4 V2.0(Weld+Macom DFB)
502-1793,Mod;CCGRGen3V2.0_Weld+Ocl+GCS+GN2110B
502-1804,Mod;CGR4 Gen3 V2.0;Weld+Sumi DFB+Cos PD
502-1818,Ass-Bom;CWDM4 V1.0;Juniper(Mitsu DFB)
502-1820,Ass-Bom;CWDM4 V2.0;Cisco(Weld+Mitsu DFB)
502-1822,Mod Ass-BOM;CLR4 ET;Mit;GCS PD;No MPD
502-1824-01,Mod Ass-BOM;CWDM4 V2.0;Weld(DFB+M37244)
502-1824-02,Mod Ass-BOM;CWDM4;Weld(Ocl DFB+M37244)
502-1824-03,Mod Ass-BOM;CWDM4;Weld(Ren DFB+M37244)
502-1827,Ass-Bom;CWDM4 Lite V2.0(Weld+Mitsu DFB)
502-1843,Mod Ass-Bom;CWDM4(Weld;CH1;2;3_Mits+CH4)
502-1847-01,Mod Ass-BOM;CWDM4;Adhe(Mits DFB+M37244)
502-1847-02,Mod Ass-BOM;CWDM4;Adhes(Ren DFB+M37244)
502-1847-03,Mod Ass-BOM;CWDM4;Adhes(Ocl DFB+M37244)
502-1853,Mod Ass-BOM;CLR4 ET Gen1;Mit;GCS PD;MPD
502-1855,Mod Ass;CWDM4 Lite V2.0(Weld+Mit)
502-1855-02,Mod Ass-BOM;CWDM4 Lite V2.0;FB(Ocl DFB)
502-1856,Mod Ass;CWDM4 Lite V2.0(Weld+Mit+M37244)
502-1879-01,Mod;CWDM4 V2.0(Weld+Mit DFB;MCC Diode)
502-1880-01,Module;CWDM4 V2.0(Weld+Mit;Silergy Loss)
502-1890,Mod;CWDM4 Lite V2.0;FB;Weld+Ocl+M37244
502-1892,Mod Ass-BOM;CLR4 ET Gen1(Ocl;GCS;No MPD)
502-1903-02,Mod Ass-Bom;CWDM4 V2.0;Weld(Ocl+GN2110B)
502-1905-01,Mod Ass-BOM;CWDM4 V2.0;Juniper(Weld+Mit)
502-1908-01,Mod Ass-BOM;QSFP+ LR4 V3.0;Weld+Mit DFB
502-1908-02,Mod Ass-BOM;QSFP+ LR4 V3.0;Weld+Ocl DFB
502-1931,Mod Ass-BOM;CLR4 ET Gen1;Ocl;GCS PD;MPD
502-1945,Mod Ass-B0M;CWDM4 V2.0;Weld(Ocl+GN2105)
502-1986,Mod Ass-BOM;CLR4 Gen1;HT;Ocl;GCS;No MPD
502-2002,Mod Ass-BOM;CWDM4 V2.0(Gen3 Mit+M37244)
502-2003,Mod Ass-BOM;CWDM4 V2.0(Gen3 Mit DFB)
502-2021,Mod Ass-Bom;CWDM4 V2.0;CI(WeldGen3 Mit)
502-2022,Mod Ass-Bom;CWDM4 Lite V2.0;CI(Gen3 Mit)
502-2023,Mod Ass-BOM;CWDM4 V2.0;Juniper(Gen3 Mit)
502-2025,Mod Ass-BOM;CWDM4 Lite V2.0;FB(Gen3 Mit)
502-2026,Mod;CWDM4 Lite V2.0;FB(Gen3 Mit+M37244)
502-2107,Assem BOM;QSFP+ LR4(Semtech_Avago DFB)
502-2109,Mod Ass-Bom;CWDM4 V2;Cisco(Weld+Ocl DFB)
502-2119,Mod Ass-BOM;QSFP+LR4 V3;CWDM4 S Plat_Ocl
502-2178,Mod-Ass;40G QSFP+ LR4 V3.0(Mitsubishi)
502-2204,Mod;100G CLR4 ET Gen1(No MPD)ZTE;Vulcan
502-2205,Mod;100G CLR4 ET Gen1(Mit;MPD)ZTE;Vulcan
502-2209,Mod Ass_BOM;N237;(Ocl+M37244)ZTE Vulcan
502-2219,Mod-Ass;N197;CWDM4 COP V2.0;Amazon;Ocl
502-2241,Mod BOM;TR-FC13T-N257;CWDM4 COP V2.0;std
502-2276,Mod BOM;N74;100G SR4 G3 Toptrans;Blank
502-2298,Mod-Ass BOM;QSFP+ IR4 V3.0(Mit Gen3);std
502-2304,Mod BOM;COP Gen3(SEI;GN2110S;Sif&GCS)
502-2308,Mod Assy;SR4 Gen3;Avago LP Array;Stan
502-2339,Mod Assy BOM;100G AOC Gen3 Avago Vcsel
502-2346,Mod-Ass;CWDM4;Weld(CGR4 Ocl DFB+M37244
502-2375,Mod BOM;QSFP+ IR4/LR4 V3.0(Ocl DFB);AWS
502-2376,Mod-Ass;CWDM4 COP;AWS(Weld+Gen3 Mit DFB)
502-2377,Mod-Ass;CWDM4 COP;AWS(Weld+Oclaro DFB)
502-2388,Mod-Ass;LR4 V3.0;CGR4 G3 Ocl+GCS+GN2110B
502-2389,Mod-Ass;LR4 V3.0;CGR4 G3;Sum+GCS+GN2110B
502-2404,Mod-Asse;CGR4 Gen3(Sumitomo+GCS+GN2110B)
502-2426,Mod- Ass;CWDM4(Weld+Ocl DFB;HL13BSCP00)
502-2437,Mod-Ass;CGR4 Gen3 duplex;Sumi+M37244+GCS
502-2461,Mod Assy BOM;100G AOC Avago LP Vcsel
502-2488,Mod;N53;QSFP+SR4 Gen3;Avago LP VCSEL
502-2502,Mod BOM;N80;100G SR4 G3 LP Avago;Std
502-2515,Mod BOM;TF-FCxxx-N36;100G AOC Gen3;Stand
502-2516,ModBOM;TF-FFDFxxx-N01;100GAOC;Stand_100G
502-2523,Module Assy;100G SR4 G3 Sony Vcsel Std
502-2534,Mod-Ass;CWDM4 COP V2.0;Amazon;Sumitomo
502-2545,Mod BOM;TR-QQ13L-N145 40G QSFP+ LR4;Std
502-2546,Mod BOM;TR-QQ13T-N120 40G QSFP+ IR4;Std
502-2547,ModuleAssy Q28 SR4 G3 100m Cisco
502-2588,Mod BOM;TF-FCxxx-N41;QSFP28 AOC G3;Cisco
502-2590,ModuleAssy Q28 SR4 G3 100m Cisco
502-2602,Mod BOM;TR-FC13T-N307;QSFP28 CWDM4;Cisco
502-2603,Mod BOM;TR-FC13H-H23;QSFP28 CWDM4;Cisco
502-2617,Module Assembly BOM;TR-QQ13T-N97;std
502-2619,Mod BOM;TR-FC13X-N109 Q28 eCWDM4;Alibaba
502-2638,Mod BOM;Q28 AOC G3;BRCM Vcsel Cisco
502-2647,ModuleAssy Q28 SR4 G3;II-VI VCSEL;Std
502-2648,ModuleAssy Q28 AOC G3;II-VI VCSEL;Std
502-2708,Module BOM;100G Q28 SR4 G3;Avago+GCS;Std
502-2709,Mod;40G&100G CWDM4 COP(S-180);AWS(Mit)
502-2723,Mod-Assy;40G LX4 Gen3;HT
502-2729,Mod BOM;Q28 SR4 G3;Avago Vcsel Cisco
502-2730,Mod BOM;Q28 SR4 G3;Sony Vcsel Cisco
502-2776,Mod-Ass BOM;QSFP+ IR4/LR4 V3.0(Mit);AWS
502-2783,Mod BOM;Q28 SR4 G3;Avago+GCS;4L PCB;Std
502-2784,Mod;Q28 SR4 G3;Avago+GCS;4L M6G PCB;Std
502-2795,Mod BOM;Q28 SR4 G3;Avago Vcsel Ciena
502-2806,Mod BOM;TR-FC13X-N116;eCWDM4 Gen3;Ali
502-2810,Mod BOM;N143;100G SR4 Gen3 vago LP;HT
502-2842,Mod BOM;100G SR4 Gen3.1;Std
502-2848,Mod;TR-FC13P-H26 100G Q28 CGR4 Gen3;GL
502-2856,Mod BOM;100G Q28 SR4 G3;Sony Vcsel Cis
502-2881,Mod;TR-FC13P-H29 100G Q28 CGR4;GL(Mit)
502-2894,Mod BOM;QSFP28-SFP28 AOC;QSFP28 end;Std
502-2895,Mod;QSFP28/SFP28 V4S AOC;SFP28 end;Std
502-2921,Mod BOM;CWDM4 COP Gen3.1;Mit+Sif;BK
502-2923,Mod BOM;CWDM4 COP GEN3;Oclaro Recycle;BK
502-2935,Mod BOM;QSFP28-SFP28 AOC;QSFP28 end;Std
502-2936,Mod;QSFP28/SFP28 V4S AOC;SFP28 end;Std
502-2937,Mod Assy BOM;100G AOC Gen3 Avago Vcsel
502-2938,Mod BOM;100G SR4 Gen3;Toptrans Vcsel;Std
502-2945,Mod BOM;CWDM4 Gen3.1 Rx only;Tencent
502-2956,Mod BOM;CWDM4 COP Gen3.1;Oclaro+Sif;BK
502-2957,Mod BOM;CWDM4 COP GEN3;Mit Recycle;BK
502-2991,Mod;TR-QQ13Y-N49 QSFP+ LX4 Gen3;Blank
502-3023,Mod BOM;100G Q28 CLR4(SEI;GN2110S;Sif)
502-3058,Mod BOM;N80;100G SR4 G3 Lumentum;for PDD
502-3059,Mod BOM;N80;100G SR4 G3 Lumentum;for PDD
502-3060,Mod BOM;N80;100GSR4 G3 Lumentumfor baidu
502-3061,Mod BOM;N80;100GSR4 G3 Lumentumfor baidu
502-3062,Mod BOM100GSR4 G3 Lumentum;for Kuaishou
502-3063,Mod BOM;100GSR4 G3 Lumentum;for Kuaishou
502-3093,Module Assy;SR4 G3 Sony Vcsel;SBSYSTEM
502-3124,Mod Assy;N158;40G QSFP+LR4 V3.0 Mit Std
502-3184,Module Assy;SR4 G3 Avago Vcsel;SBSYSTEM
502-3188,Mod BOM QSFP+ IR4 V3.0(100G Mit)Juniper
502-3189,Mod BOM QSFP+ IR4 V3.0(100G Sum)Juniper
502-3207,Mod BOM;COP Gen3(2110S;SEI DFB;Sif PD)
502-3423,Mod BOM;N136 40G QSFP+ IR4 V3.0 HT
502-3424,Mod BOM;N161 40G QSFP+ LR4 V3.0 HT
502-3450,Mod Assy BOM;100G SR4 Gen3;Sony;HP
502-3502,Mod BOM;QSFP28-SFP28 AOC;QSFP28 end;Std
502-3519,Mod BOM;100G 100G AOC Gen3;xxm;Sony;ERI
502-3520,Mod BOM;100G AOC Gen3;xxxm;Sony;Std
503-0084-ID,100G QSFP28 CWDM4 COP 2Km Cisco TH
504-1319,PCBA BOM;QSFP28 CWDM4 COP-Duplex
504-1366,PCBA BOM;QSFP28 LR4 COP
504-1369,PCBA BOM;CWDM4 COP DUPLEX with M37244
504-1385-00,PCBA BOM;CWDM4 COP(GN2105+GN2109);PSNT
504-1399,PCBA BOM CGR4 BiDi Gen3
504-1406,PCBA BOM;SFP28 AOC with GN2147
504-1482,PCBA BOM;100G QSFP28 CLR4 ET Gen1
504-1532,PCBA BOM;CWDM4-Duplex(with MCC Diode)
504-1532-R,PCBA;Duplex(MCC Diode);Recycle
504-1548,PCBA BOM;CWDM4-Duplex;Silerg Loss Switch
504-1550,PCBA; 25GAOC GN2147(Plus_TOSHIBA MOSFET)
504-1553,PCBA;SFP28 AOC GN2147(TOSHIBA MOSFET)
504-1584,OE BOM;25G AOC V4S BRCM LP&ULM(Plus)
504-1585,OE BOM;25G AOC V4S BRCM LP&GCS(Plus)
504-1612,PCBA;SFP28 AOC with GN2147(MCC Diode)
504-1616,PCBA; 25G AOC GN2147(Plus_TI MOSFET)
504-1693,PCBA;CWDM4 COP-Duplex;for prevent
504-1704,OE Ass-BOM;SFP28 AOC V4S BRCM VCSEL&GCS
504-1712,PCBA BOM;25G SFP28 AOC GN2147 ET
504-1718,PCBA BOM;100G QSFP28 SR4 lowcost
504-1728,PCBA BOM;CWDM4 COP Plus(GN2105B+GN2110S)
504-1747,PCBA;100G CLR4 ET;prevent Vulcanization
504-1753,PCBA;COP DUPLEX M37244;Vulcan
504-1815,PCBA BOM;COP-Duplex for MOS loadswitch
504-1817,PCBA BOM;COP-Duplex for TOSHIBA MOS
504-1818,PCBA BOM;SFP28 AOC with Plus MOS TDK
504-1828,PCBA BOM;AOC GN2147 TOSHIBA MOS 16K MCU
504-1829,PCBA BOM;AOC GN2147 TOSHIBA MOS 64K MCU
504-1877,PCBA;COP Gen3;prevent Vulcanizati
504-1878,PCBA BOM;100G SR4 G3;prevent Vulcanizat
504-1936,OE BOM;100G SR4 GEN3 with Sony Vcsel
504-1973,OE BOM;100G Gen3;AVAGO LP+GCS
504-1974,OE BOM;QSFP28 Gen3 Toptrans VCSEL+GCS
504-1976,OE BOM;100G Gen3 AOC;Avago LP Vcsel+GCS
504-1989,OE BOM;100G AOC Gen3 Sony Vcsel
504-2020-CD,PCBA BOM;Semtech DRV+TIA;Std
504-2042,PCBA BOM;500240 lowcost based on Gen3
504-2053,PCBA BOM;500240;4 layer PCB
504-2063,PCBA;100G Q28 SR4 G3 4 layer pure IT180A
504-2120-CD,PCBA BOM;Q28 GEN3.1 RX Only;GN2110S;Std
504-2129-CD,PCBA BOM;100G QSFP28 gen3 AOC ET
541-0001,RX FPC PCBA BOM;500000
542-0007,DSP SMT BOM;Driver MAX24025
562-0099,100G Q28 CWDM4 Lite V2.0 500m Cisco TH
562-0100,100G QSFP28 CWDM4 COP V2.0 2Km Cisco TH
F01__international_others,100G QSFP28 AOC Gen2.0
F02__818,100G QSFP28 SR4 Gen2.0
F02__855,100G QSFP28 SR4 Gen2.0
F02__858,100G QSFP28 SR4 Gen2.0
F02__888,100G QSFP28 SR4 Gen2.0
F02__898,100G QSFP28 SR4 Gen2.0
F02__domestic_others,100G QSFP28 SR4 Gen2.0
F02__international_others,100G QSFP28 SR4 Gen2.0
F11,100G QSFP28 CLR4 non-FEC Gen1.0
F11__888,100G QSFP28 CLR4 non-FEC Gen1.0
F13,100G QSFP28 CWDM4 Gen1.0
F13__domestic_others,100G QSFP28 CWDM4 Gen1.0
F13__international_others,100G QSFP28 CWDM4 Gen1.0
F28,100G QSFP28 AOC Gen3.0
F28__677,100G QSFP28 AOC Gen3.0
F28__818,100G QSFP28 AOC Gen3.0
F28__domestic_others,100G QSFP28 AOC Gen3.0
F28__international_others,100G QSFP28 AOC Gen3.0
F29,100G QSFP28 SR4 Gen3.0
F29__444,100G QSFP28 SR4 Gen3.0
F29__677,100G QSFP28 SR4 Gen3.0
F29__818,100G QSFP28 SR4 Gen3.0
F29__828,100G QSFP28 SR4 Gen3.0
F29__833,100G QSFP28 SR4 Gen3.0
F29__855,100G QSFP28 SR4 Gen3.0
F29__858,100G QSFP28 SR4 Gen3.0
F29__888,100G QSFP28 SR4 Gen3.0
F29__898,100G QSFP28 SR4 Gen3.0
F29__domestic_others,100G QSFP28 SR4 Gen3.0
F29__international_others,100G QSFP28 SR4 Gen3.0
F30,100G QSFP28 CWDM4 Gen3.0
F30__818,100G QSFP28 CWDM4 Gen3.0
F30__833,100G QSFP28 CWDM4 Gen3.0
F30__855,100G QSFP28 CWDM4 Gen3.0
F30__858,100G QSFP28 CWDM4 Gen3.0
F30__888,100G QSFP28 CWDM4 Gen3.0
F30__898,100G QSFP28 CWDM4 Gen3.0
F30__domestic_others,100G QSFP28 CWDM4 Gen3.0
F31,100G QSFP28 eCWDM4 Gen3.0
F31__818,100G QSFP28 eCWDM4 Gen3.0
F33,40G QSFP+ IR4 Gen3.0(100G QSFP28 CWDM4 Gen2.0 platform)
F33__858,40G QSFP+ IR4 Gen3.0(100G QSFP28 CWDM4 Gen2.0 platform)
F33__888,40G QSFP+ IR4 Gen3.0(100G QSFP28 CWDM4 Gen2.0 platform)
F33__domestic_others,40G QSFP+ IR4 Gen3.0(100G QSFP28 CWDM4 Gen2.0 platform)
F35,40G QSFP+ LR4 Gen3.0(100G QSFP28 CWDM4 Gen2.0 platform)
F35__444,40G QSFP+ LR4 Gen3.0(100G QSFP28 CWDM4 Gen2.0 platform)
F35__633,40G QSFP+ LR4 Gen3.0(100G QSFP28 CWDM4 Gen2.0 platform)
F35__688,40G QSFP+ LR4 Gen3.0(100G QSFP28 CWDM4 Gen2.0 platform)
F35__822,40G QSFP+ LR4 Gen3.0(100G QSFP28 CWDM4 Gen2.0 platform)
F35__858,40G QSFP+ LR4 Gen3.0(100G QSFP28 CWDM4 Gen2.0 platform)
F35__888,40G QSFP+ LR4 Gen3.0(100G QSFP28 CWDM4 Gen2.0 platform)
F35__domestic_others,40G QSFP+ LR4 Gen3.0(100G QSFP28 CWDM4 Gen2.0 platform)
F35__international_others,40G QSFP+ LR4 Gen3.0(100G QSFP28 CWDM4 Gen2.0 platform)
F37,40G QSFP+ LX4 Gen3.0(100G QSFP28 CWDM4 Gen3.0 platform)
F37__858,40G QSFP+ LX4 Gen3.0(100G QSFP28 CWDM4 Gen3.0 platform)
F37__888,40G QSFP+ LX4 Gen3.0(100G QSFP28 CWDM4 Gen3.0 platform)
F38,40G QSFP+ SR4 Gen3.0
F38__domestic_others,40G QSFP+ SR4 Gen3.0
F38__international_others,40G QSFP+ SR4 Gen3.0
F40,100G QSFP28 CWDM4 Gen3.1
F40__818,100G QSFP28 CWDM4 Gen3.1
F40__833,100G QSFP28 CWDM4 Gen3.1
F40__855,100G QSFP28 CWDM4 Gen3.1
F40__898,100G QSFP28 CWDM4 Gen3.1
F40__domestic_others,100G QSFP28 CWDM4 Gen3.1
G10,100G QSFP28 to 4x25G SFP28 AOC Gen3.0
G10__domestic_others,100G QSFP28 to 4x25G SFP28 AOC Gen3.0
G10__international_others,100G QSFP28 to 4x25G SFP28 AOC Gen3.0
M09,100G QSFP28 CGR4 Gen3.0 W/CDR
M09__666,100G QSFP28 CGR4 Gen3.0 W/CDR
M51,100G QSFP28 CWDM4 Gen2.0
M51__633,100G QSFP28 CWDM4 Gen2.0
M51__655,100G QSFP28 CWDM4 Gen2.0
M51__666,100G QSFP28 CWDM4 Gen2.0
M51__677,100G QSFP28 CWDM4 Gen2.0
M51__688,100G QSFP28 CWDM4 Gen2.0
M51__818,100G QSFP28 CWDM4 Gen2.0
M51__828,100G QSFP28 CWDM4 Gen2.0
M51__855,100G QSFP28 CWDM4 Gen2.0
M51__858,100G QSFP28 CWDM4 Gen2.0
M51__888,100G QSFP28 CWDM4 Gen2.0
M51__898,100G QSFP28 CWDM4 Gen2.0
M51__domestic_others,100G QSFP28 CWDM4 Gen2.0
M53,100G QSFP28 CWDM4 Lite Gen2.0
M53__677,100G QSFP28 CWDM4 Lite Gen2.0
M91,100G QSFP28 to 2x50G QSFP28 AOC Gen3.0
M91__898,100G QSFP28 to 2x50G QSFP28 AOC Gen3.0
TF-FCxxx-M00__domestic_others,"Virtual Product for FG Substitute "
TF-FCxxx-M00__international_others,"Virtual Product for FG Substitute "
TF-FCxxx-MTL__Intel,"Virtual Product for FG Substitute "
TF-FCxxx-N00__677,"Virtual Product for FG Substitute "
TF-FCxxx-N00__858,"Virtual Product for FG Substitute "
TF-FCxxx-N00__domestic_others,"Virtual Product for FG Substitute "
TF-FCxxx-N00__international_others,"Virtual Product for FG Substitute "
TF-FCxxx-N00__Molex,"Virtual Product for FG Substitute "
TF-FCxxx-N00-H3C__858,"Virtual Product for FG Substitute "
TF-FCxxx-NAA__818,"Virtual Product for FG Substitute "
TF-FCxxx-NAR__655,"Virtual Product for FG Substitute "
TF-FCxxx-NAY__818,"Virtual Product for FG Substitute "
TF-FCxxx-NBK__domestic_others,"Virtual Product for FG Substitute "
TF-FCxxx-NC2__677,"Virtual Product for FG Substitute "
TF-FCxxx-NC4__677,"Virtual Product for FG Substitute "
TF-FCxxx-NCT__Coriant,"Virtual Product for FG Substitute "
TF-FCxxx-NHP__858,"Virtual Product for FG Substitute "
TF-FCxxx-NJC__633,"Virtual Product for FG Substitute "
TF-FCxxx-NTL__Intel,"Virtual Product for FG Substitute "
TF-FPQYxxx-M00__domestic_others,"Virtual Product for FG Substitute "
TF-FPQYxxx-M00__international_others,"Virtual Product for FG Substitute "
TF-FPQYxxx-M01__international_others,"Virtual Product for FG Substitute "
TF-FPQYxxx-N00__domestic_others,"Virtual Product for FG Substitute "
TF-FPQYxxx-NBK__domestic_others,"Virtual Product for FG Substitute "
TF-FPQYxxx-NJC__633,"Virtual Product for FG Substitute "
TF-FPQYxxx-NJC__898,"Virtual Product for FG Substitute "
TF-FPQYxxx-NTL__Intel,"Virtual Product for FG Substitute "
TR-FA85S-NCT__Coriant,"Virtual Product for FG Substitute "
TR-FC13H-H00__888,"Virtual Product for FG Substitute "
TR-FC13H-HCI__677,"Virtual Product for FG Substitute "
TR-FC13H-HF3__678,"Virtual Product for FG Substitute "
TR-FC13H-HFB__678,"Virtual Product for FG Substitute "
TR-FC13H-HFL__678,"Virtual Product for FG Substitute "
TR-FC13P-H00__666,"Virtual Product for FG Substitute "
TR-FC13T-H00__888,"Virtual Product for FG Substitute "
TR-FC13T-N00__655,"Virtual Product for FG Substitute "
TR-FC13T-N00__818,"Virtual Product for FG Substitute "
TR-FC13T-N00__833,"Virtual Product for FG Substitute "
TR-FC13T-N00__855,"Virtual Product for FG Substitute "
TR-FC13T-N00__888,"Virtual Product for FG Substitute "
TR-FC13T-N00__domestic_others,"Virtual Product for FG Substitute "
TR-FC13T-N00__international_others,"Virtual Product for FG Substitute "
TR-FC13T-N00-H3C__858,"Virtual Product for FG Substitute "
TR-FC13T-N4T__858,"Virtual Product for FG Substitute "
TR-FC13T-N4T__888,"Virtual Product for FG Substitute "
TR-FC13T-N4T-H3C__858,"Virtual Product for FG Substitute "
TR-FC13T-N4T-NBK__domestic_others,"Virtual Product for FG Substitute "
TR-FC13T-N4X__858,"Virtual Product for FG Substitute "
TR-FC13T-N4X__888,"Virtual Product for FG Substitute "
TR-FC13T-N4X-H3C__858,"Virtual Product for FG Substitute "
TR-FC13T-NAM__688,"Virtual Product for FG Substitute "
TR-FC13T-NAZ__688,"Virtual Product for FG Substitute "
TR-FC13T-NBK__domestic_others,"Virtual Product for FG Substitute "
TR-FC13T-NBK__international_others,"Virtual Product for FG Substitute "
TR-FC13T-NCI__677,"Virtual Product for FG Substitute "
TR-FC13T-NGL__666,"Virtual Product for FG Substitute "
TR-FC13T-NJ3__633,"Virtual Product for FG Substitute "
TR-FC13T-NTC__898,"Virtual Product for FG Substitute "
TR-FC13T-NTD__898,"Virtual Product for FG Substitute "
TR-FC13T-NW1__688,"Virtual Product for FG Substitute "
TR-FC13T-NWB__688,"Virtual Product for FG Substitute "
TR-FC13T-NWD__688,"Virtual Product for FG Substitute "
TR-FC13T-THP__858,"Virtual Product for FG Substitute "
TR-FC13T-XHP__858,"Virtual Product for FG Substitute "
TR-FC85G-NCI__677,"Virtual Product for FG Substitute "
TR-FC85S-E00__888,"Virtual Product for FG Substitute "
TR-FC85S-E00__domestic_others,"Virtual Product for FG Substitute "
TR-FC85S-H00__888,"Virtual Product for FG Substitute "
TR-FC85S-MTL__Intel,"Virtual Product for FG Substitute "
TR-FC85S-N00__818,"Virtual Product for FG Substitute "
TR-FC85S-N00__828,"Virtual Product for FG Substitute "
TR-FC85S-N00__833,"Virtual Product for FG Substitute "
TR-FC85S-N00__855,"Virtual Product for FG Substitute "
TR-FC85S-N00__858,"Virtual Product for FG Substitute "
TR-FC85S-N00__888,"Virtual Product for FG Substitute "
TR-FC85S-N00__domestic_others,"Virtual Product for FG Substitute "
TR-FC85S-N00__international_others,"Virtual Product for FG Substitute "
TR-FC85S-N00__vitex,"Virtual Product for FG Substitute "
TR-FC85S-N00-H3C__858,"Virtual Product for FG Substitute "
TR-FC85S-N01__833,"Virtual Product for FG Substitute "
TR-FC85S-NAD__international_others,"Virtual Product for FG Substitute "
TR-FC85S-NAR__655,"Virtual Product for FG Substitute "
TR-FC85S-NB2__677,"Virtual Product for FG Substitute "
TR-FC85S-NBK__domestic_others,"Virtual Product for FG Substitute "
TR-FC85S-NBM__677,"Virtual Product for FG Substitute "
TR-FC85S-NC2__677,"Virtual Product for FG Substitute "
TR-FC85S-NC3__677,"Virtual Product for FG Substitute "
TR-FC85S-NCE__international_others,"Virtual Product for FG Substitute "
TR-FC85S-NCN__Ciena,"Virtual Product for FG Substitute "
TR-FC85S-NCT__Coriant,"Virtual Product for FG Substitute "
TR-FC85S-NED__international_others,"Virtual Product for FG Substitute "
TR-FC85S-NES__international_others,"Virtual Product for FG Substitute "
TR-FC85S-NGT__international_others,"Virtual Product for FG Substitute "
TR-FC85S-NHP__858,"Virtual Product for FG Substitute "
TR-FC85S-NIN__international_others,"Virtual Product for FG Substitute "
TR-FC85S-NJC__633,"Virtual Product for FG Substitute "
TR-FC85S-NJP__633,"Virtual Product for FG Substitute "
TR-FC85S-NKS__international_others,"Virtual Product for FG Substitute "
TR-FC85S-NPT__international_others,"Virtual Product for FG Substitute "
TR-FC85S-NPT__Precision,"Virtual Product for FG Substitute "
TR-FC85S-NTC__898,"Virtual Product for FG Substitute "
TR-FC85S-NZT__828,"Virtual Product for FG Substitute "
TR-FC85X-NBK__domestic_others,"Virtual Product for FG Substitute "
TR-FC85X-NJC__633,"Virtual Product for FG Substitute "
TR-FC85X-NPT__Precision,"Virtual Product for FG Substitute "
TR-FD13T-N00__domestic_others,"Virtual Product for FG Substitute "
TR-FD13T-N00__international_others,"Virtual Product for FG Substitute "
TR-FD13T-NAR__655,"Virtual Product for FG Substitute "
TR-FD85S-NCI__677,"Virtual Product for FG Substitute "
TR-FD85S-NGM__Gigamon,"Virtual Product for FG Substitute "
TR-QQ13L-N00__domestic_others,"Virtual Product for FG Substitute "
TR-QQ13L-N00__international_others,"Virtual Product for FG Substitute "
TR-QQ13L-NBK__domestic_others,"Virtual Product for FG Substitute "
TR-QQ13L-NGM__international_others,"Virtual Product for FG Substitute "
TR-QQ13L-NGT__international_others,"Virtual Product for FG Substitute "
TR-QQ13L-NI2__international_others,"Virtual Product for FG Substitute "
TR-QQ13L-NJC__633,"Virtual Product for FG Substitute "
TR-QQ13Y-N00__858,"Virtual Product for FG Substitute "
TR-QQ13Y-N00__888,"Virtual Product for FG Substitute "
TR-QQ85S-N00__domestic_others,"Virtual Product for FG Substitute "
TR-QQ85S-N00__international_others,"Virtual Product for FG Substitute "
TR-QQ85S-NBK__domestic_others,"Virtual Product for FG Substitute "
TR-QQ85X-N00__domestic_others,"Virtual Product for FG Substitute "
TR-QQ85X-NPT__international_others,"Virtual Product for FG Substitute "
VirtualProduct_223-0011_A1,Virtual Product for Raw Material Substitutions
VirtualProduct_223-0012_A1,Virtual Product for Raw Material Substitutions
VirtualProduct_260-0141-01_A1,Virtual Product for Raw Material Substitutions
VirtualProduct_260-0141-01_C1,Virtual Product for Raw Material Substitutions
VirtualProduct_260-0141-02_A1,Virtual Product for Raw Material Substitutions
VirtualProduct_260-0141-02_B1,Virtual Product for Raw Material Substitutions
VirtualProduct_260-0141-02_C1,Virtual Product for Raw Material Substitutions
VirtualProduct_260-0141-02-R_A1,Virtual Product for Raw Material Substitutions
VirtualProduct_260-0141-02-R_A4,Virtual Product for Raw Material Substitutions
VirtualProduct_260-0141-02-R_B1,Virtual Product for Raw Material Substitutions
VirtualProduct_260-0141-03_A1,Virtual Product for Raw Material Substitutions
VirtualProduct_260-0141-03_B1,Virtual Product for Raw Material Substitutions
VirtualProduct_260-0141-03_C1,Virtual Product for Raw Material Substitutions
VirtualProduct_260-0141-04_A1,Virtual Product for Raw Material Substitutions
VirtualProduct_260-0141-04_B1,Virtual Product for Raw Material Substitutions
VirtualProduct_260-0141-04_C1,Virtual Product for Raw Material Substitutions
VirtualProduct_260-0149_A1,Virtual Product for Raw Material Substitutions
VirtualProduct_260-0152-01_B1,Virtual Product for Raw Material Substitutions
VirtualProduct_260-0152-01_C1,Virtual Product for Raw Material Substitutions
VirtualProduct_260-0152-02_A1,Virtual Product for Raw Material Substitutions
VirtualProduct_260-0152-02_B1,Virtual Product for Raw Material Substitutions
VirtualProduct_260-0152-02_C1,Virtual Product for Raw Material Substitutions
VirtualProduct_260-0152-03_A1,Virtual Product for Raw Material Substitutions
VirtualProduct_260-0152-03_B1,Virtual Product for Raw Material Substitutions
VirtualProduct_260-0152-03_C1,Virtual Product for Raw Material Substitutions
VirtualProduct_260-0156_B1,Virtual Product for Raw Material Substitutions
VirtualProduct_260-0156_C1,Virtual Product for Raw Material Substitutions
VirtualProduct_260-0164-01_A1,Virtual Product for Raw Material Substitutions
VirtualProduct_260-0174-02_A1,Virtual Product for Raw Material Substitutions
VirtualProduct_260-0174-02_B1,Virtual Product for Raw Material Substitutions
VirtualProduct_260-0174-02_C1,Virtual Product for Raw Material Substitutions
VirtualProduct_260-0176_B1,Virtual Product for Raw Material Substitutions
VirtualProduct_260-0176_C1,Virtual Product for Raw Material Substitutions
VirtualProduct_260-0198_A1,Virtual Product for Raw Material Substitutions
VirtualProduct_260-0198_B1,Virtual Product for Raw Material Substitutions
VirtualProduct_260-0198_C1,Virtual Product for Raw Material Substitutions
VirtualProduct_260-0199_A1,Virtual Product for Raw Material Substitutions
VirtualProduct_260-0199_B1,Virtual Product for Raw Material Substitutions
VirtualProduct_260-0199_C1,Virtual Product for Raw Material Substitutions
VirtualProduct_260-0199-R_A1,Virtual Product for Raw Material Substitutions
VirtualProduct_260-0199-R_A4,Virtual Product for Raw Material Substitutions
VirtualProduct_260-0199-R_A5,Virtual Product for Raw Material Substitutions
VirtualProduct_260-0209_A1,Virtual Product for Raw Material Substitutions
VirtualProduct_260-0233_A1,Virtual Product for Raw Material Substitutions
VirtualProduct_260-0233_B1,Virtual Product for Raw Material Substitutions
VirtualProduct_260-0233_C1,Virtual Product for Raw Material Substitutions
VirtualProduct_260-0247_A1,Virtual Product for Raw Material Substitutions
VirtualProduct_260-0247_C1,Virtual Product for Raw Material Substitutions
VirtualProduct_260-0250_A1,Virtual Product for Raw Material Substitutions
VirtualProduct_260-0261_A1,Virtual Product for Raw Material Substitutions
VirtualProduct_260-0261_B1,Virtual Product for Raw Material Substitutions
VirtualProduct_260-0261_C1,Virtual Product for Raw Material Substitutions
VirtualProduct_260-0267_B1,Virtual Product for Raw Material Substitutions
VirtualProduct_260-0267_C1,Virtual Product for Raw Material Substitutions
VirtualProduct_260-0274_A1,Virtual Product for Raw Material Substitutions
VirtualProduct_260-0298_A1,Virtual Product for Raw Material Substitutions
VirtualProduct_260-0306_A1,Virtual Product for Raw Material Substitutions
VirtualProduct_260-0325_A1,Virtual Product for Raw Material Substitutions
VirtualProduct_260-0385_T2,Virtual Product for Raw Material Substitutions
VirtualProduct_260-0385_T3,Virtual Product for Raw Material Substitutions
VirtualProduct_260-0417_A1,Virtual Product for Raw Material Substitutions
VirtualProduct_260-0555_A1,Virtual Product for Raw Material Substitutions
VirtualProduct_262-0004_A1,Virtual Product for Raw Material Substitutions
VirtualProduct_262-0005_A1,Virtual Product for Raw Material Substitutions
VirtualProduct_262-0026_A1,Virtual Product for Raw Material Substitutions
VirtualProduct_262-0026_B1,Virtual Product for Raw Material Substitutions
VirtualProduct_262-0058-CD_A1,Virtual Product for Raw Material Substitutions
VirtualProduct_262-0101-CD_A1,Virtual Product for Raw Material Substitutions
VirtualProduct_262-0127-CD_A1,Virtual Product for Raw Material Substitutions
VirtualProduct_262-0128-CD_A1,Virtual Product for Raw Material Substitutions
VirtualProduct_262-0137-CD_A1,Virtual Product for Raw Material Substitutions
VirtualProduct_262-0197-CD_A1,Virtual Product for Raw Material Substitutions
VirtualProduct_280-0926_A1,Virtual Product for Raw Material Substitutions
VirtualProduct_280-0926-02_A1,Virtual Product for Raw Material Substitutions
VirtualProduct_280-0927_A1,Virtual Product for Raw Material Substitutions
VirtualProduct_280-0927_A2,Virtual Product for Raw Material Substitutions
VirtualProduct_280-1020_A1,Virtual Product for Raw Material Substitutions
VirtualProduct_280-1041_A1,Virtual Product for Raw Material Substitutions
VirtualProduct_280-1041_A2,Virtual Product for Raw Material Substitutions
VirtualProduct_280-1049-27_A3,Virtual Product for Raw Material Substitutions
VirtualProduct_280-1049-29_A3,Virtual Product for Raw Material Substitutions
VirtualProduct_280-1049-33_A3,Virtual Product for Raw Material Substitutions
VirtualProduct_280-1050_B1,Virtual Product for Raw Material Substitutions
VirtualProduct_280-1050-02_A1,Virtual Product for Raw Material Substitutions
VirtualProduct_280-1083_A1,Virtual Product for Raw Material Substitutions
VirtualProduct_280-1083_A2,Virtual Product for Raw Material Substitutions
VirtualProduct_280-1085_A1,Virtual Product for Raw Material Substitutions
VirtualProduct_280-1085_A2,Virtual Product for Raw Material Substitutions
VirtualProduct_280-1148_A1,Virtual Product for Raw Material Substitutions
VirtualProduct_280-1148_A2,Virtual Product for Raw Material Substitutions
VirtualProduct_280-1156_A1,Virtual Product for Raw Material Substitutions
VirtualProduct_280-1156_A3,Virtual Product for Raw Material Substitutions
VirtualProduct_280-1158_A1,Virtual Product for Raw Material Substitutions
VirtualProduct_280-1158_A2,Virtual Product for Raw Material Substitutions
VirtualProduct_280-1158_A3,Virtual Product for Raw Material Substitutions
VirtualProduct_280-1158_A4,Virtual Product for Raw Material Substitutions
VirtualProduct_280-1158_A5,Virtual Product for Raw Material Substitutions
VirtualProduct_280-1159_A1,Virtual Product for Raw Material Substitutions
VirtualProduct_280-1159_A2,Virtual Product for Raw Material Substitutions
VirtualProduct_280-1159_A3,Virtual Product for Raw Material Substitutions
VirtualProduct_280-1159_A4,Virtual Product for Raw Material Substitutions
VirtualProduct_280-1159_B1,Virtual Product for Raw Material Substitutions
VirtualProduct_280-1159_D1,Virtual Product for Raw Material Substitutions
VirtualProduct_280-1159-R_A1,Virtual Product for Raw Material Substitutions
VirtualProduct_280-1159-R_A2,Virtual Product for Raw Material Substitutions
VirtualProduct_280-1159-R_A3,Virtual Product for Raw Material Substitutions
VirtualProduct_280-1159-R_A4,Virtual Product for Raw Material Substitutions
VirtualProduct_280-1160-01_A1,Virtual Product for Raw Material Substitutions
VirtualProduct_280-1160-01_A2,Virtual Product for Raw Material Substitutions
VirtualProduct_280-1160-02_A1,Virtual Product for Raw Material Substitutions
VirtualProduct_280-1160-02-R_A1,Virtual Product for Raw Material Substitutions
VirtualProduct_280-1160-02-R_A2,Virtual Product for Raw Material Substitutions
VirtualProduct_280-1160-02-R_A3,Virtual Product for Raw Material Substitutions
VirtualProduct_280-1160-02-R_A4,Virtual Product for Raw Material Substitutions
VirtualProduct_280-1160-02-R_A5,Virtual Product for Raw Material Substitutions
VirtualProduct_280-1160-03_A1,Virtual Product for Raw Material Substitutions
VirtualProduct_280-1160-03_A2,Virtual Product for Raw Material Substitutions
VirtualProduct_280-1160-04_A1,Virtual Product for Raw Material Substitutions
VirtualProduct_280-1160-04_A2,Virtual Product for Raw Material Substitutions
VirtualProduct_280-1189_A1,Virtual Product for Raw Material Substitutions
VirtualProduct_280-1189-02_A1,Virtual Product for Raw Material Substitutions
VirtualProduct_280-1190_A1,Virtual Product for Raw Material Substitutions
VirtualProduct_280-1190-02_A1,Virtual Product for Raw Material Substitutions
VirtualProduct_280-1192-01_A1,Virtual Product for Raw Material Substitutions
VirtualProduct_280-1192-02_A2,Virtual Product for Raw Material Substitutions
VirtualProduct_280-1192-03_A1,Virtual Product for Raw Material Substitutions
VirtualProduct_280-1193_A1,Virtual Product for Raw Material Substitutions
VirtualProduct_280-1193_A2,Virtual Product for Raw Material Substitutions
VirtualProduct_280-1193_A3,Virtual Product for Raw Material Substitutions
VirtualProduct_280-1201_A1,Virtual Product for Raw Material Substitutions
VirtualProduct_280-1201_A2,Virtual Product for Raw Material Substitutions
VirtualProduct_280-1203-01_A1,Virtual Product for Raw Material Substitutions
VirtualProduct_280-1203-01_A2,Virtual Product for Raw Material Substitutions
VirtualProduct_280-1203-02_A1,Virtual Product for Raw Material Substitutions
VirtualProduct_280-1203-02_A2,Virtual Product for Raw Material Substitutions
VirtualProduct_280-1203-03_A1,Virtual Product for Raw Material Substitutions
VirtualProduct_280-1203-03_A2,Virtual Product for Raw Material Substitutions
VirtualProduct_280-1205_A1,Virtual Product for Raw Material Substitutions
VirtualProduct_280-1210-02_A1,Virtual Product for Raw Material Substitutions
VirtualProduct_280-1211-01_A1,Virtual Product for Raw Material Substitutions
VirtualProduct_280-1211-01_A2,Virtual Product for Raw Material Substitutions
VirtualProduct_280-1212-01_A1,Virtual Product for Raw Material Substitutions
VirtualProduct_280-1212-02_A1,Virtual Product for Raw Material Substitutions
VirtualProduct_280-1213-01_A1,Virtual Product for Raw Material Substitutions
VirtualProduct_280-1213-01_A2,Virtual Product for Raw Material Substitutions
VirtualProduct_280-1227_A1,Virtual Product for Raw Material Substitutions
VirtualProduct_280-1227_A2,Virtual Product for Raw Material Substitutions
VirtualProduct_280-1229-02_A1,Virtual Product for Raw Material Substitutions
VirtualProduct_280-1245-01_A1,Virtual Product for Raw Material Substitutions
VirtualProduct_280-1245-02_A1,Virtual Product for Raw Material Substitutions
VirtualProduct_280-1246_A1,Virtual Product for Raw Material Substitutions
VirtualProduct_280-1246_A2,Virtual Product for Raw Material Substitutions
VirtualProduct_280-1312-31_A1,Virtual Product for Raw Material Substitutions
VirtualProduct_280-1313_A1,Virtual Product for Raw Material Substitutions
VirtualProduct_280-1314_A1,Virtual Product for Raw Material Substitutions
VirtualProduct_280-1314_A2,Virtual Product for Raw Material Substitutions
VirtualProduct_280-1314-R_A1,Virtual Product for Raw Material Substitutions
VirtualProduct_280-1314-R_A2,Virtual Product for Raw Material Substitutions
VirtualProduct_280-1314-R_A3,Virtual Product for Raw Material Substitutions
VirtualProduct_280-1314-R_A4,Virtual Product for Raw Material Substitutions
VirtualProduct_280-1314-R_A5,Virtual Product for Raw Material Substitutions
VirtualProduct_280-1335_A1,Virtual Product for Raw Material Substitutions
VirtualProduct_280-1335_A3,Virtual Product for Raw Material Substitutions
VirtualProduct_280-1336_A1,Virtual Product for Raw Material Substitutions
VirtualProduct_280-1390_C1,Virtual Product for Raw Material Substitutions
VirtualProduct_280-1392_A3,Virtual Product for Raw Material Substitutions
VirtualProduct_280-1392_A4,Virtual Product for Raw Material Substitutions
VirtualProduct_280-1404_A1,Virtual Product for Raw Material Substitutions
VirtualProduct_280-1405_A3,Virtual Product for Raw Material Substitutions
VirtualProduct_280-1428_A1,Virtual Product for Raw Material Substitutions
VirtualProduct_280-1428_C1,Virtual Product for Raw Material Substitutions
VirtualProduct_280-1456_A1,Virtual Product for Raw Material Substitutions
VirtualProduct_280-1458_A1,Virtual Product for Raw Material Substitutions
VirtualProduct_280-1464_A1,Virtual Product for Raw Material Substitutions
VirtualProduct_280-1464_A2,Virtual Product for Raw Material Substitutions
VirtualProduct_280-1464_A3,Virtual Product for Raw Material Substitutions
VirtualProduct_280-1464_A4,Virtual Product for Raw Material Substitutions
VirtualProduct_280-1465_A1,Virtual Product for Raw Material Substitutions
VirtualProduct_280-1465_A2,Virtual Product for Raw Material Substitutions
VirtualProduct_280-1475_C1,Virtual Product for Raw Material Substitutions
VirtualProduct_280-1480-27_AA,Virtual Product for Raw Material Substitutions
VirtualProduct_280-1480-29_AA,Virtual Product for Raw Material Substitutions
VirtualProduct_280-1480-31_AA,Virtual Product for Raw Material Substitutions
VirtualProduct_280-1480-33_AA,Virtual Product for Raw Material Substitutions
VirtualProduct_280-1481_A1,Virtual Product for Raw Material Substitutions
VirtualProduct_280-1497-40_B1,Virtual Product for Raw Material Substitutions
VirtualProduct_280-1497-40_C1,Virtual Product for Raw Material Substitutions
VirtualProduct_280-1499_A1,Virtual Product for Raw Material Substitutions
VirtualProduct_280-1524_A1,Virtual Product for Raw Material Substitutions
VirtualProduct_280-1524_A2,Virtual Product for Raw Material Substitutions
VirtualProduct_280-1524_A3,Virtual Product for Raw Material Substitutions
VirtualProduct_280-1524_A4,Virtual Product for Raw Material Substitutions
VirtualProduct_280-1524_A5,Virtual Product for Raw Material Substitutions
VirtualProduct_280-1575_A1,Virtual Product for Raw Material Substitutions
VirtualProduct_280-1575_A2,Virtual Product for Raw Material Substitutions
VirtualProduct_280-1575_A3,Virtual Product for Raw Material Substitutions
VirtualProduct_280-1575_A4,Virtual Product for Raw Material Substitutions
VirtualProduct_280-1575_A5,Virtual Product for Raw Material Substitutions
VirtualProduct_280-1593_T1,Virtual Product for Raw Material Substitutions
VirtualProduct_280-1593_T2,Virtual Product for Raw Material Substitutions
VirtualProduct_280-1593_T3,Virtual Product for Raw Material Substitutions
VirtualProduct_280-1593_T4,Virtual Product for Raw Material Substitutions
VirtualProduct_280-1593_T5,Virtual Product for Raw Material Substitutions
VirtualProduct_280-1594_A1,Virtual Product for Raw Material Substitutions
VirtualProduct_280-1594_P1,Virtual Product for Raw Material Substitutions
VirtualProduct_280-1600-20_A1,Virtual Product for Raw Material Substitutions
VirtualProduct_280-1600-20_B1,Virtual Product for Raw Material Substitutions
VirtualProduct_280-1600-20_C1,Virtual Product for Raw Material Substitutions
VirtualProduct_280-1638_T1,Virtual Product for Raw Material Substitutions
VirtualProduct_280-1638_T2,Virtual Product for Raw Material Substitutions
VirtualProduct_280-1638_T3,Virtual Product for Raw Material Substitutions
VirtualProduct_280-1638_T4,Virtual Product for Raw Material Substitutions
VirtualProduct_280-1638_T5,Virtual Product for Raw Material Substitutions
VirtualProduct_280-1638_T6,Virtual Product for Raw Material Substitutions
VirtualProduct_280-1638_T7,Virtual Product for Raw Material Substitutions
VirtualProduct_280-1663_A1,Virtual Product for Raw Material Substitutions
VirtualProduct_280-1663_A2,Virtual Product for Raw Material Substitutions
VirtualProduct_280-1663_A3,Virtual Product for Raw Material Substitutions
VirtualProduct_280-1663_A4,Virtual Product for Raw Material Substitutions
VirtualProduct_280-1663-R_A1,Virtual Product for Raw Material Substitutions
VirtualProduct_280-1663-R_A2,Virtual Product for Raw Material Substitutions
VirtualProduct_280-1663-R_A3,Virtual Product for Raw Material Substitutions
VirtualProduct_280-1663-R_A4,Virtual Product for Raw Material Substitutions
VirtualProduct_280-1663-R_A5,Virtual Product for Raw Material Substitutions
VirtualProduct_280-1663-R_A6,Virtual Product for Raw Material Substitutions
VirtualProduct_280-1663-R_A7,Virtual Product for Raw Material Substitutions
VirtualProduct_280-1663-R_A8,Virtual Product for Raw Material Substitutions
VirtualProduct_280-1786_T1,Virtual Product for Raw Material Substitutions
VirtualProduct_280-1786_T2,Virtual Product for Raw Material Substitutions
VirtualProduct_280-1786_T3,Virtual Product for Raw Material Substitutions
VirtualProduct_280-1786_T4,Virtual Product for Raw Material Substitutions
VirtualProduct_280-1786_T5,Virtual Product for Raw Material Substitutions
VirtualProduct_280-1786_T6,Virtual Product for Raw Material Substitutions
VirtualProduct_280-1802_A1,Virtual Product for Raw Material Substitutions
VirtualProduct_280-1802_B1,Virtual Product for Raw Material Substitutions
VirtualProduct_280-1802_C1,Virtual Product for Raw Material Substitutions
VirtualProduct_280-1802_D1,Virtual Product for Raw Material Substitutions
VirtualProduct_280-1803_A1,Virtual Product for Raw Material Substitutions
VirtualProduct_280-1803_B1,Virtual Product for Raw Material Substitutions
VirtualProduct_280-1803_C1,Virtual Product for Raw Material Substitutions
VirtualProduct_280-1803_D1,Virtual Product for Raw Material Substitutions
VirtualProduct_280-1805_A1,Virtual Product for Raw Material Substitutions
VirtualProduct_280-1805_B1,Virtual Product for Raw Material Substitutions
VirtualProduct_280-1805_D1,Virtual Product for Raw Material Substitutions
VirtualProduct_280-1806_A1,Virtual Product for Raw Material Substitutions
VirtualProduct_280-1806_B1,Virtual Product for Raw Material Substitutions
VirtualProduct_280-1806_C1,Virtual Product for Raw Material Substitutions
VirtualProduct_280-1806_D1,Virtual Product for Raw Material Substitutions
VirtualProduct_280-1806-R_A1,Virtual Product for Raw Material Substitutions
VirtualProduct_280-1806-R_B1,Virtual Product for Raw Material Substitutions
VirtualProduct_280-1806-R_C1,Virtual Product for Raw Material Substitutions
VirtualProduct_280-1806-R_D1,Virtual Product for Raw Material Substitutions
VirtualProduct_280-1806-R_E1,Virtual Product for Raw Material Substitutions
VirtualProduct_280-1806-R_F1,Virtual Product for Raw Material Substitutions
VirtualProduct_280-1806-R_G1,Virtual Product for Raw Material Substitutions
VirtualProduct_280-1806-R_H1,Virtual Product for Raw Material Substitutions
VirtualProduct_280-1807_A1,Virtual Product for Raw Material Substitutions
VirtualProduct_280-1807_B1,Virtual Product for Raw Material Substitutions
VirtualProduct_280-1807_C1,Virtual Product for Raw Material Substitutions
VirtualProduct_280-1807_D1,Virtual Product for Raw Material Substitutions
VirtualProduct_280-1811_A1,Virtual Product for Raw Material Substitutions
VirtualProduct_280-1811_B1,Virtual Product for Raw Material Substitutions
VirtualProduct_280-1811_C1,Virtual Product for Raw Material Substitutions
VirtualProduct_280-1814_A1,Virtual Product for Raw Material Substitutions
VirtualProduct_280-1814_B1,Virtual Product for Raw Material Substitutions
VirtualProduct_280-1814_C1,Virtual Product for Raw Material Substitutions
VirtualProduct_280-1816_A1,Virtual Product for Raw Material Substitutions
VirtualProduct_280-1816_B1,Virtual Product for Raw Material Substitutions
VirtualProduct_280-1816_C1,Virtual Product for Raw Material Substitutions
VirtualProduct_280-1817_A1,Virtual Product for Raw Material Substitutions
VirtualProduct_280-1817_C1,Virtual Product for Raw Material Substitutions
VirtualProduct_280-1822_A1,Virtual Product for Raw Material Substitutions
VirtualProduct_280-1822_A3,Virtual Product for Raw Material Substitutions
VirtualProduct_280-1822_B1,Virtual Product for Raw Material Substitutions
VirtualProduct_280-1826_A1,Virtual Product for Raw Material Substitutions
VirtualProduct_280-1826_A3,Virtual Product for Raw Material Substitutions
VirtualProduct_280-1826_B1,Virtual Product for Raw Material Substitutions
VirtualProduct_280-1878_T6,Virtual Product for Raw Material Substitutions
VirtualProduct_280-1878_T7,Virtual Product for Raw Material Substitutions
VirtualProduct_280-1916-CD_B1,Virtual Product for Raw Material Substitutions
VirtualProduct_280-1928_A1,Virtual Product for Raw Material Substitutions
VirtualProduct_280-1928_B1,Virtual Product for Raw Material Substitutions
VirtualProduct_280-1928_D1,Virtual Product for Raw Material Substitutions
VirtualProduct_280-1962-CD_A1,Virtual Product for Raw Material Substitutions
VirtualProduct_280-1962-CD_B1,Virtual Product for Raw Material Substitutions
VirtualProduct_280-1963-CD_A1,Virtual Product for Raw Material Substitutions
VirtualProduct_280-1964-CD_A1,Virtual Product for Raw Material Substitutions
VirtualProduct_280-1965-CD_A1,Virtual Product for Raw Material Substitutions
VirtualProduct_280-1965-CD_B1,Virtual Product for Raw Material Substitutions
VirtualProduct_280-1975-CD_A1,Virtual Product for Raw Material Substitutions
VirtualProduct_280-2169_P1,Virtual Product for Raw Material Substitutions
VirtualProduct_280-2169_T1,Virtual Product for Raw Material Substitutions
VirtualProduct_280-2169_T2,Virtual Product for Raw Material Substitutions
VirtualProduct_280-2169_T3,Virtual Product for Raw Material Substitutions
VirtualProduct_280-2169_T4,Virtual Product for Raw Material Substitutions
VirtualProduct_280-2169_T5,Virtual Product for Raw Material Substitutions
VirtualProduct_500-3817-04_A2,Virtual Product for Raw Material Substitutions
VirtualProduct_500-3820-04_A2,Virtual Product for Raw Material Substitutions
VirtualProduct_500-3953-06-TW_A1,Virtual Product for Raw Material Substitutions
VirtualProduct_500-4294-02-TW_A1,Virtual Product for Raw Material Substitutions
VirtualProduct_500-4294-02-TW_A2,Virtual Product for Raw Material Substitutions
VirtualProduct_500-4295-02-TW_A1,Virtual Product for Raw Material Substitutions
VirtualProduct_500-4295-02-TW_A2,Virtual Product for Raw Material Substitutions
VirtualProduct_500-4961-003_A1,Virtual Product for Raw Material Substitutions
VirtualProduct_500-4961-005_A1,Virtual Product for Raw Material Substitutions
VirtualProduct_500-4961-007_A1,Virtual Product for Raw Material Substitutions
VirtualProduct_500-4961-010_A1,Virtual Product for Raw Material Substitutions
VirtualProduct_500-4961-030_A1,Virtual Product for Raw Material Substitutions
VirtualProduct_500-4962-010_A1,Virtual Product for Raw Material Substitutions
VirtualProduct_500-5008-TW_A2,Virtual Product for Raw Material Substitutions
VirtualProduct_500-5009-TW_A2,Virtual Product for Raw Material Substitutions
VirtualProduct_500-5071-TW_A2,Virtual Product for Raw Material Substitutions
VirtualProduct_500-5215-010_A1,Virtual Product for Raw Material Substitutions
VirtualProduct_500-5216-003_A1,Virtual Product for Raw Material Substitutions
VirtualProduct_500-5216-005_A1,Virtual Product for Raw Material Substitutions
VirtualProduct_500-5216-007_A1,Virtual Product for Raw Material Substitutions
VirtualProduct_500-5216-010_A1,Virtual Product for Raw Material Substitutions
VirtualProduct_500-5216-030_A1,Virtual Product for Raw Material Substitutions
VirtualProduct_500-5391-001_A1,Virtual Product for Raw Material Substitutions
VirtualProduct_500-5391-002_A1,Virtual Product for Raw Material Substitutions
VirtualProduct_500-5391-003_A1,Virtual Product for Raw Material Substitutions
VirtualProduct_500-5391-005_A1,Virtual Product for Raw Material Substitutions
VirtualProduct_500-5391-007_A1,Virtual Product for Raw Material Substitutions
VirtualProduct_500-5391-010_A1,Virtual Product for Raw Material Substitutions
VirtualProduct_500-5391-015_A1,Virtual Product for Raw Material Substitutions
VirtualProduct_500-5495-001_A1,Virtual Product for Raw Material Substitutions
VirtualProduct_500-5495-002_A1,Virtual Product for Raw Material Substitutions
VirtualProduct_500-5495-003_A1,Virtual Product for Raw Material Substitutions
VirtualProduct_500-5495-005_A1,Virtual Product for Raw Material Substitutions
VirtualProduct_500-5495-007_A1,Virtual Product for Raw Material Substitutions
VirtualProduct_500-5495-010_A1,Virtual Product for Raw Material Substitutions
VirtualProduct_500-5495-015_A1,Virtual Product for Raw Material Substitutions
VirtualProduct_500-5495-025_A1,Virtual Product for Raw Material Substitutions
VirtualProduct_500-5495-030_A1,Virtual Product for Raw Material Substitutions
VirtualProduct_500-5586_A1,Virtual Product for Raw Material Substitutions
VirtualProduct_500-5614-001_A1,Virtual Product for Raw Material Substitutions
VirtualProduct_500-5614-002_A1,Virtual Product for Raw Material Substitutions
VirtualProduct_500-5614-003_A1,Virtual Product for Raw Material Substitutions
VirtualProduct_500-5614-005_A1,Virtual Product for Raw Material Substitutions
VirtualProduct_500-5614-007_A1,Virtual Product for Raw Material Substitutions
VirtualProduct_500-5614-010_A1,Virtual Product for Raw Material Substitutions
VirtualProduct_500-5614-015_A1,Virtual Product for Raw Material Substitutions
VirtualProduct_500-5614-025_A1,Virtual Product for Raw Material Substitutions
VirtualProduct_500-5614-030_A1,Virtual Product for Raw Material Substitutions
VirtualProduct_500-5615-001_A1,Virtual Product for Raw Material Substitutions
VirtualProduct_500-5615-002_A1,Virtual Product for Raw Material Substitutions
VirtualProduct_500-5615-003_A1,Virtual Product for Raw Material Substitutions
VirtualProduct_500-5615-005_A1,Virtual Product for Raw Material Substitutions
VirtualProduct_500-5615-007_A1,Virtual Product for Raw Material Substitutions
VirtualProduct_500-5615-010_A1,Virtual Product for Raw Material Substitutions
VirtualProduct_500-5615-015_A1,Virtual Product for Raw Material Substitutions
VirtualProduct_500-5615-025_A1,Virtual Product for Raw Material Substitutions
VirtualProduct_500-5615-030_A1,Virtual Product for Raw Material Substitutions
VirtualProduct_500-5633-003_A1,Virtual Product for Raw Material Substitutions
VirtualProduct_500-5633-005_A1,Virtual Product for Raw Material Substitutions
VirtualProduct_500-5633-007_A1,Virtual Product for Raw Material Substitutions
VirtualProduct_500-5633-010_A1,Virtual Product for Raw Material Substitutions
VirtualProduct_500-5633-030_A1,Virtual Product for Raw Material Substitutions
VirtualProduct_500-5851_A1,Virtual Product for Raw Material Substitutions
VirtualProduct_500-5988_A1,Virtual Product for Raw Material Substitutions
VirtualProduct_500-6250-003_A1,Virtual Product for Raw Material Substitutions
VirtualProduct_500-6250-005_A1,Virtual Product for Raw Material Substitutions
VirtualProduct_500-6250-007_A1,Virtual Product for Raw Material Substitutions
VirtualProduct_500-6250-010_A1,Virtual Product for Raw Material Substitutions
VirtualProduct_500-6283-003_A1,Virtual Product for Raw Material Substitutions
VirtualProduct_500-6283-005_A1,Virtual Product for Raw Material Substitutions
VirtualProduct_500-6283-007_A1,Virtual Product for Raw Material Substitutions
VirtualProduct_500-6283-010_A1,Virtual Product for Raw Material Substitutions
VirtualProduct_500-6283-015_A1,Virtual Product for Raw Material Substitutions
VirtualProduct_500-6357-001_A1,Virtual Product for Raw Material Substitutions
VirtualProduct_500-6357-003_A1,Virtual Product for Raw Material Substitutions
VirtualProduct_500-6357-005_A1,Virtual Product for Raw Material Substitutions
VirtualProduct_500-6357-007_A1,Virtual Product for Raw Material Substitutions
VirtualProduct_500-6357-010_A1,Virtual Product for Raw Material Substitutions
VirtualProduct_500-6357-015_A1,Virtual Product for Raw Material Substitutions
VirtualProduct_500-6357-030_A1,Virtual Product for Raw Material Substitutions
VirtualProduct_500-6382-001_A1,Virtual Product for Raw Material Substitutions
VirtualProduct_500-6382-003_A1,Virtual Product for Raw Material Substitutions
VirtualProduct_500-6382-005_A1,Virtual Product for Raw Material Substitutions
VirtualProduct_500-6382-007_A1,Virtual Product for Raw Material Substitutions
VirtualProduct_500-6382-010_A1,Virtual Product for Raw Material Substitutions
VirtualProduct_500-6382-015_A1,Virtual Product for Raw Material Substitutions
VirtualProduct_500-6382-030_A1,Virtual Product for Raw Material Substitutions
VirtualProduct_500-6383-001_A1,Virtual Product for Raw Material Substitutions
VirtualProduct_500-6383-003_A1,Virtual Product for Raw Material Substitutions
VirtualProduct_500-6383-005_A1,Virtual Product for Raw Material Substitutions
VirtualProduct_500-6383-007_A1,Virtual Product for Raw Material Substitutions
VirtualProduct_500-6383-010_A1,Virtual Product for Raw Material Substitutions
VirtualProduct_500-6383-015_A1,Virtual Product for Raw Material Substitutions
VirtualProduct_500-6383-030_A1,Virtual Product for Raw Material Substitutions
VirtualProduct_500-7206-003_A1,Virtual Product for Raw Material Substitutions
VirtualProduct_500-7206-005_A1,Virtual Product for Raw Material Substitutions
VirtualProduct_500-7206-007_A1,Virtual Product for Raw Material Substitutions
VirtualProduct_500-7206-010_A1,Virtual Product for Raw Material Substitutions
VirtualProduct_500-7206-015_A1,Virtual Product for Raw Material Substitutions
VirtualProduct_500-7207-001_A1,Virtual Product for Raw Material Substitutions
VirtualProduct_500-7207-002_A1,Virtual Product for Raw Material Substitutions
VirtualProduct_500-7207-003_A1,Virtual Product for Raw Material Substitutions
VirtualProduct_500-7207-005_A1,Virtual Product for Raw Material Substitutions
VirtualProduct_500-7207-007_A1,Virtual Product for Raw Material Substitutions
VirtualProduct_500-7207-010_A1,Virtual Product for Raw Material Substitutions
VirtualProduct_500-7207-015_A1,Virtual Product for Raw Material Substitutions
VirtualProduct_500-7207-025_A1,Virtual Product for Raw Material Substitutions
VirtualProduct_500-7207-030_A1,Virtual Product for Raw Material Substitutions
VirtualProduct_502-1678_A1,Virtual Product for Raw Material Substitutions
VirtualProduct_502-1678_A3,Virtual Product for Raw Material Substitutions
VirtualProduct_502-1693_A1,Virtual Product for Raw Material Substitutions
VirtualProduct_502-1693_A3,Virtual Product for Raw Material Substitutions
VirtualProduct_502-1713_A1,Virtual Product for Raw Material Substitutions
VirtualProduct_502-1713_A2,Virtual Product for Raw Material Substitutions
VirtualProduct_502-1728_A1,Virtual Product for Raw Material Substitutions
VirtualProduct_502-1728_A2,Virtual Product for Raw Material Substitutions
VirtualProduct_502-1733_A1,Virtual Product for Raw Material Substitutions
VirtualProduct_502-1733_A2,Virtual Product for Raw Material Substitutions
VirtualProduct_502-1783-02_A1,Virtual Product for Raw Material Substitutions
VirtualProduct_502-1783-02_A2,Virtual Product for Raw Material Substitutions
VirtualProduct_502-1783-02_A3,Virtual Product for Raw Material Substitutions
VirtualProduct_502-1783-02-RW_A1,Virtual Product for Raw Material Substitutions
VirtualProduct_502-1793_B3,Virtual Product for Raw Material Substitutions
VirtualProduct_502-1818_A1,Virtual Product for Raw Material Substitutions
VirtualProduct_502-1818_A2,Virtual Product for Raw Material Substitutions
VirtualProduct_502-1822_A1,Virtual Product for Raw Material Substitutions
VirtualProduct_502-1822_A2,Virtual Product for Raw Material Substitutions
VirtualProduct_502-1822_A3,Virtual Product for Raw Material Substitutions
VirtualProduct_502-1847-01_A1,Virtual Product for Raw Material Substitutions
VirtualProduct_502-1847-01_A3,Virtual Product for Raw Material Substitutions
VirtualProduct_502-1847-02_A1,Virtual Product for Raw Material Substitutions
VirtualProduct_502-1847-02_A3,Virtual Product for Raw Material Substitutions
VirtualProduct_502-1847-03_A1,Virtual Product for Raw Material Substitutions
VirtualProduct_502-1847-03_A3,Virtual Product for Raw Material Substitutions
VirtualProduct_502-1853_A1,Virtual Product for Raw Material Substitutions
VirtualProduct_502-1853_A2,Virtual Product for Raw Material Substitutions
VirtualProduct_502-1853_A3,Virtual Product for Raw Material Substitutions
VirtualProduct_502-1855-02_A4,Virtual Product for Raw Material Substitutions
VirtualProduct_502-1880-01_A1,Virtual Product for Raw Material Substitutions
VirtualProduct_502-1880-01_A2,Virtual Product for Raw Material Substitutions
VirtualProduct_502-1892_A1,Virtual Product for Raw Material Substitutions
VirtualProduct_502-1892_A2,Virtual Product for Raw Material Substitutions
VirtualProduct_502-1892_B1,Virtual Product for Raw Material Substitutions
VirtualProduct_502-1931_A1,Virtual Product for Raw Material Substitutions
VirtualProduct_502-1931_A2,Virtual Product for Raw Material Substitutions
VirtualProduct_502-1931_A3,Virtual Product for Raw Material Substitutions
VirtualProduct_502-1945_A1,Virtual Product for Raw Material Substitutions
VirtualProduct_502-1945_A2,Virtual Product for Raw Material Substitutions
VirtualProduct_502-1986_A1,Virtual Product for Raw Material Substitutions
VirtualProduct_502-1986_A2,Virtual Product for Raw Material Substitutions
VirtualProduct_502-1986_A3,Virtual Product for Raw Material Substitutions
VirtualProduct_502-2003_A1,Virtual Product for Raw Material Substitutions
VirtualProduct_502-2109_A2,Virtual Product for Raw Material Substitutions
VirtualProduct_502-2119_A1,Virtual Product for Raw Material Substitutions
VirtualProduct_502-2119_A2,Virtual Product for Raw Material Substitutions
VirtualProduct_502-2119_A3,Virtual Product for Raw Material Substitutions
VirtualProduct_502-2204_B1,Virtual Product for Raw Material Substitutions
VirtualProduct_502-2204_B2,Virtual Product for Raw Material Substitutions
VirtualProduct_502-2205_A1,Virtual Product for Raw Material Substitutions
VirtualProduct_502-2205_A2,Virtual Product for Raw Material Substitutions
VirtualProduct_502-2209_B1,Virtual Product for Raw Material Substitutions
VirtualProduct_502-2219_A1,Virtual Product for Raw Material Substitutions
VirtualProduct_502-2241_A1,Virtual Product for Raw Material Substitutions
VirtualProduct_502-2276_A1,Virtual Product for Raw Material Substitutions
VirtualProduct_502-2304_B1,Virtual Product for Raw Material Substitutions
VirtualProduct_502-2308_A1,Virtual Product for Raw Material Substitutions
VirtualProduct_502-2308_C1,Virtual Product for Raw Material Substitutions
VirtualProduct_502-2308_D1,Virtual Product for Raw Material Substitutions
VirtualProduct_502-2308_E1,Virtual Product for Raw Material Substitutions
VirtualProduct_502-2339_A1,Virtual Product for Raw Material Substitutions
VirtualProduct_502-2346_A2,Virtual Product for Raw Material Substitutions
VirtualProduct_502-2375_A1,Virtual Product for Raw Material Substitutions
VirtualProduct_502-2377_A2,Virtual Product for Raw Material Substitutions
VirtualProduct_502-2388_A1,Virtual Product for Raw Material Substitutions
VirtualProduct_502-2461_A1,Virtual Product for Raw Material Substitutions
VirtualProduct_502-2488_A1,Virtual Product for Raw Material Substitutions
VirtualProduct_502-2502_A1,Virtual Product for Raw Material Substitutions
VirtualProduct_502-2502_C1,Virtual Product for Raw Material Substitutions
VirtualProduct_502-2502_D1,Virtual Product for Raw Material Substitutions
VirtualProduct_502-2502_E1,Virtual Product for Raw Material Substitutions
VirtualProduct_502-2515_A1,Virtual Product for Raw Material Substitutions
VirtualProduct_502-2516_A1,Virtual Product for Raw Material Substitutions
VirtualProduct_502-2534_A1,Virtual Product for Raw Material Substitutions
VirtualProduct_502-2545_A1,Virtual Product for Raw Material Substitutions
VirtualProduct_502-2546_A1,Virtual Product for Raw Material Substitutions
VirtualProduct_502-2547_C1,Virtual Product for Raw Material Substitutions
VirtualProduct_502-2617_A1,Virtual Product for Raw Material Substitutions
VirtualProduct_502-2619_A1,Virtual Product for Raw Material Substitutions
VirtualProduct_502-2638_C1,Virtual Product for Raw Material Substitutions
VirtualProduct_502-2647_A1,Virtual Product for Raw Material Substitutions
VirtualProduct_502-2648_A1,Virtual Product for Raw Material Substitutions
VirtualProduct_502-2709_A1,Virtual Product for Raw Material Substitutions
VirtualProduct_502-2723_A1,Virtual Product for Raw Material Substitutions
VirtualProduct_502-2729_A1,Virtual Product for Raw Material Substitutions
VirtualProduct_502-2783_A1,Virtual Product for Raw Material Substitutions
VirtualProduct_502-2783_C1,Virtual Product for Raw Material Substitutions
VirtualProduct_502-2784_A1,Virtual Product for Raw Material Substitutions
VirtualProduct_502-2784_C1,Virtual Product for Raw Material Substitutions
VirtualProduct_502-2795_A1,Virtual Product for Raw Material Substitutions
VirtualProduct_502-2810_A1,Virtual Product for Raw Material Substitutions
VirtualProduct_502-2842_C1,Virtual Product for Raw Material Substitutions
VirtualProduct_502-2842_D1,Virtual Product for Raw Material Substitutions
VirtualProduct_502-2842_E1,Virtual Product for Raw Material Substitutions
VirtualProduct_502-2848_A1,Virtual Product for Raw Material Substitutions
VirtualProduct_502-2881_A1,Virtual Product for Raw Material Substitutions
VirtualProduct_502-2894_A1,Virtual Product for Raw Material Substitutions
VirtualProduct_502-2895_A1,Virtual Product for Raw Material Substitutions
VirtualProduct_502-2895_C1,Virtual Product for Raw Material Substitutions
VirtualProduct_502-2935_A1,Virtual Product for Raw Material Substitutions
VirtualProduct_502-2937_A1,Virtual Product for Raw Material Substitutions
VirtualProduct_502-2938_C1,Virtual Product for Raw Material Substitutions
VirtualProduct_502-2938_D1,Virtual Product for Raw Material Substitutions
VirtualProduct_502-2938_E1,Virtual Product for Raw Material Substitutions
VirtualProduct_502-3023_A1,Virtual Product for Raw Material Substitutions
VirtualProduct_502-3184_A1,Virtual Product for Raw Material Substitutions
VirtualProduct_502-3189_A1,Virtual Product for Raw Material Substitutions
VirtualProduct_502-3207_A1,Virtual Product for Raw Material Substitutions
VirtualProduct_502-3423_A1,Virtual Product for Raw Material Substitutions
VirtualProduct_502-3423_A2,Virtual Product for Raw Material Substitutions
VirtualProduct_502-3423_A3,Virtual Product for Raw Material Substitutions
VirtualProduct_502-3424_A1,Virtual Product for Raw Material Substitutions
VirtualProduct_502-3424_A2,Virtual Product for Raw Material Substitutions
VirtualProduct_502-3424_A3,Virtual Product for Raw Material Substitutions
VirtualProduct_502-3450_C1,Virtual Product for Raw Material Substitutions
VirtualProduct_502-3450_D1,Virtual Product for Raw Material Substitutions
VirtualProduct_502-3450_E1,Virtual Product for Raw Material Substitutions
VirtualProduct_502-3502_A1,Virtual Product for Raw Material Substitutions
VirtualProduct_502-3520_A1,Virtual Product for Raw Material Substitutions
VirtualProduct_504-1319_A1,Virtual Product for Raw Material Substitutions
VirtualProduct_504-1319_A2,Virtual Product for Raw Material Substitutions
VirtualProduct_504-1319_A3,Virtual Product for Raw Material Substitutions
VirtualProduct_504-1319_A4,Virtual Product for Raw Material Substitutions
VirtualProduct_504-1319_A5,Virtual Product for Raw Material Substitutions
VirtualProduct_504-1319_A6,Virtual Product for Raw Material Substitutions
VirtualProduct_504-1319_A7,Virtual Product for Raw Material Substitutions
VirtualProduct_504-1319_B1,Virtual Product for Raw Material Substitutions
VirtualProduct_504-1319_B2,Virtual Product for Raw Material Substitutions
VirtualProduct_504-1319_B3,Virtual Product for Raw Material Substitutions
VirtualProduct_504-1319_B4,Virtual Product for Raw Material Substitutions
VirtualProduct_504-1319_B5,Virtual Product for Raw Material Substitutions
VirtualProduct_504-1319_B6,Virtual Product for Raw Material Substitutions
VirtualProduct_504-1319_B7,Virtual Product for Raw Material Substitutions
VirtualProduct_504-1385-00_A1,Virtual Product for Raw Material Substitutions
VirtualProduct_504-1399_A1,Virtual Product for Raw Material Substitutions
VirtualProduct_504-1399_A2,Virtual Product for Raw Material Substitutions
VirtualProduct_504-1399_A3,Virtual Product for Raw Material Substitutions
VirtualProduct_504-1399_A4,Virtual Product for Raw Material Substitutions
VirtualProduct_504-1399_A5,Virtual Product for Raw Material Substitutions
VirtualProduct_504-1532_A1,Virtual Product for Raw Material Substitutions
VirtualProduct_504-1532_A2,Virtual Product for Raw Material Substitutions
VirtualProduct_504-1532_A3,Virtual Product for Raw Material Substitutions
VirtualProduct_504-1532_A4,Virtual Product for Raw Material Substitutions
VirtualProduct_504-1532_B1,Virtual Product for Raw Material Substitutions
VirtualProduct_504-1532_B2,Virtual Product for Raw Material Substitutions
VirtualProduct_504-1532_C1,Virtual Product for Raw Material Substitutions
VirtualProduct_504-1532-R_A1,Virtual Product for Raw Material Substitutions
VirtualProduct_504-1532-R_A2,Virtual Product for Raw Material Substitutions
VirtualProduct_504-1532-R_A3,Virtual Product for Raw Material Substitutions
VirtualProduct_504-1532-R_A4,Virtual Product for Raw Material Substitutions
VirtualProduct_504-1532-R_A5,Virtual Product for Raw Material Substitutions
VirtualProduct_504-1548_A1,Virtual Product for Raw Material Substitutions
VirtualProduct_504-1548_A2,Virtual Product for Raw Material Substitutions
VirtualProduct_504-1550_A1,Virtual Product for Raw Material Substitutions
VirtualProduct_504-1550_B1,Virtual Product for Raw Material Substitutions
VirtualProduct_504-1584_A1,Virtual Product for Raw Material Substitutions
VirtualProduct_504-1585_A1,Virtual Product for Raw Material Substitutions
VirtualProduct_504-1616_A1,Virtual Product for Raw Material Substitutions
VirtualProduct_504-1616_B1,Virtual Product for Raw Material Substitutions
VirtualProduct_504-1616_C1,Virtual Product for Raw Material Substitutions
VirtualProduct_504-1693_A1,Virtual Product for Raw Material Substitutions
VirtualProduct_504-1693_A2,Virtual Product for Raw Material Substitutions
VirtualProduct_504-1693_A3,Virtual Product for Raw Material Substitutions
VirtualProduct_504-1693_B1,Virtual Product for Raw Material Substitutions
VirtualProduct_504-1693_B2,Virtual Product for Raw Material Substitutions
VirtualProduct_504-1693_C1,Virtual Product for Raw Material Substitutions
VirtualProduct_504-1712_A1,Virtual Product for Raw Material Substitutions
VirtualProduct_504-1712_B1,Virtual Product for Raw Material Substitutions
VirtualProduct_504-1718_A,Virtual Product for Raw Material Substitutions
VirtualProduct_504-1718_A1,Virtual Product for Raw Material Substitutions
VirtualProduct_504-1718_B,Virtual Product for Raw Material Substitutions
VirtualProduct_504-1718_B1,Virtual Product for Raw Material Substitutions
VirtualProduct_504-1718_C,Virtual Product for Raw Material Substitutions
VirtualProduct_504-1718_C1,Virtual Product for Raw Material Substitutions
VirtualProduct_504-1718_D,Virtual Product for Raw Material Substitutions
VirtualProduct_504-1718_D1,Virtual Product for Raw Material Substitutions
VirtualProduct_504-1718_E1,Virtual Product for Raw Material Substitutions
VirtualProduct_504-1718_F1,Virtual Product for Raw Material Substitutions
VirtualProduct_504-1728_A1,Virtual Product for Raw Material Substitutions
VirtualProduct_504-1728_B1,Virtual Product for Raw Material Substitutions
VirtualProduct_504-1728_C1,Virtual Product for Raw Material Substitutions
VirtualProduct_504-1728_D1,Virtual Product for Raw Material Substitutions
VirtualProduct_504-1753_A1,Virtual Product for Raw Material Substitutions
VirtualProduct_504-1753_A2,Virtual Product for Raw Material Substitutions
VirtualProduct_504-1753_A3,Virtual Product for Raw Material Substitutions
VirtualProduct_504-1818_A1,Virtual Product for Raw Material Substitutions
VirtualProduct_504-1818_B1,Virtual Product for Raw Material Substitutions
VirtualProduct_504-1828_A1,Virtual Product for Raw Material Substitutions
VirtualProduct_504-1829_A1,Virtual Product for Raw Material Substitutions
VirtualProduct_504-1877_A1,Virtual Product for Raw Material Substitutions
VirtualProduct_504-1877_B1,Virtual Product for Raw Material Substitutions
VirtualProduct_504-1877_C1,Virtual Product for Raw Material Substitutions
VirtualProduct_504-1877_D1,Virtual Product for Raw Material Substitutions
VirtualProduct_504-1878_A1,Virtual Product for Raw Material Substitutions
VirtualProduct_504-1878_B1,Virtual Product for Raw Material Substitutions
VirtualProduct_504-1878_C1,Virtual Product for Raw Material Substitutions
VirtualProduct_504-1878_D1,Virtual Product for Raw Material Substitutions
VirtualProduct_504-1878_E1,Virtual Product for Raw Material Substitutions
VirtualProduct_504-1878_F1,Virtual Product for Raw Material Substitutions
VirtualProduct_504-1936_A1,Virtual Product for Raw Material Substitutions
VirtualProduct_504-1973_A1,Virtual Product for Raw Material Substitutions
VirtualProduct_504-1974_A1,Virtual Product for Raw Material Substitutions
VirtualProduct_504-1974_B1,Virtual Product for Raw Material Substitutions
VirtualProduct_504-1976_A1,Virtual Product for Raw Material Substitutions
VirtualProduct_504-1989_A1,Virtual Product for Raw Material Substitutions
VirtualProduct_504-2020-CD_A1,Virtual Product for Raw Material Substitutions
VirtualProduct_504-2020-CD_B1,Virtual Product for Raw Material Substitutions
VirtualProduct_504-2020-CD_C1,Virtual Product for Raw Material Substitutions
VirtualProduct_504-2020-CD_D1,Virtual Product for Raw Material Substitutions
VirtualProduct_504-2042_A1,Virtual Product for Raw Material Substitutions
VirtualProduct_504-2042_B1,Virtual Product for Raw Material Substitutions
VirtualProduct_504-2042_C1,Virtual Product for Raw Material Substitutions
VirtualProduct_504-2042_D1,Virtual Product for Raw Material Substitutions
VirtualProduct_504-2053_A1,Virtual Product for Raw Material Substitutions
VirtualProduct_504-2053_B1,Virtual Product for Raw Material Substitutions
VirtualProduct_504-2053_C1,Virtual Product for Raw Material Substitutions
VirtualProduct_504-2053_D1,Virtual Product for Raw Material Substitutions
VirtualProduct_504-2063_A1,Virtual Product for Raw Material Substitutions
VirtualProduct_504-2063_B1,Virtual Product for Raw Material Substitutions
VirtualProduct_504-2063_C1,Virtual Product for Raw Material Substitutions
VirtualProduct_504-2063_D1,Virtual Product for Raw Material Substitutions
VirtualProduct_504-2120-CD_A1,Virtual Product for Raw Material Substitutions
VirtualProduct_504-2120-CD_B1,Virtual Product for Raw Material Substitutions
VirtualProduct_504-2120-CD_C1,Virtual Product for Raw Material Substitutions
VirtualProduct_504-2120-CD_D1,Virtual Product for Raw Material Substitutions
VirtualProduct_504-2129-CD_A1,Virtual Product for Raw Material Substitutions
VirtualProduct_504-2129-CD_B1,Virtual Product for Raw Material Substitutions
VirtualProduct_504-2129-CD_C1,Virtual Product for Raw Material Substitutions
VirtualProduct_504-2129-CD_D1,Virtual Product for Raw Material Substitutions
