SUPPLY_ID,DESCRIPTION,VENDOR_ID,LOCATION_ID,PRODUCT_ID,SUPPLY_DATE,QTY
100-0018_1000_90000,NULL,NULL,1000,100-0018,NULL,90000
100-0018_1000_16477.5,NULL,NULL,1000,100-0018,NULL,16477.5
100-0018_1000_51147.7,NULL,NULL,1000,100-0018,NULL,51147.7
100-0021_1000_419190,NULL,NULL,1000,100-0021,NULL,419190
100-0021_1000_13383.4,NULL,NULL,1000,100-0021,NULL,13383.4
100-0021_1000_640108,NULL,NULL,1000,100-0021,NULL,640108
100-0024_1000_2.70187e+007,NULL,NULL,1000,100-0024,NULL,27018700
100-0024_1000_174964,NULL,NULL,1000,100-0024,NULL,174964
100-0024_1000_6940,NULL,NULL,1000,100-0024,NULL,6940
100-0024_1000_2.04776e+007,NULL,NULL,1000,100-0024,NULL,20477600
100-0024_2000_6512,NULL,NULL,2000,100-0024,NULL,6512
100-0024_2000_60000,NULL,NULL,2000,100-0024,NULL,60000
100-0024_5000_854997,NULL,NULL,5000,100-0024,NULL,854997
100-0025_1000_1051,NULL,NULL,1000,100-0025,NULL,1051
100-0025_1000_9.37853e+006,NULL,NULL,1000,100-0025,NULL,9378530
100-0025_1000_32212.9,NULL,NULL,1000,100-0025,NULL,32212.9
100-0025_1000_7.64556e+006,NULL,NULL,1000,100-0025,NULL,7645560
100-0025_2000_28539,NULL,NULL,2000,100-0025,NULL,28539
100-0025_5000_226955,NULL,NULL,5000,100-0025,NULL,226955
100-0031_1000_56906.4,NULL,NULL,1000,100-0031,NULL,56906.4
100-0031_1000_2816.01,NULL,NULL,1000,100-0031,NULL,2816.01
100-0031_1000_17352.4,NULL,NULL,1000,100-0031,NULL,17352.4
100-0033_1000_265000,NULL,NULL,1000,100-0033,NULL,265000
100-0033_1000_17049.9,NULL,NULL,1000,100-0033,NULL,17049.9
100-0033_1000_505751,NULL,NULL,1000,100-0033,NULL,505751
100-0035_1000_561713,NULL,NULL,1000,100-0035,NULL,561713
100-0035_1000_295610,NULL,NULL,1000,100-0035,NULL,295610
100-0038_1000_2.293e+006,NULL,NULL,1000,100-0038,NULL,2293000
100-0038_1000_7073.15,NULL,NULL,1000,100-0038,NULL,7073.15
100-0038_1000_1.65537e+006,NULL,NULL,1000,100-0038,NULL,1655370
100-0038_2000_13534,NULL,NULL,2000,100-0038,NULL,13534
100-0038_5000_29997,NULL,NULL,5000,100-0038,NULL,29997
100-0054_1000_60953.2,NULL,NULL,1000,100-0054,NULL,60953.2
100-0054_1000_1392.5,NULL,NULL,1000,100-0054,NULL,1392.5
100-0061_1000_4.16858e+006,NULL,NULL,1000,100-0061,NULL,4168580
100-0061_1000_10864,NULL,NULL,1000,100-0061,NULL,10864
100-0061_1000_4.00706e+006,NULL,NULL,1000,100-0061,NULL,4007060
100-0061_2000_2823,NULL,NULL,2000,100-0061,NULL,2823
100-0061_2000_93811,NULL,NULL,2000,100-0061,NULL,93811
100-0061_2000_150000,NULL,NULL,2000,100-0061,NULL,150000
100-0061_5000_59994,NULL,NULL,5000,100-0061,NULL,59994
100-0062_1000_7.82001e+006,NULL,NULL,1000,100-0062,NULL,7820010
100-0062_1000_424583,NULL,NULL,1000,100-0062,NULL,424583
100-0062_1000_3140,NULL,NULL,1000,100-0062,NULL,3140
100-0062_1000_9.79105e+006,NULL,NULL,1000,100-0062,NULL,9791050
100-0062_2000_11220,NULL,NULL,2000,100-0062,NULL,11220
100-0062_5000_74997,NULL,NULL,5000,100-0062,NULL,74997
100-0073_1000_54852,NULL,NULL,1000,100-0073,NULL,54852
100-0073_1000_18889.8,NULL,NULL,1000,100-0073,NULL,18889.8
100-0073_1000_185234,NULL,NULL,1000,100-0073,NULL,185234
100-0074_1000_5.05453e+006,NULL,NULL,1000,100-0074,NULL,5054530
100-0074_1000_121719,NULL,NULL,1000,100-0074,NULL,121719
100-0074_1000_4.27228e+006,NULL,NULL,1000,100-0074,NULL,4272280
100-0086_1000_8.97314e+007,NULL,NULL,1000,100-0086,NULL,89731400
100-0086_1000_8.87966e+007,NULL,NULL,1000,100-0086,NULL,88796600
100-0086_2000_16977,NULL,NULL,2000,100-0086,NULL,16977
100-0086_2000_754834,NULL,NULL,2000,100-0086,NULL,754834
100-0086_5000_1.43698e+006,NULL,NULL,5000,100-0086,NULL,1436980
100-0141_1000_16289.6,NULL,NULL,1000,100-0141,NULL,16289.6
100-0141_1000_84208.6,NULL,NULL,1000,100-0141,NULL,84208.6
100-0141_1000_80000,NULL,NULL,1000,100-0141,NULL,80000
100-0086-01_1000_16069.4,NULL,NULL,1000,100-0086-01,NULL,16069.4
100-0088_1000_3.4469e+006,NULL,NULL,1000,100-0088,NULL,3446900
100-0088_1000_15349.2,NULL,NULL,1000,100-0088,NULL,15349.2
100-0088_1000_1197,NULL,NULL,1000,100-0088,NULL,1197
100-0088_1000_3.91076e+006,NULL,NULL,1000,100-0088,NULL,3910760
100-0088_2000_12958,NULL,NULL,2000,100-0088,NULL,12958
100-0088_5000_59994,NULL,NULL,5000,100-0088,NULL,59994
100-0107_1000_39810,NULL,NULL,1000,100-0107,NULL,39810
100-0108_1000_6,NULL,NULL,1000,100-0108,NULL,6
100-0108_1000_220000,NULL,NULL,1000,100-0108,NULL,220000
100-0108_1000_226,NULL,NULL,1000,100-0108,NULL,226
100-0115_1000_71139,NULL,NULL,1000,100-0115,NULL,71139
100-0115_1000_5974.1,NULL,NULL,1000,100-0115,NULL,5974.1
100-0115_1000_3526,NULL,NULL,1000,100-0115,NULL,3526
100-0115_1000_326139,NULL,NULL,1000,100-0115,NULL,326139
100-0115_1000_564.595,NULL,NULL,1000,100-0115,NULL,564.595
100-0116_1000_2.02573e+007,NULL,NULL,1000,100-0116,NULL,20257300
100-0116_1000_43427.1,NULL,NULL,1000,100-0116,NULL,43427.1
100-0116_1000_1.86013e+007,NULL,NULL,1000,100-0116,NULL,18601300
100-0116_2000_4992,NULL,NULL,2000,100-0116,NULL,4992
100-0116_2000_453491,NULL,NULL,2000,100-0116,NULL,453491
100-0116_5000_260985,NULL,NULL,5000,100-0116,NULL,260985
100-0119_1000_232728,NULL,NULL,1000,100-0119,NULL,232728
100-0119_1000_217723,NULL,NULL,1000,100-0119,NULL,217723
100-0122_1000_37633,NULL,NULL,1000,100-0122,NULL,37633
100-0122_1000_6081.99,NULL,NULL,1000,100-0122,NULL,6081.99
100-0122_1000_45065.6,NULL,NULL,1000,100-0122,NULL,45065.6
100-0142_1000_667225,NULL,NULL,1000,100-0142,NULL,667225
100-0142_1000_402772,NULL,NULL,1000,100-0142,NULL,402772
100-0143_1000_3.55295e+006,NULL,NULL,1000,100-0143,NULL,3552950
100-0143_1000_1477,NULL,NULL,1000,100-0143,NULL,1477
100-0143_1000_5.6636e+006,NULL,NULL,1000,100-0143,NULL,5663600
100-0143_2000_38233,NULL,NULL,2000,100-0143,NULL,38233
100-0143_5000_79994,NULL,NULL,5000,100-0143,NULL,79994
100-0144_1000_53.234,NULL,NULL,1000,100-0144,NULL,53.234
100-0144_1000_2378.99,NULL,NULL,1000,100-0144,NULL,2378.99
100-0144_1000_37526.3,NULL,NULL,1000,100-0144,NULL,37526.3
100-0214_1000_1.17692e+007,NULL,NULL,1000,100-0214,NULL,11769200
100-0214_1000_11551,NULL,NULL,1000,100-0214,NULL,11551
100-0214_1000_8.85519e+006,NULL,NULL,1000,100-0214,NULL,8855190
100-0214_2000_696,NULL,NULL,2000,100-0214,NULL,696
100-0214_2000_200123,NULL,NULL,2000,100-0214,NULL,200123
100-0214_2000_450000,NULL,NULL,2000,100-0214,NULL,450000
100-0222_1000_8741.05,NULL,NULL,1000,100-0222,NULL,8741.05
100-0222_1000_608,NULL,NULL,1000,100-0222,NULL,608
100-0222_1000_41574.3,NULL,NULL,1000,100-0222,NULL,41574.3
100-0224_1000_258141,NULL,NULL,1000,100-0224,NULL,258141
100-0224_1000_29.5,NULL,NULL,1000,100-0224,NULL,29.5
100-0224_1000_313703,NULL,NULL,1000,100-0224,NULL,313703
100-0224_2000_427,NULL,NULL,2000,100-0224,NULL,427
100-0224_2000_121406,NULL,NULL,2000,100-0224,NULL,121406
100-0225_1000_9.85589e+006,NULL,NULL,1000,100-0225,NULL,9855890
100-0225_1000_46217.5,NULL,NULL,1000,100-0225,NULL,46217.5
100-0225_1000_9.77425e+006,NULL,NULL,1000,100-0225,NULL,9774250
100-0225_2000_1318,NULL,NULL,2000,100-0225,NULL,1318
100-0225_2000_738676,NULL,NULL,2000,100-0225,NULL,738676
100-0227_1000_2.39491e+006,NULL,NULL,1000,100-0227,NULL,2394910
100-0227_1000_7391,NULL,NULL,1000,100-0227,NULL,7391
100-0227_1000_1.61447e+006,NULL,NULL,1000,100-0227,NULL,1614470
100-0227_2000_226,NULL,NULL,2000,100-0227,NULL,226
100-0227_2000_86950,NULL,NULL,2000,100-0227,NULL,86950
100-0227_2000_60000,NULL,NULL,2000,100-0227,NULL,60000
100-0228_1000_36000,NULL,NULL,1000,100-0228,NULL,36000
100-0265_1000_115320,NULL,NULL,1000,100-0265,NULL,115320
100-0268_1000_2.78214e+006,NULL,NULL,1000,100-0268,NULL,2782140
100-0268_1000_2.79745e+006,NULL,NULL,1000,100-0268,NULL,2797450
100-0268_2000_2345,NULL,NULL,2000,100-0268,NULL,2345
100-0268_2000_555257,NULL,NULL,2000,100-0268,NULL,555257
100-0268_2000_1.185e+006,NULL,NULL,2000,100-0268,NULL,1185000
100-0285_1000_4332,NULL,NULL,1000,100-0285,NULL,4332
100-0285_1000_3306,NULL,NULL,1000,100-0285,NULL,3306
100-0285_1000_61099,NULL,NULL,1000,100-0285,NULL,61099
100-0286_1000_62057,NULL,NULL,1000,100-0286,NULL,62057
100-0300_1000_1.43716e+006,NULL,NULL,1000,100-0300,NULL,1437160
100-0300_1000_1.90813e+006,NULL,NULL,1000,100-0300,NULL,1908130
100-0365_1000_724316,NULL,NULL,1000,100-0365,NULL,724316
100-0365_1000_433552,NULL,NULL,1000,100-0365,NULL,433552
101-0001_1000_47902,NULL,NULL,1000,101-0001,NULL,47902
101-0001_1000_47885,NULL,NULL,1000,101-0001,NULL,47885
101-0001_2000_31811,NULL,NULL,2000,101-0001,NULL,31811
101-0001_2000_15976,NULL,NULL,2000,101-0001,NULL,15976
101-0001_5000_28069,NULL,NULL,5000,101-0001,NULL,28069
101-0001_5000_70164,NULL,NULL,5000,101-0001,NULL,70164
110-0001_1000_2.39452e+006,NULL,NULL,1000,110-0001,NULL,2394520
110-0001_1000_19259.2,NULL,NULL,1000,110-0001,NULL,19259.2
110-0001_1000_3.61992e+006,NULL,NULL,1000,110-0001,NULL,3619920
110-0001_1000_9000,NULL,NULL,1000,110-0001,NULL,9000
110-0001_5000_60000,NULL,NULL,5000,110-0001,NULL,60000
110-0002_1000_396679,NULL,NULL,1000,110-0002,NULL,396679
110-0002_1000_14920.6,NULL,NULL,1000,110-0002,NULL,14920.6
110-0002_1000_488139,NULL,NULL,1000,110-0002,NULL,488139
110-0003_1000_126261,NULL,NULL,1000,110-0003,NULL,126261
110-0003_1000_18695.4,NULL,NULL,1000,110-0003,NULL,18695.4
110-0003_1000_34579,NULL,NULL,1000,110-0003,NULL,34579
110-0011_1000_438399,NULL,NULL,1000,110-0011,NULL,438399
110-0011_1000_15520.8,NULL,NULL,1000,110-0011,NULL,15520.8
110-0011_1000_747420,NULL,NULL,1000,110-0011,NULL,747420
110-0019_1000_10820.4,NULL,NULL,1000,110-0019,NULL,10820.4
110-0040_1000_10000,NULL,NULL,1000,110-0040,NULL,10000
110-0063_1000_38370.8,NULL,NULL,1000,110-0063,NULL,38370.8
110-0063_1000_24433.3,NULL,NULL,1000,110-0063,NULL,24433.3
110-0063_1000_1.17e+006,NULL,NULL,1000,110-0063,NULL,1170000
110-0064_1000_5.01884e+006,NULL,NULL,1000,110-0064,NULL,5018840
110-0064_1000_34149.3,NULL,NULL,1000,110-0064,NULL,34149.3
110-0064_1000_8.77288e+006,NULL,NULL,1000,110-0064,NULL,8772880
110-0064_5000_170000,NULL,NULL,5000,110-0064,NULL,170000
110-0083_1000_20868.5,NULL,NULL,1000,110-0083,NULL,20868.5
110-0083_1000_3940.01,NULL,NULL,1000,110-0083,NULL,3940.01
110-0083_1000_2294,NULL,NULL,1000,110-0083,NULL,2294
110-0083_1000_130000,NULL,NULL,1000,110-0083,NULL,130000
110-0099_1000_1.57039e+006,NULL,NULL,1000,110-0099,NULL,1570390
110-0099_1000_15723.9,NULL,NULL,1000,110-0099,NULL,15723.9
110-0099_1000_798884,NULL,NULL,1000,110-0099,NULL,798884
110-0099_5000_30000,NULL,NULL,5000,110-0099,NULL,30000
110-0121_1000_152071,NULL,NULL,1000,110-0121,NULL,152071
110-0121_1000_7322.62,NULL,NULL,1000,110-0121,NULL,7322.62
110-0121_1000_187718,NULL,NULL,1000,110-0121,NULL,187718
110-0121_5000_20000,NULL,NULL,5000,110-0121,NULL,20000
110-0156_1000_13159.4,NULL,NULL,1000,110-0156,NULL,13159.4
110-0156_1000_42408.3,NULL,NULL,1000,110-0156,NULL,42408.3
110-0158_1000_466322,NULL,NULL,1000,110-0158,NULL,466322
110-0158_1000_14406,NULL,NULL,1000,110-0158,NULL,14406
110-0158_1000_618846,NULL,NULL,1000,110-0158,NULL,618846
110-0158_5000_10000,NULL,NULL,5000,110-0158,NULL,10000
110-0161_1000_529.411,NULL,NULL,1000,110-0161,NULL,529.411
110-0161_1000_5163,NULL,NULL,1000,110-0161,NULL,5163
110-0161_1000_85733.7,NULL,NULL,1000,110-0161,NULL,85733.7
110-0172_1000_36493.3,NULL,NULL,1000,110-0172,NULL,36493.3
110-0172_1000_14.017,NULL,NULL,1000,110-0172,NULL,14.017
110-0172_1000_9608,NULL,NULL,1000,110-0172,NULL,9608
110-0174_1000_406879,NULL,NULL,1000,110-0174,NULL,406879
110-0174_1000_9004.29,NULL,NULL,1000,110-0174,NULL,9004.29
110-0174_1000_3.03968e+006,NULL,NULL,1000,110-0174,NULL,3039680
110-0174_2000_15377,NULL,NULL,2000,110-0174,NULL,15377
110-0174_2000_9,NULL,NULL,2000,110-0174,NULL,9
110-0177_1000_201753,NULL,NULL,1000,110-0177,NULL,201753
110-0177_1000_3575.46,NULL,NULL,1000,110-0177,NULL,3575.46
110-0177_1000_415532,NULL,NULL,1000,110-0177,NULL,415532
110-0207_1000_443,NULL,NULL,1000,110-0207,NULL,443
110-0207_1000_254804,NULL,NULL,1000,110-0207,NULL,254804
110-0213_1000_16583.4,NULL,NULL,1000,110-0213,NULL,16583.4
110-0213_1000_9300.65,NULL,NULL,1000,110-0213,NULL,9300.65
110-0213_1000_74601.8,NULL,NULL,1000,110-0213,NULL,74601.8
110-0214_1000_189088,NULL,NULL,1000,110-0214,NULL,189088
110-0214_1000_88.5,NULL,NULL,1000,110-0214,NULL,88.5
110-0214_1000_229582,NULL,NULL,1000,110-0214,NULL,229582
110-0216_1000_1.18596e+006,NULL,NULL,1000,110-0216,NULL,1185960
110-0216_1000_6904.45,NULL,NULL,1000,110-0216,NULL,6904.45
110-0216_1000_1.0318e+006,NULL,NULL,1000,110-0216,NULL,1031800
110-0216_5000_10000,NULL,NULL,5000,110-0216,NULL,10000
110-0220_1000_56229.9,NULL,NULL,1000,110-0220,NULL,56229.9
110-0220_1000_9658.53,NULL,NULL,1000,110-0220,NULL,9658.53
110-0220_1000_192582,NULL,NULL,1000,110-0220,NULL,192582
110-0237_1000_611105,NULL,NULL,1000,110-0237,NULL,611105
110-0237_1000_10100,NULL,NULL,1000,110-0237,NULL,10100
110-0237_1000_350017,NULL,NULL,1000,110-0237,NULL,350017
110-0239_1000_694637,NULL,NULL,1000,110-0239,NULL,694637
110-0239_1000_3887.19,NULL,NULL,1000,110-0239,NULL,3887.19
110-0239_1000_413772,NULL,NULL,1000,110-0239,NULL,413772
110-0241_1000_2.79083e+006,NULL,NULL,1000,110-0241,NULL,2790830
110-0241_1000_13950.2,NULL,NULL,1000,110-0241,NULL,13950.2
110-0241_1000_3.44845e+006,NULL,NULL,1000,110-0241,NULL,3448450
110-0241_5000_60000,NULL,NULL,5000,110-0241,NULL,60000
110-0243_1000_40422.4,NULL,NULL,1000,110-0243,NULL,40422.4
110-0243_1000_8358.3,NULL,NULL,1000,110-0243,NULL,8358.3
110-0243_1000_52463.8,NULL,NULL,1000,110-0243,NULL,52463.8
110-0246_1000_20924,NULL,NULL,1000,110-0246,NULL,20924
110-0246_1000_50635.8,NULL,NULL,1000,110-0246,NULL,50635.8
110-0248_1000_17564.2,NULL,NULL,1000,110-0248,NULL,17564.2
110-0249_1000_19313.6,NULL,NULL,1000,110-0249,NULL,19313.6
110-0249_1000_52542.7,NULL,NULL,1000,110-0249,NULL,52542.7
110-0252_1000_318,NULL,NULL,1000,110-0252,NULL,318
110-0252_1000_127450,NULL,NULL,1000,110-0252,NULL,127450
110-0253_1000_44199.4,NULL,NULL,1000,110-0253,NULL,44199.4
110-0253_1000_64022.8,NULL,NULL,1000,110-0253,NULL,64022.8
110-0260_1000_78938.7,NULL,NULL,1000,110-0260,NULL,78938.7
110-0260_1000_4603.51,NULL,NULL,1000,110-0260,NULL,4603.51
110-0260_1000_49927.7,NULL,NULL,1000,110-0260,NULL,49927.7
110-0261_1000_117335,NULL,NULL,1000,110-0261,NULL,117335
110-0261_1000_15015.7,NULL,NULL,1000,110-0261,NULL,15015.7
110-0261_1000_171869,NULL,NULL,1000,110-0261,NULL,171869
110-0267_1000_4048.41,NULL,NULL,1000,110-0267,NULL,4048.41
110-0267_1000_8620.42,NULL,NULL,1000,110-0267,NULL,8620.42
110-0267_1000_92381.7,NULL,NULL,1000,110-0267,NULL,92381.7
110-0268_1000_43137.4,NULL,NULL,1000,110-0268,NULL,43137.4
110-0268_1000_63892.4,NULL,NULL,1000,110-0268,NULL,63892.4
110-0270_1000_3568,NULL,NULL,1000,110-0270,NULL,3568
110-0272_1000_49577.1,NULL,NULL,1000,110-0272,NULL,49577.1
110-0272_1000_10370.5,NULL,NULL,1000,110-0272,NULL,10370.5
110-0272_1000_120641,NULL,NULL,1000,110-0272,NULL,120641
110-0273_1000_57496.9,NULL,NULL,1000,110-0273,NULL,57496.9
110-0273_1000_77175.4,NULL,NULL,1000,110-0273,NULL,77175.4
110-0295_1000_8974,NULL,NULL,1000,110-0295,NULL,8974
110-0296_1000_16158,NULL,NULL,1000,110-0296,NULL,16158
110-0296_1000_534612,NULL,NULL,1000,110-0296,NULL,534612
110-0296_1000_4984,NULL,NULL,1000,110-0296,NULL,4984
110-0298_1000_95574.5,NULL,NULL,1000,110-0298,NULL,95574.5
110-0298_1000_6598.9,NULL,NULL,1000,110-0298,NULL,6598.9
110-0298_1000_175856,NULL,NULL,1000,110-0298,NULL,175856
110-0298_5000_10000,NULL,NULL,5000,110-0298,NULL,10000
110-0308_1000_685652,NULL,NULL,1000,110-0308,NULL,685652
110-0308_1000_417970,NULL,NULL,1000,110-0308,NULL,417970
110-0311_1000_4.72877e+006,NULL,NULL,1000,110-0311,NULL,4728770
110-0311_1000_4814.64,NULL,NULL,1000,110-0311,NULL,4814.64
110-0311_1000_4.95959e+006,NULL,NULL,1000,110-0311,NULL,4959590
110-0311_5000_40000,NULL,NULL,5000,110-0311,NULL,40000
110-0368_1000_381928,NULL,NULL,1000,110-0368,NULL,381928
110-0368_1000_9823,NULL,NULL,1000,110-0368,NULL,9823
110-0368_1000_208394,NULL,NULL,1000,110-0368,NULL,208394
110-0369_1000_1.78093e+006,NULL,NULL,1000,110-0369,NULL,1780930
110-0369_1000_820,NULL,NULL,1000,110-0369,NULL,820
110-0369_1000_1.94839e+006,NULL,NULL,1000,110-0369,NULL,1948390
110-0369_2000_5,NULL,NULL,2000,110-0369,NULL,5
110-0369_2000_8549,NULL,NULL,2000,110-0369,NULL,8549
110-0369_5000_69995,NULL,NULL,5000,110-0369,NULL,69995
110-0370_1000_27098,NULL,NULL,1000,110-0370,NULL,27098
110-0371_1000_6.89266e+006,NULL,NULL,1000,110-0371,NULL,6892660
110-0371_1000_6.73954e+006,NULL,NULL,1000,110-0371,NULL,6739540
110-0371_2000_3098,NULL,NULL,2000,110-0371,NULL,3098
110-0371_2000_111084,NULL,NULL,2000,110-0371,NULL,111084
110-0371_2000_400000,NULL,NULL,2000,110-0371,NULL,400000
110-0371_5000_161966,NULL,NULL,5000,110-0371,NULL,161966
110-0372_1000_188872,NULL,NULL,1000,110-0372,NULL,188872
110-0372_1000_165351,NULL,NULL,1000,110-0372,NULL,165351
110-0373_1000_2966.82,NULL,NULL,1000,110-0373,NULL,2966.82
110-0373_1000_6209.94,NULL,NULL,1000,110-0373,NULL,6209.94
110-0374_1000_14438.5,NULL,NULL,1000,110-0374,NULL,14438.5
110-0374_1000_636,NULL,NULL,1000,110-0374,NULL,636
110-0374_1000_50000,NULL,NULL,1000,110-0374,NULL,50000
110-0374_1000_9904,NULL,NULL,1000,110-0374,NULL,9904
110-0375_1000_14748.8,NULL,NULL,1000,110-0375,NULL,14748.8
110-0375_1000_1853.86,NULL,NULL,1000,110-0375,NULL,1853.86
110-0375_1000_20000,NULL,NULL,1000,110-0375,NULL,20000
110-0375_1000_132588,NULL,NULL,1000,110-0375,NULL,132588
110-0376_1000_20743.4,NULL,NULL,1000,110-0376,NULL,20743.4
110-0376_1000_20572.7,NULL,NULL,1000,110-0376,NULL,20572.7
110-0377_1000_2.24714e+006,NULL,NULL,1000,110-0377,NULL,2247140
110-0377_1000_825,NULL,NULL,1000,110-0377,NULL,825
110-0377_1000_2.16337e+006,NULL,NULL,1000,110-0377,NULL,2163370
110-0377_2000_3331,NULL,NULL,2000,110-0377,NULL,3331
110-0377_2000_161522,NULL,NULL,2000,110-0377,NULL,161522
110-0377_2000_410000,NULL,NULL,2000,110-0377,NULL,410000
110-0378_1000_17842.1,NULL,NULL,1000,110-0378,NULL,17842.1
110-0378_1000_4647.17,NULL,NULL,1000,110-0378,NULL,4647.17
110-0378_1000_19659.8,NULL,NULL,1000,110-0378,NULL,19659.8
110-0379_1000_511306,NULL,NULL,1000,110-0379,NULL,511306
110-0379_1000_3693.46,NULL,NULL,1000,110-0379,NULL,3693.46
110-0379_1000_573099,NULL,NULL,1000,110-0379,NULL,573099
110-0379_2000_576,NULL,NULL,2000,110-0379,NULL,576
110-0379_2000_21083,NULL,NULL,2000,110-0379,NULL,21083
110-0379_2000_30000,NULL,NULL,2000,110-0379,NULL,30000
110-0379_5000_18997,NULL,NULL,5000,110-0379,NULL,18997
110-0380_1000_407810,NULL,NULL,1000,110-0380,NULL,407810
110-0380_1000_364859,NULL,NULL,1000,110-0380,NULL,364859
110-0380_2000_204,NULL,NULL,2000,110-0380,NULL,204
110-0380_2000_48786,NULL,NULL,2000,110-0380,NULL,48786
110-0381_1000_268012,NULL,NULL,1000,110-0381,NULL,268012
110-0381_1000_265077,NULL,NULL,1000,110-0381,NULL,265077
110-0381_2000_60,NULL,NULL,2000,110-0381,NULL,60
110-0381_2000_14803,NULL,NULL,2000,110-0381,NULL,14803
110-0460_1000_378488,NULL,NULL,1000,110-0460,NULL,378488
110-0460_1000_10183.8,NULL,NULL,1000,110-0460,NULL,10183.8
110-0460_1000_550868,NULL,NULL,1000,110-0460,NULL,550868
110-0561_1000_7308.85,NULL,NULL,1000,110-0561,NULL,7308.85
110-0561_1000_15648,NULL,NULL,1000,110-0561,NULL,15648
110-0566_1000_4.44047e+006,NULL,NULL,1000,110-0566,NULL,4440470
110-0566_1000_150132,NULL,NULL,1000,110-0566,NULL,150132
110-0566_1000_2.91311e+006,NULL,NULL,1000,110-0566,NULL,2913110
110-0566_2000_4805,NULL,NULL,2000,110-0566,NULL,4805
110-0566_2000_246359,NULL,NULL,2000,110-0566,NULL,246359
110-0570_1000_4.92909e+006,NULL,NULL,1000,110-0570,NULL,4929090
110-0570_1000_2.62408e+006,NULL,NULL,1000,110-0570,NULL,2624080
110-0570_2000_986,NULL,NULL,2000,110-0570,NULL,986
110-0570_2000_246250,NULL,NULL,2000,110-0570,NULL,246250
110-0570_2000_600000,NULL,NULL,2000,110-0570,NULL,600000
110-0571_1000_15584,NULL,NULL,1000,110-0571,NULL,15584
110-0602_1000_539875,NULL,NULL,1000,110-0602,NULL,539875
110-0602_1000_608578,NULL,NULL,1000,110-0602,NULL,608578
110-0602_2000_54,NULL,NULL,2000,110-0602,NULL,54
110-0602_2000_25378,NULL,NULL,2000,110-0602,NULL,25378
110-0602_2000_40000,NULL,NULL,2000,110-0602,NULL,40000
110-0603_1000_1.26084e+006,NULL,NULL,1000,110-0603,NULL,1260840
110-0603_1000_1.25086e+006,NULL,NULL,1000,110-0603,NULL,1250860
110-0603_1000_10000,NULL,NULL,1000,110-0603,NULL,10000
110-0603_2000_2167,NULL,NULL,2000,110-0603,NULL,2167
110-0603_2000_62595,NULL,NULL,2000,110-0603,NULL,62595
110-0603_2000_190000,NULL,NULL,2000,110-0603,NULL,190000
110-0624_1000_2.12654e+006,NULL,NULL,1000,110-0624,NULL,2126540
110-0624_1000_100249,NULL,NULL,1000,110-0624,NULL,100249
110-0624_1000_2.15677e+006,NULL,NULL,1000,110-0624,NULL,2156770
110-0624_2000_3944,NULL,NULL,2000,110-0624,NULL,3944
110-0624_2000_45479,NULL,NULL,2000,110-0624,NULL,45479
110-0627_1000_520644,NULL,NULL,1000,110-0627,NULL,520644
110-0627_1000_60.5,NULL,NULL,1000,110-0627,NULL,60.5
110-0627_1000_374262,NULL,NULL,1000,110-0627,NULL,374262
110-0627_2000_9340,NULL,NULL,2000,110-0627,NULL,9340
110-0713_1000_69092.7,NULL,NULL,1000,110-0713,NULL,69092.7
110-0713_1000_161976,NULL,NULL,1000,110-0713,NULL,161976
110-0730_1000_256070,NULL,NULL,1000,110-0730,NULL,256070
110-0730_1000_308477,NULL,NULL,1000,110-0730,NULL,308477
110-0730_1000_9997,NULL,NULL,1000,110-0730,NULL,9997
120-0029_1000_7299.01,NULL,NULL,1000,120-0029,NULL,7299.01
120-0029_1000_4739,NULL,NULL,1000,120-0029,NULL,4739
120-0046_1000_83804,NULL,NULL,1000,120-0046,NULL,83804
120-0046_1000_5042.51,NULL,NULL,1000,120-0046,NULL,5042.51
120-0046_1000_107908,NULL,NULL,1000,120-0046,NULL,107908
120-0051_1000_77057,NULL,NULL,1000,120-0051,NULL,77057
120-0051_1000_25311.4,NULL,NULL,1000,120-0051,NULL,25311.4
120-0051_1000_330649,NULL,NULL,1000,120-0051,NULL,330649
120-0099_1000_90091.7,NULL,NULL,1000,120-0099,NULL,90091.7
120-0099_1000_1688,NULL,NULL,1000,120-0099,NULL,1688
120-0099_1000_76522.7,NULL,NULL,1000,120-0099,NULL,76522.7
120-0100_1000_3469.51,NULL,NULL,1000,120-0100,NULL,3469.51
120-0100_1000_89458,NULL,NULL,1000,120-0100,NULL,89458
120-0120_1000_344200,NULL,NULL,1000,120-0120,NULL,344200
120-0120_1000_1649.53,NULL,NULL,1000,120-0120,NULL,1649.53
120-0120_1000_139346,NULL,NULL,1000,120-0120,NULL,139346
120-0121_1000_1.083e+006,NULL,NULL,1000,120-0121,NULL,1083000
120-0121_1000_767797,NULL,NULL,1000,120-0121,NULL,767797
120-0121_2000_599,NULL,NULL,2000,120-0121,NULL,599
120-0121_2000_33327,NULL,NULL,2000,120-0121,NULL,33327
120-0121_2000_70000,NULL,NULL,2000,120-0121,NULL,70000
120-0121_5000_21997,NULL,NULL,5000,120-0121,NULL,21997
120-0128_1000_30000,NULL,NULL,1000,120-0128,NULL,30000
120-0128_1000_9355,NULL,NULL,1000,120-0128,NULL,9355
120-0129_1000_99260,NULL,NULL,1000,120-0129,NULL,99260
120-0138_1000_154191,NULL,NULL,1000,120-0138,NULL,154191
120-0138_1000_577,NULL,NULL,1000,120-0138,NULL,577
120-0138_1000_61828.7,NULL,NULL,1000,120-0138,NULL,61828.7
120-0143_1000_3.41963e+006,NULL,NULL,1000,120-0143,NULL,3419630
120-0143_1000_8520.67,NULL,NULL,1000,120-0143,NULL,8520.67
120-0143_1000_2.91057e+006,NULL,NULL,1000,120-0143,NULL,2910570
120-0143_2000_674,NULL,NULL,2000,120-0143,NULL,674
120-0143_2000_51964,NULL,NULL,2000,120-0143,NULL,51964
120-0143_5000_47985,NULL,NULL,5000,120-0143,NULL,47985
120-0152_1000_2.82,NULL,NULL,1000,120-0152,NULL,2.82
120-0152_1000_116235,NULL,NULL,1000,120-0152,NULL,116235
120-0157_1000_40.085,NULL,NULL,1000,120-0157,NULL,40.085
120-0157_1000_79856.5,NULL,NULL,1000,120-0157,NULL,79856.5
120-0202_1000_14488.9,NULL,NULL,1000,120-0202,NULL,14488.9
120-0202_1000_33358.9,NULL,NULL,1000,120-0202,NULL,33358.9
120-0215_1000_14154.5,NULL,NULL,1000,120-0215,NULL,14154.5
120-0215_1000_2906,NULL,NULL,1000,120-0215,NULL,2906
120-0215_1000_34859.5,NULL,NULL,1000,120-0215,NULL,34859.5
120-0224_1000_101822,NULL,NULL,1000,120-0224,NULL,101822
120-0224_1000_1.97574e+006,NULL,NULL,1000,120-0224,NULL,1975740
120-0232_1000_60000,NULL,NULL,1000,120-0232,NULL,60000
120-0232_1000_134666,NULL,NULL,1000,120-0232,NULL,134666
120-0247_1000_564.332,NULL,NULL,1000,120-0247,NULL,564.332
120-0248_1000_224974,NULL,NULL,1000,120-0248,NULL,224974
120-0248_1000_7338.63,NULL,NULL,1000,120-0248,NULL,7338.63
120-0248_1000_513634,NULL,NULL,1000,120-0248,NULL,513634
120-0249_1000_473030,NULL,NULL,1000,120-0249,NULL,473030
120-0249_1000_1,NULL,NULL,1000,120-0249,NULL,1
120-0249_1000_136640,NULL,NULL,1000,120-0249,NULL,136640
120-0253_1000_21201,NULL,NULL,1000,120-0253,NULL,21201
120-0253_1000_14124.1,NULL,NULL,1000,120-0253,NULL,14124.1
120-0254_1000_54178,NULL,NULL,1000,120-0254,NULL,54178
120-0254_1000_88604.4,NULL,NULL,1000,120-0254,NULL,88604.4
120-0260_1000_218575,NULL,NULL,1000,120-0260,NULL,218575
120-0310_1000_15997,NULL,NULL,1000,120-0310,NULL,15997
120-0310_1000_4000,NULL,NULL,1000,120-0310,NULL,4000
120-0310_1000_60676,NULL,NULL,1000,120-0310,NULL,60676
121-0053_1000_160744,NULL,NULL,1000,121-0053,NULL,160744
121-0053_1000_134735,NULL,NULL,1000,121-0053,NULL,134735
121-0060-CD_1000_38928.7,NULL,NULL,1000,121-0060-CD,NULL,38928.7
121-0060-CD_1000_12815.2,NULL,NULL,1000,121-0060-CD,NULL,12815.2
130-0077_1000_1.01323e+006,NULL,NULL,1000,130-0077,NULL,1013230
130-0077_1000_6742.77,NULL,NULL,1000,130-0077,NULL,6742.77
130-0077_1000_854842,NULL,NULL,1000,130-0077,NULL,854842
130-0077_2000_36,NULL,NULL,2000,130-0077,NULL,36
130-0077_2000_93252,NULL,NULL,2000,130-0077,NULL,93252
130-0077_5000_10000,NULL,NULL,5000,130-0077,NULL,10000
140-0022_1000_17643.1,NULL,NULL,1000,140-0022,NULL,17643.1
140-0022_1000_3092,NULL,NULL,1000,140-0022,NULL,3092
140-0022_1000_23693.9,NULL,NULL,1000,140-0022,NULL,23693.9
140-0113_1000_6013.56,NULL,NULL,1000,140-0113,NULL,6013.56
140-0113_1000_1317.76,NULL,NULL,1000,140-0113,NULL,1317.76
140-0113_1000_16599.4,NULL,NULL,1000,140-0113,NULL,16599.4
140-0179_1000_17231.7,NULL,NULL,1000,140-0179,NULL,17231.7
140-0179_1000_2662,NULL,NULL,1000,140-0179,NULL,2662
140-0179_1000_73751.2,NULL,NULL,1000,140-0179,NULL,73751.2
140-0221_1000_173860,NULL,NULL,1000,140-0221,NULL,173860
140-0221_1000_2723.53,NULL,NULL,1000,140-0221,NULL,2723.53
140-0221_1000_229315,NULL,NULL,1000,140-0221,NULL,229315
140-0240_1000_16196.2,NULL,NULL,1000,140-0240,NULL,16196.2
140-0240_1000_27309.5,NULL,NULL,1000,140-0240,NULL,27309.5
140-0246_1000_663721,NULL,NULL,1000,140-0246,NULL,663721
140-0246_1000_366069,NULL,NULL,1000,140-0246,NULL,366069
140-0246_1000_40234,NULL,NULL,1000,140-0246,NULL,40234
140-0253_1000_62539.8,NULL,NULL,1000,140-0253,NULL,62539.8
140-0253_1000_43408.7,NULL,NULL,1000,140-0253,NULL,43408.7
140-0310_1000_18926.9,NULL,NULL,1000,140-0310,NULL,18926.9
140-0310_1000_1255.53,NULL,NULL,1000,140-0310,NULL,1255.53
140-0310_1000_8678.73,NULL,NULL,1000,140-0310,NULL,8678.73
140-0313_1000_628017,NULL,NULL,1000,140-0313,NULL,628017
140-0313_1000_92.367,NULL,NULL,1000,140-0313,NULL,92.367
140-0313_1000_2634.57,NULL,NULL,1000,140-0313,NULL,2634.57
140-0313_1000_397044,NULL,NULL,1000,140-0313,NULL,397044
140-0313_2000_295,NULL,NULL,2000,140-0313,NULL,295
140-0313_2000_8705,NULL,NULL,2000,140-0313,NULL,8705
140-0338_1000_2541,NULL,NULL,1000,140-0338,NULL,2541
140-0338_1000_60332,NULL,NULL,1000,140-0338,NULL,60332
140-0338_1000_357000,NULL,NULL,1000,140-0338,NULL,357000
140-0341_1000_207.506,NULL,NULL,1000,140-0341,NULL,207.506
140-0341_1000_25450.9,NULL,NULL,1000,140-0341,NULL,25450.9
140-0341-RW_1000_62556,NULL,NULL,1000,140-0341-RW,NULL,62556
140-0355_1000_180203,NULL,NULL,1000,140-0355,NULL,180203
140-0355_1000_29,NULL,NULL,1000,140-0355,NULL,29
140-0355_1000_152981,NULL,NULL,1000,140-0355,NULL,152981
140-0384_1000_287988,NULL,NULL,1000,140-0384,NULL,287988
140-0384_1000_6796.14,NULL,NULL,1000,140-0384,NULL,6796.14
140-0384_1000_205322,NULL,NULL,1000,140-0384,NULL,205322
140-0386_1000_334326,NULL,NULL,1000,140-0386,NULL,334326
140-0386_1000_674524,NULL,NULL,1000,140-0386,NULL,674524
140-0386_2000_144,NULL,NULL,2000,140-0386,NULL,144
140-0386_2000_18495,NULL,NULL,2000,140-0386,NULL,18495
140-0386_2000_30000,NULL,NULL,2000,140-0386,NULL,30000
140-0386_5000_13999,NULL,NULL,5000,140-0386,NULL,13999
140-0392_1000_7330.12,NULL,NULL,1000,140-0392,NULL,7330.12
140-0392_1000_2690,NULL,NULL,1000,140-0392,NULL,2690
140-0392_1000_41411.3,NULL,NULL,1000,140-0392,NULL,41411.3
140-0403_2000_1084,NULL,NULL,2000,140-0403,NULL,1084
140-0403_2000_1120,NULL,NULL,2000,140-0403,NULL,1120
140-0434_1000_33.013,NULL,NULL,1000,140-0434,NULL,33.013
140-0434_1000_16954.3,NULL,NULL,1000,140-0434,NULL,16954.3
140-0434_1000_6804,NULL,NULL,1000,140-0434,NULL,6804
140-0434_1000_96,NULL,NULL,1000,140-0434,NULL,96
140-0477_1000_8528.01,NULL,NULL,1000,140-0477,NULL,8528.01
140-0477_1000_13741.5,NULL,NULL,1000,140-0477,NULL,13741.5
140-0477_1000_15000,NULL,NULL,1000,140-0477,NULL,15000
140-0481_1000_31686.4,NULL,NULL,1000,140-0481,NULL,31686.4
140-0481_1000_13197,NULL,NULL,1000,140-0481,NULL,13197
140-0547_1000_1171,NULL,NULL,1000,140-0547,NULL,1171
140-0547_1000_5760,NULL,NULL,1000,140-0547,NULL,5760
140-0547_1000_2880,NULL,NULL,1000,140-0547,NULL,2880
140-0547_2000_3204,NULL,NULL,2000,140-0547,NULL,3204
140-0547_2000_32979,NULL,NULL,2000,140-0547,NULL,32979
140-0599_1000_4200.56,NULL,NULL,1000,140-0599,NULL,4200.56
140-0599_1000_22411.4,NULL,NULL,1000,140-0599,NULL,22411.4
140-0628_1000_263872,NULL,NULL,1000,140-0628,NULL,263872
140-0628_1000_7854.43,NULL,NULL,1000,140-0628,NULL,7854.43
140-0628_1000_403853,NULL,NULL,1000,140-0628,NULL,403853
140-0628_2000_20,NULL,NULL,2000,140-0628,NULL,20
140-0628_2000_41133,NULL,NULL,2000,140-0628,NULL,41133
140-0628_2000_72000,NULL,NULL,2000,140-0628,NULL,72000
140-0638_1000_3994,NULL,NULL,1000,140-0638,NULL,3994
140-0639_1000_98480.2,NULL,NULL,1000,140-0639,NULL,98480.2
140-0645_1000_8724.04,NULL,NULL,1000,140-0645,NULL,8724.04
140-0645_1000_85359.9,NULL,NULL,1000,140-0645,NULL,85359.9
140-0834_1000_234083,NULL,NULL,1000,140-0834,NULL,234083
140-0834_1000_2774.4,NULL,NULL,1000,140-0834,NULL,2774.4
140-0834_1000_495587,NULL,NULL,1000,140-0834,NULL,495587
140-0834_2000_103,NULL,NULL,2000,140-0834,NULL,103
140-0834_5000_6000,NULL,NULL,5000,140-0834,NULL,6000
140-0847_1000_1101.56,NULL,NULL,1000,140-0847,NULL,1101.56
140-0847_1000_24904.4,NULL,NULL,1000,140-0847,NULL,24904.4
140-0848_2000_3967,NULL,NULL,2000,140-0848,NULL,3967
140-0848_2000_24446,NULL,NULL,2000,140-0848,NULL,24446
140-0849_2000_5156,NULL,NULL,2000,140-0849,NULL,5156
140-0849_2000_23909,NULL,NULL,2000,140-0849,NULL,23909
140-0851_1000_16200,NULL,NULL,1000,140-0851,NULL,16200
140-0851_2000_3346,NULL,NULL,2000,140-0851,NULL,3346
140-0852_1000_500,NULL,NULL,1000,140-0852,NULL,500
140-0853_1000_52588.3,NULL,NULL,1000,140-0853,NULL,52588.3
140-0853_1000_37270.8,NULL,NULL,1000,140-0853,NULL,37270.8
140-1016_1000_8756.88,NULL,NULL,1000,140-1016,NULL,8756.88
140-1016_1000_857.291,NULL,NULL,1000,140-1016,NULL,857.291
140-1028_1000_414629,NULL,NULL,1000,140-1028,NULL,414629
140-1028_1000_378415,NULL,NULL,1000,140-1028,NULL,378415
140-1183-CD_1000_51711,NULL,NULL,1000,140-1183-CD,NULL,51711
140-1183-CD_1000_16400.6,NULL,NULL,1000,140-1183-CD,NULL,16400.6
160-1132_1000_27399,NULL,NULL,1000,160-1132,NULL,27399
160-1153_1000_18,NULL,NULL,1000,160-1153,NULL,18
160-1153_1000_122,NULL,NULL,1000,160-1153,NULL,122
160-1153_1000_27200.6,NULL,NULL,1000,160-1153,NULL,27200.6
160-1153_1000_3250,NULL,NULL,1000,160-1153,NULL,3250
160-1168_1000_761,NULL,NULL,1000,160-1168,NULL,761
160-1218_1000_610,NULL,NULL,1000,160-1218,NULL,610
160-1237_1000_85,NULL,NULL,1000,160-1237,NULL,85
160-1237_1000_16539,NULL,NULL,1000,160-1237,NULL,16539
160-1287_1000_1541.46,NULL,NULL,1000,160-1287,NULL,1541.46
160-1287_1000_12077.4,NULL,NULL,1000,160-1287,NULL,12077.4
160-1291_1000_43.013,NULL,NULL,1000,160-1291,NULL,43.013
160-1291_1000_6440.3,NULL,NULL,1000,160-1291,NULL,6440.3
160-1291_1000_106,NULL,NULL,1000,160-1291,NULL,106
220-0072_2000_93,NULL,NULL,2000,220-0072,NULL,93
220-0072_2000_6,NULL,NULL,2000,220-0072,NULL,6
220-0227_2000_1116,NULL,NULL,2000,220-0227,NULL,1116
220-0227_2000_110,NULL,NULL,2000,220-0227,NULL,110
223-0011_2000_1131,NULL,NULL,2000,223-0011,NULL,1131
223-0011_2000_19136,NULL,NULL,2000,223-0011,NULL,19136
223-0011_2000_20267,NULL,NULL,2000,223-0011,NULL,20267
223-0012_2000_6600,NULL,NULL,2000,223-0012,NULL,6600
223-0012_2000_28500,NULL,NULL,2000,223-0012,NULL,28500
223-0012_2000_28555,NULL,NULL,2000,223-0012,NULL,28555
260-0141-02_2000_173,NULL,NULL,2000,260-0141-02,NULL,173
260-0141-02-R_2000_789,NULL,NULL,2000,260-0141-02-R,NULL,789
260-0152-02_2000_320,NULL,NULL,2000,260-0152-02,NULL,320
260-0199_2000_1983,NULL,NULL,2000,260-0199,NULL,1983
260-0199_5000_5,NULL,NULL,5000,260-0199,NULL,5
260-0199-R_2000_15,NULL,NULL,2000,260-0199-R,NULL,15
260-0325_2000_696,NULL,NULL,2000,260-0325,NULL,696
260-0385_2000_111,NULL,NULL,2000,260-0385,NULL,111
260-0459-CD_2000_6,NULL,NULL,2000,260-0459-CD,NULL,6
262-0164-CD_2000_53,NULL,NULL,2000,262-0164-CD,NULL,53
280-0425_2000_14787,NULL,NULL,2000,280-0425,NULL,14787
280-0425_2000_210100,NULL,NULL,2000,280-0425,NULL,210100
280-0431_1000_752,NULL,NULL,1000,280-0431,NULL,752
280-0431_1000_1000,NULL,NULL,1000,280-0431,NULL,1000
280-0431_1000_8000,NULL,NULL,1000,280-0431,NULL,8000
280-0431_2000_45754.1,NULL,NULL,2000,280-0431,NULL,45754.1
280-0431_2000_8510,NULL,NULL,2000,280-0431,NULL,8510
280-0431_2000_22600,NULL,NULL,2000,280-0431,NULL,22600
280-0431_2000_114000,NULL,NULL,2000,280-0431,NULL,114000
280-0511-03_2000_158,NULL,NULL,2000,280-0511-03,NULL,158
280-0511-03_2000_86,NULL,NULL,2000,280-0511-03,NULL,86
280-0511-03_2000_6304,NULL,NULL,2000,280-0511-03,NULL,6304
280-0511-04_2000_76,NULL,NULL,2000,280-0511-04,NULL,76
280-0511-04_2000_116,NULL,NULL,2000,280-0511-04,NULL,116
280-0511-04_2000_666,NULL,NULL,2000,280-0511-04,NULL,666
280-0511-04_2000_1160,NULL,NULL,2000,280-0511-04,NULL,1160
280-0511-05_2000_1871,NULL,NULL,2000,280-0511-05,NULL,1871
280-0511-05_2000_1700,NULL,NULL,2000,280-0511-05,NULL,1700
280-0511-06_2000_2838,NULL,NULL,2000,280-0511-06,NULL,2838
280-0511-06_2000_27200,NULL,NULL,2000,280-0511-06,NULL,27200
280-0607_1000_1537,NULL,NULL,1000,280-0607,NULL,1537
280-0607_1000_34984,NULL,NULL,1000,280-0607,NULL,34984
280-0607_2000_172045,NULL,NULL,2000,280-0607,NULL,172045
280-0607_2000_139943,NULL,NULL,2000,280-0607,NULL,139943
280-0650_2000_41732.2,NULL,NULL,2000,280-0650,NULL,41732.2
280-0650_2000_4670,NULL,NULL,2000,280-0650,NULL,4670
280-0650_2000_8841,NULL,NULL,2000,280-0650,NULL,8841
280-0650_2000_14900,NULL,NULL,2000,280-0650,NULL,14900
280-0650_2000_35240,NULL,NULL,2000,280-0650,NULL,35240
280-0695_2000_60316,NULL,NULL,2000,280-0695,NULL,60316
280-0695_2000_136520,NULL,NULL,2000,280-0695,NULL,136520
280-0696_2000_3991,NULL,NULL,2000,280-0696,NULL,3991
280-0696_2000_14049,NULL,NULL,2000,280-0696,NULL,14049
280-0698_2000_16249,NULL,NULL,2000,280-0698,NULL,16249
280-0698_2000_2755,NULL,NULL,2000,280-0698,NULL,2755
280-0698_2000_27000,NULL,NULL,2000,280-0698,NULL,27000
280-0791_2000_44507,NULL,NULL,2000,280-0791,NULL,44507
280-0791_2000_193429,NULL,NULL,2000,280-0791,NULL,193429
280-0810_2000_10744,NULL,NULL,2000,280-0810,NULL,10744
280-0810_2000_20406,NULL,NULL,2000,280-0810,NULL,20406
280-0837_2000_1635,NULL,NULL,2000,280-0837,NULL,1635
280-0837_2000_1014,NULL,NULL,2000,280-0837,NULL,1014
280-0848_2000_14365.4,NULL,NULL,2000,280-0848,NULL,14365.4
280-0848_2000_5820,NULL,NULL,2000,280-0848,NULL,5820
280-0848_2000_25000,NULL,NULL,2000,280-0848,NULL,25000
280-0897_1000_21300,NULL,NULL,1000,280-0897,NULL,21300
280-0897_2000_11277,NULL,NULL,2000,280-0897,NULL,11277
280-0897_2000_26000,NULL,NULL,2000,280-0897,NULL,26000
280-0898_1000_593,NULL,NULL,1000,280-0898,NULL,593
280-0898_1000_1800,NULL,NULL,1000,280-0898,NULL,1800
280-0898_2000_8674,NULL,NULL,2000,280-0898,NULL,8674
280-0898_2000_42817,NULL,NULL,2000,280-0898,NULL,42817
280-0932_2000_15438,NULL,NULL,2000,280-0932,NULL,15438
280-0932_2000_44430,NULL,NULL,2000,280-0932,NULL,44430
280-0933_2000_6428,NULL,NULL,2000,280-0933,NULL,6428
280-0933_2000_183157,NULL,NULL,2000,280-0933,NULL,183157
280-0981-N0_1000_1532,NULL,NULL,1000,280-0981-N0,NULL,1532
280-0981-N0_1000_4600,NULL,NULL,1000,280-0981-N0,NULL,4600
280-0981-N0_2000_681,NULL,NULL,2000,280-0981-N0,NULL,681
280-0981-N1_1000_5949,NULL,NULL,1000,280-0981-N1,NULL,5949
280-0981-N1_2000_463,NULL,NULL,2000,280-0981-N1,NULL,463
280-0981-N2_1000_22420,NULL,NULL,1000,280-0981-N2,NULL,22420
280-0981-N2_2000_1060,NULL,NULL,2000,280-0981-N2,NULL,1060
280-0981-N3_1000_1576,NULL,NULL,1000,280-0981-N3,NULL,1576
280-0981-N3_1000_4079,NULL,NULL,1000,280-0981-N3,NULL,4079
280-0981-N3_2000_808,NULL,NULL,2000,280-0981-N3,NULL,808
280-0992_1000_2683,NULL,NULL,1000,280-0992,NULL,2683
280-0992_2000_40306,NULL,NULL,2000,280-0992,NULL,40306
280-0992_2000_449903,NULL,NULL,2000,280-0992,NULL,449903
280-1011_1000_3891,NULL,NULL,1000,280-1011,NULL,3891
280-1011_1000_2000,NULL,NULL,1000,280-1011,NULL,2000
280-1011_2000_53484,NULL,NULL,2000,280-1011,NULL,53484
280-1011_2000_196810,NULL,NULL,2000,280-1011,NULL,196810
280-1018_2000_1194,NULL,NULL,2000,280-1018,NULL,1194
280-1018_2000_5000,NULL,NULL,2000,280-1018,NULL,5000
280-1018_2000_24000,NULL,NULL,2000,280-1018,NULL,24000
280-1133_2000_730,NULL,NULL,2000,280-1133,NULL,730
280-1159_2000_205,NULL,NULL,2000,280-1159,NULL,205
280-1480-27_2000_2141,NULL,NULL,2000,280-1480-27,NULL,2141
280-1480-29_2000_1693,NULL,NULL,2000,280-1480-29,NULL,1693
280-1480-31_2000_1538,NULL,NULL,2000,280-1480-31,NULL,1538
280-1480-33_2000_2422,NULL,NULL,2000,280-1480-33,NULL,2422
280-1593_2000_239,NULL,NULL,2000,280-1593,NULL,239
280-1595_2000_5061,NULL,NULL,2000,280-1595,NULL,5061
280-1663_2000_483,NULL,NULL,2000,280-1663,NULL,483
280-1787_2000_4287,NULL,NULL,2000,280-1787,NULL,4287
280-1806_2000_1698,NULL,NULL,2000,280-1806,NULL,1698
280-1811_2000_359,NULL,NULL,2000,280-1811,NULL,359
280-1828-CD_2000_471,NULL,NULL,2000,280-1828-CD,NULL,471
280-1962-CD_2000_283,NULL,NULL,2000,280-1962-CD,NULL,283
280-2019-CD_2000_9910,NULL,NULL,2000,280-2019-CD,NULL,9910
281-0009_2000_7837,NULL,NULL,2000,281-0009,NULL,7837
281-0009_2000_5500,NULL,NULL,2000,281-0009,NULL,5500
281-0070_2000_4879,NULL,NULL,2000,281-0070,NULL,4879
281-0070_2000_9046,NULL,NULL,2000,281-0070,NULL,9046
282-0040_2000_3777,NULL,NULL,2000,282-0040,NULL,3777
282-0040_2000_14165.5,NULL,NULL,2000,282-0040,NULL,14165.5
282-0040_2000_10400,NULL,NULL,2000,282-0040,NULL,10400
282-0040_2000_9600,NULL,NULL,2000,282-0040,NULL,9600
282-0041_2000_159,NULL,NULL,2000,282-0041,NULL,159
282-0041_2000_17585.5,NULL,NULL,2000,282-0041,NULL,17585.5
282-0041_2000_3708,NULL,NULL,2000,282-0041,NULL,3708
282-0041_2000_6000,NULL,NULL,2000,282-0041,NULL,6000
282-0041_2000_20000,NULL,NULL,2000,282-0041,NULL,20000
282-0330_2000_4714,NULL,NULL,2000,282-0330,NULL,4714
282-0333_2000_4968,NULL,NULL,2000,282-0333,NULL,4968
282-0432_2000_5621,NULL,NULL,2000,282-0432,NULL,5621
282-0432_2000_8200,NULL,NULL,2000,282-0432,NULL,8200
282-0433_2000_3388,NULL,NULL,2000,282-0433,NULL,3388
282-0433_2000_18323,NULL,NULL,2000,282-0433,NULL,18323
282-0434_2000_779,NULL,NULL,2000,282-0434,NULL,779
282-0434_2000_11800,NULL,NULL,2000,282-0434,NULL,11800
283-0019_2000_18986,NULL,NULL,2000,283-0019,NULL,18986
283-0029_1000_19156,NULL,NULL,1000,283-0029,NULL,19156
283-0029_2000_4669,NULL,NULL,2000,283-0029,NULL,4669
283-0046-27_1000_17613,NULL,NULL,1000,283-0046-27,NULL,17613
283-0046-27_2000_1979,NULL,NULL,2000,283-0046-27,NULL,1979
283-0046-29_1000_21279,NULL,NULL,1000,283-0046-29,NULL,21279
283-0046-29_2000_1257,NULL,NULL,2000,283-0046-29,NULL,1257
283-0046-31_1000_17695,NULL,NULL,1000,283-0046-31,NULL,17695
283-0046-31_2000_12515,NULL,NULL,2000,283-0046-31,NULL,12515
283-0046-33_1000_22992,NULL,NULL,1000,283-0046-33,NULL,22992
283-0046-33_2000_57,NULL,NULL,2000,283-0046-33,NULL,57
283-0080_1000_27,NULL,NULL,1000,283-0080,NULL,27
283-0098_1000_800,NULL,NULL,1000,283-0098,NULL,800
283-0098_1000_2883,NULL,NULL,1000,283-0098,NULL,2883
283-0098_2000_5685,NULL,NULL,2000,283-0098,NULL,5685
283-0110-27_2000_1754,NULL,NULL,2000,283-0110-27,NULL,1754
283-0110-29_2000_1373,NULL,NULL,2000,283-0110-29,NULL,1373
283-0110-31_2000_1725,NULL,NULL,2000,283-0110-31,NULL,1725
283-0110-33_2000_1315,NULL,NULL,2000,283-0110-33,NULL,1315
283-0226_2000_9075,NULL,NULL,2000,283-0226,NULL,9075
284-0089-20_2000_3160,NULL,NULL,2000,284-0089-20,NULL,3160
284-0089-20_2000_13300,NULL,NULL,2000,284-0089-20,NULL,13300
284-0118_2000_1896,NULL,NULL,2000,284-0118,NULL,1896
284-0118_2000_8991,NULL,NULL,2000,284-0118,NULL,8991
285-0012_2000_91391,NULL,NULL,2000,285-0012,NULL,91391
285-0012_2000_239339,NULL,NULL,2000,285-0012,NULL,239339
285-0109_2000_4760,NULL,NULL,2000,285-0109,NULL,4760
285-0109_2000_2170,NULL,NULL,2000,285-0109,NULL,2170
287-0003_1000_27,NULL,NULL,1000,287-0003,NULL,27
287-0003_1000_3000,NULL,NULL,1000,287-0003,NULL,3000
287-0003_2000_9752,NULL,NULL,2000,287-0003,NULL,9752
287-0003_2000_28800,NULL,NULL,2000,287-0003,NULL,28800
288-0001_2000_10645.1,NULL,NULL,2000,288-0001,NULL,10645.1
288-0001_2000_6118,NULL,NULL,2000,288-0001,NULL,6118
288-0001_2000_10300,NULL,NULL,2000,288-0001,NULL,10300
288-0001_2000_33550,NULL,NULL,2000,288-0001,NULL,33550
288-0005_2000_10729.8,NULL,NULL,2000,288-0005,NULL,10729.8
288-0005_2000_7783,NULL,NULL,2000,288-0005,NULL,7783
288-0005_2000_11300,NULL,NULL,2000,288-0005,NULL,11300
288-0005_2000_29100,NULL,NULL,2000,288-0005,NULL,29100
288-0134_2000_1581,NULL,NULL,2000,288-0134,NULL,1581
288-0134_2000_12444,NULL,NULL,2000,288-0134,NULL,12444
300-0144_1000_19139,NULL,NULL,1000,300-0144,NULL,19139
300-0150_2000_4,NULL,NULL,2000,300-0150,NULL,4
300-0150_2000_18135,NULL,NULL,2000,300-0150,NULL,18135
300-0150_5000_540,NULL,NULL,5000,300-0150,NULL,540
300-0151_2000_1081,NULL,NULL,2000,300-0151,NULL,1081
300-0151_2000_11610,NULL,NULL,2000,300-0151,NULL,11610
300-0151_5000_126,NULL,NULL,5000,300-0151,NULL,126
300-0152_2000_12814,NULL,NULL,2000,300-0152,NULL,12814
300-0152_5000_682,NULL,NULL,5000,300-0152,NULL,682
300-0213_1000_2263,NULL,NULL,1000,300-0213,NULL,2263
300-0214_1000_964,NULL,NULL,1000,300-0214,NULL,964
300-0311_2000_5,NULL,NULL,2000,300-0311,NULL,5
300-0311_2000_14668,NULL,NULL,2000,300-0311,NULL,14668
300-0312_2000_406,NULL,NULL,2000,300-0312,NULL,406
300-0312_2000_2849,NULL,NULL,2000,300-0312,NULL,2849
300-0313_2000_10,NULL,NULL,2000,300-0313,NULL,10
300-0313_2000_16816,NULL,NULL,2000,300-0313,NULL,16816
300-0316_1000_2210,NULL,NULL,1000,300-0316,NULL,2210
300-0316_2000_53,NULL,NULL,2000,300-0316,NULL,53
300-0316_2000_17702,NULL,NULL,2000,300-0316,NULL,17702
300-0317_1000_512,NULL,NULL,1000,300-0317,NULL,512
300-0317_2000_53,NULL,NULL,2000,300-0317,NULL,53
300-0317_2000_1487,NULL,NULL,2000,300-0317,NULL,1487
300-0317_2000_17967,NULL,NULL,2000,300-0317,NULL,17967
300-0355_1000_19831,NULL,NULL,1000,300-0355,NULL,19831
301-0022_2000_20632.4,NULL,NULL,2000,301-0022,NULL,20632.4
301-0022_2000_16000,NULL,NULL,2000,301-0022,NULL,16000
301-0046-CD_2000_1998,NULL,NULL,2000,301-0046-CD,NULL,1998
302-0004_1000_86452,NULL,NULL,1000,302-0004,NULL,86452
302-0004_1000_1236,NULL,NULL,1000,302-0004,NULL,1236
302-0004_1000_9860,NULL,NULL,1000,302-0004,NULL,9860
302-0004_1000_400764,NULL,NULL,1000,302-0004,NULL,400764
302-0004_2000_333000,NULL,NULL,2000,302-0004,NULL,333000
302-0004_2000_6528,NULL,NULL,2000,302-0004,NULL,6528
302-0004_5000_4094,NULL,NULL,5000,302-0004,NULL,4094
302-0004_5000_10000,NULL,NULL,5000,302-0004,NULL,10000
302-0004_5000_2094,NULL,NULL,5000,302-0004,NULL,2094
302-0004_5000_185000,NULL,NULL,5000,302-0004,NULL,185000
302-0006_1000_2482,NULL,NULL,1000,302-0006,NULL,2482
302-0006_1000_91000,NULL,NULL,1000,302-0006,NULL,91000
302-0007_1000_27126,NULL,NULL,1000,302-0007,NULL,27126
302-0007_1000_98000,NULL,NULL,1000,302-0007,NULL,98000
302-0007_2000_140579,NULL,NULL,2000,302-0007,NULL,140579
302-0007_2000_391000,NULL,NULL,2000,302-0007,NULL,391000
302-0007_5000_24563,NULL,NULL,5000,302-0007,NULL,24563
302-0007_5000_60000,NULL,NULL,5000,302-0007,NULL,60000
302-0008_1000_2789,NULL,NULL,1000,302-0008,NULL,2789
302-0008_1000_429,NULL,NULL,1000,302-0008,NULL,429
302-0008_1000_21000,NULL,NULL,1000,302-0008,NULL,21000
310-0166_1000_188,NULL,NULL,1000,310-0166,NULL,188
310-0166_1000_12000,NULL,NULL,1000,310-0166,NULL,12000
310-0166_2000_3291,NULL,NULL,2000,310-0166,NULL,3291
310-0166_2000_10000,NULL,NULL,2000,310-0166,NULL,10000
310-0228_1000_2049,NULL,NULL,1000,310-0228,NULL,2049
310-0229_1000_2073,NULL,NULL,1000,310-0229,NULL,2073
310-0241_1000_2000,NULL,NULL,1000,310-0241,NULL,2000
310-0241_1000_24000,NULL,NULL,1000,310-0241,NULL,24000
310-0241_1000_5883,NULL,NULL,1000,310-0241,NULL,5883
310-0300_1000_10264,NULL,NULL,1000,310-0300,NULL,10264
310-0300_1000_94057,NULL,NULL,1000,310-0300,NULL,94057
310-0357_1000_658,NULL,NULL,1000,310-0357,NULL,658
310-0357_2000_18,NULL,NULL,2000,310-0357,NULL,18
310-0357_2000_53,NULL,NULL,2000,310-0357,NULL,53
310-0357_2000_7630,NULL,NULL,2000,310-0357,NULL,7630
310-0362_1000_92,NULL,NULL,1000,310-0362,NULL,92
310-0362_1000_29400,NULL,NULL,1000,310-0362,NULL,29400
310-0376_1000_6898,NULL,NULL,1000,310-0376,NULL,6898
310-0376_2000_6835,NULL,NULL,2000,310-0376,NULL,6835
310-0376_2000_20000,NULL,NULL,2000,310-0376,NULL,20000
310-0401_1000_4078,NULL,NULL,1000,310-0401,NULL,4078
310-0401_1000_34005,NULL,NULL,1000,310-0401,NULL,34005
310-0401_2000_18000,NULL,NULL,2000,310-0401,NULL,18000
310-0401_2000_53,NULL,NULL,2000,310-0401,NULL,53
310-0401_2000_404595,NULL,NULL,2000,310-0401,NULL,404595
310-0401_2000_29200,NULL,NULL,2000,310-0401,NULL,29200
310-0401_5000_28640,NULL,NULL,5000,310-0401,NULL,28640
310-0401_5000_6000,NULL,NULL,5000,310-0401,NULL,6000
310-0401_5000_57700,NULL,NULL,5000,310-0401,NULL,57700
310-0407_2000_2847,NULL,NULL,2000,310-0407,NULL,2847
310-0417_1000_995,NULL,NULL,1000,310-0417,NULL,995
310-0417_2000_1640,NULL,NULL,2000,310-0417,NULL,1640
310-0417_2000_5,NULL,NULL,2000,310-0417,NULL,5
310-0440_1000_3102,NULL,NULL,1000,310-0440,NULL,3102
310-0440_1000_10794,NULL,NULL,1000,310-0440,NULL,10794
310-0440_2000_1226,NULL,NULL,2000,310-0440,NULL,1226
310-0440_2000_20895,NULL,NULL,2000,310-0440,NULL,20895
310-0474_1000_3047,NULL,NULL,1000,310-0474,NULL,3047
310-0474_1000_3200,NULL,NULL,1000,310-0474,NULL,3200
310-0494-001_1000_1992,NULL,NULL,1000,310-0494-001,NULL,1992
310-0494-001_2000_333,NULL,NULL,2000,310-0494-001,NULL,333
310-0494-001_2000_16305,NULL,NULL,2000,310-0494-001,NULL,16305
310-0504_1000_5999,NULL,NULL,1000,310-0504,NULL,5999
310-0504_2000_13347,NULL,NULL,2000,310-0504,NULL,13347
310-0560_2000_1000,NULL,NULL,2000,310-0560,NULL,1000
310-0573_2000_2951,NULL,NULL,2000,310-0573,NULL,2951
310-0573_5000_201,NULL,NULL,5000,310-0573,NULL,201
310-0574_2000_2615,NULL,NULL,2000,310-0574,NULL,2615
310-0574_5000_600,NULL,NULL,5000,310-0574,NULL,600
310-0590_2000_274,NULL,NULL,2000,310-0590,NULL,274
310-0591_2000_1553,NULL,NULL,2000,310-0591,NULL,1553
310-0724_2000_4,NULL,NULL,2000,310-0724,NULL,4
311-0005_1000_980,NULL,NULL,1000,311-0005,NULL,980
311-0005_1000_1100,NULL,NULL,1000,311-0005,NULL,1100
311-0207_1000_988,NULL,NULL,1000,311-0207,NULL,988
311-0207_1000_15449,NULL,NULL,1000,311-0207,NULL,15449
311-0207_2000_2163,NULL,NULL,2000,311-0207,NULL,2163
311-0207_2000_10920,NULL,NULL,2000,311-0207,NULL,10920
311-0244_2000_5947,NULL,NULL,2000,311-0244,NULL,5947
311-0244_2000_36500,NULL,NULL,2000,311-0244,NULL,36500
311-0244_5000_196,NULL,NULL,5000,311-0244,NULL,196
311-0244_5000_1000,NULL,NULL,5000,311-0244,NULL,1000
311-0252_2000_5361,NULL,NULL,2000,311-0252,NULL,5361
311-0252_2000_13000,NULL,NULL,2000,311-0252,NULL,13000
311-0260_2000_4165,NULL,NULL,2000,311-0260,NULL,4165
311-0276_2000_10773,NULL,NULL,2000,311-0276,NULL,10773
311-0276_2000_45000,NULL,NULL,2000,311-0276,NULL,45000
311-0276_5000_182,NULL,NULL,5000,311-0276,NULL,182
311-0276_5000_4000,NULL,NULL,5000,311-0276,NULL,4000
311-0363_2000_3136,NULL,NULL,2000,311-0363,NULL,3136
311-0363_2000_8000,NULL,NULL,2000,311-0363,NULL,8000
311-0436_1000_2217,NULL,NULL,1000,311-0436,NULL,2217
311-0436_1000_80000,NULL,NULL,1000,311-0436,NULL,80000
311-0436_2000_1958,NULL,NULL,2000,311-0436,NULL,1958
311-0436_2000_40000,NULL,NULL,2000,311-0436,NULL,40000
311-0437_2000_2045,NULL,NULL,2000,311-0437,NULL,2045
311-0437_2000_3500,NULL,NULL,2000,311-0437,NULL,3500
320-0109_1000_21000,NULL,NULL,1000,320-0109,NULL,21000
320-0109_2000_53,NULL,NULL,2000,320-0109,NULL,53
320-0109_2000_1200,NULL,NULL,2000,320-0109,NULL,1200
320-0109_2000_6497,NULL,NULL,2000,320-0109,NULL,6497
320-0128_1000_1014,NULL,NULL,1000,320-0128,NULL,1014
320-0128_1000_15223,NULL,NULL,1000,320-0128,NULL,15223
320-0128_2000_3431,NULL,NULL,2000,320-0128,NULL,3431
320-0248_1000_2362,NULL,NULL,1000,320-0248,NULL,2362
320-0284_1000_85577,NULL,NULL,1000,320-0284,NULL,85577
320-0284_1000_82105,NULL,NULL,1000,320-0284,NULL,82105
320-0284_2000_400000,NULL,NULL,2000,320-0284,NULL,400000
320-0284_2000_98237,NULL,NULL,2000,320-0284,NULL,98237
320-0284_5000_37742,NULL,NULL,5000,320-0284,NULL,37742
320-0284_5000_1.646e+006,NULL,NULL,5000,320-0284,NULL,1646000
320-0284_5000_31742,NULL,NULL,5000,320-0284,NULL,31742
320-0328_2000_23711,NULL,NULL,2000,320-0328,NULL,23711
320-0328_2000_15000,NULL,NULL,2000,320-0328,NULL,15000
320-0412_2000_24072,NULL,NULL,2000,320-0412,NULL,24072
320-0412_2000_5522,NULL,NULL,2000,320-0412,NULL,5522
320-0412_2000_1900,NULL,NULL,2000,320-0412,NULL,1900
320-0412_2000_46839,NULL,NULL,2000,320-0412,NULL,46839
320-0438_2000_22366,NULL,NULL,2000,320-0438,NULL,22366
320-0438_2000_82,NULL,NULL,2000,320-0438,NULL,82
320-0438_2000_534,NULL,NULL,2000,320-0438,NULL,534
320-0438_2000_4000,NULL,NULL,2000,320-0438,NULL,4000
320-0438_2000_5000,NULL,NULL,2000,320-0438,NULL,5000
320-0443_2000_20199,NULL,NULL,2000,320-0443,NULL,20199
320-0443_2000_10300,NULL,NULL,2000,320-0443,NULL,10300
320-0443_2000_16524,NULL,NULL,2000,320-0443,NULL,16524
320-0493_2000_30872.2,NULL,NULL,2000,320-0493,NULL,30872.2
320-0493_2000_5337,NULL,NULL,2000,320-0493,NULL,5337
320-0493_2000_7178,NULL,NULL,2000,320-0493,NULL,7178
320-0493_2000_10900,NULL,NULL,2000,320-0493,NULL,10900
320-0493_2000_105300,NULL,NULL,2000,320-0493,NULL,105300
320-0550_2000_4272,NULL,NULL,2000,320-0550,NULL,4272
320-0550_2000_41616,NULL,NULL,2000,320-0550,NULL,41616
320-0611_2000_14437,NULL,NULL,2000,320-0611,NULL,14437
320-0611_2000_11600,NULL,NULL,2000,320-0611,NULL,11600
320-0611_2000_7200,NULL,NULL,2000,320-0611,NULL,7200
320-0759_2000_2982,NULL,NULL,2000,320-0759,NULL,2982
320-0759_2000_5700,NULL,NULL,2000,320-0759,NULL,5700
320-0763_2000_1955,NULL,NULL,2000,320-0763,NULL,1955
320-0763_2000_12390,NULL,NULL,2000,320-0763,NULL,12390
320-0836_2000_2077,NULL,NULL,2000,320-0836,NULL,2077
320-0836_2000_7610,NULL,NULL,2000,320-0836,NULL,7610
321-0057_2000_7412,NULL,NULL,2000,321-0057,NULL,7412
321-0057_2000_1000,NULL,NULL,2000,321-0057,NULL,1000
321-0058_2000_6052,NULL,NULL,2000,321-0058,NULL,6052
321-0059_2000_3490,NULL,NULL,2000,321-0059,NULL,3490
321-0059_2000_8269,NULL,NULL,2000,321-0059,NULL,8269
321-0059_2000_11500,NULL,NULL,2000,321-0059,NULL,11500
321-0172_2000_9,NULL,NULL,2000,321-0172,NULL,9
321-0173_2000_9,NULL,NULL,2000,321-0173,NULL,9
340-0056_2000_21387,NULL,NULL,2000,340-0056,NULL,21387
340-0062_2000_2565,NULL,NULL,2000,340-0062,NULL,2565
340-0071_2000_7,NULL,NULL,2000,340-0071,NULL,7
340-0071_2000_16868,NULL,NULL,2000,340-0071,NULL,16868
341-0027_2000_4486,NULL,NULL,2000,341-0027,NULL,4486
341-0027_2000_14300,NULL,NULL,2000,341-0027,NULL,14300
341-0036_1000_100880,NULL,NULL,1000,341-0036,NULL,100880
341-0036_2000_486,NULL,NULL,2000,341-0036,NULL,486
341-0036_2000_2500,NULL,NULL,2000,341-0036,NULL,2500
341-0036_2000_23449,NULL,NULL,2000,341-0036,NULL,23449
341-0063_2000_52,NULL,NULL,2000,341-0063,NULL,52
341-0063_2000_8100,NULL,NULL,2000,341-0063,NULL,8100
500-3776-02_2000_47,NULL,NULL,2000,500-3776-02,NULL,47
500-3816_1000_2,NULL,NULL,1000,500-3816,NULL,2
500-4066-02_2000_40,NULL,NULL,2000,500-4066-02,NULL,40
500-4067-02_2000_30,NULL,NULL,2000,500-4067-02,NULL,30
500-4292_2000_118,NULL,NULL,2000,500-4292,NULL,118
500-4293_2000_1700,NULL,NULL,2000,500-4293,NULL,1700
500-4378_2000_9,NULL,NULL,2000,500-4378,NULL,9
500-4393-02_1000_1,NULL,NULL,1000,500-4393-02,NULL,1
500-4516_1000_4,NULL,NULL,1000,500-4516,NULL,4
500-4611_2000_1174,NULL,NULL,2000,500-4611,NULL,1174
500-4639_2000_67,NULL,NULL,2000,500-4639,NULL,67
500-4672_2000_102,NULL,NULL,2000,500-4672,NULL,102
500-4693_2000_34,NULL,NULL,2000,500-4693,NULL,34
500-4752_1000_1,NULL,NULL,1000,500-4752,NULL,1
500-4890_2000_876,NULL,NULL,2000,500-4890,NULL,876
500-4925_1000_12,NULL,NULL,1000,500-4925,NULL,12
500-4955_1000_32,NULL,NULL,1000,500-4955,NULL,32
500-4955_2000_72,NULL,NULL,2000,500-4955,NULL,72
500-4957_2000_174,NULL,NULL,2000,500-4957,NULL,174
500-4961-003_1000_4,NULL,NULL,1000,500-4961-003,NULL,4
500-4961-003_1000_13,NULL,NULL,1000,500-4961-003,NULL,13
500-4961-005_1000_1,NULL,NULL,1000,500-4961-005,NULL,1
500-4961-007_1000_14,NULL,NULL,1000,500-4961-007,NULL,14
500-4961-015_1000_5,NULL,NULL,1000,500-4961-015,NULL,5
500-4961-020_1000_2,NULL,NULL,1000,500-4961-020,NULL,2
500-4962-010_1000_32,NULL,NULL,1000,500-4962-010,NULL,32
500-4962-020_1000_6,NULL,NULL,1000,500-4962-020,NULL,6
500-4962-0P5_1000_234,NULL,NULL,1000,500-4962-0P5,NULL,234
500-5010_2000_3074,NULL,NULL,2000,500-5010,NULL,3074
500-5057_2000_4,NULL,NULL,2000,500-5057,NULL,4
500-5216-003_1000_1,NULL,NULL,1000,500-5216-003,NULL,1
500-5216-005_1000_1,NULL,NULL,1000,500-5216-005,NULL,1
500-5216-007_1000_1,NULL,NULL,1000,500-5216-007,NULL,1
500-5216-010_1000_1,NULL,NULL,1000,500-5216-010,NULL,1
500-5274_1000_4,NULL,NULL,1000,500-5274,NULL,4
500-5274_1000_6,NULL,NULL,1000,500-5274,NULL,6
500-5275_1000_419,NULL,NULL,1000,500-5275,NULL,419
500-5275_2000_658,NULL,NULL,2000,500-5275,NULL,658
500-5282_1000_12,NULL,NULL,1000,500-5282,NULL,12
500-5359_1000_4,NULL,NULL,1000,500-5359,NULL,4
500-5359_1000_577,NULL,NULL,1000,500-5359,NULL,577
500-5359_1000_100,NULL,NULL,1000,500-5359,NULL,100
500-5359_2000_1568,NULL,NULL,2000,500-5359,NULL,1568
500-5391-001_1000_2697,NULL,NULL,1000,500-5391-001,NULL,2697
500-5391-001_1000_400,NULL,NULL,1000,500-5391-001,NULL,400
500-5391-002_1000_1189,NULL,NULL,1000,500-5391-002,NULL,1189
500-5391-002_1000_374,NULL,NULL,1000,500-5391-002,NULL,374
500-5391-003_1000_3323,NULL,NULL,1000,500-5391-003,NULL,3323
500-5391-003_1000_92,NULL,NULL,1000,500-5391-003,NULL,92
500-5391-005_1000_720,NULL,NULL,1000,500-5391-005,NULL,720
500-5391-005_1000_252,NULL,NULL,1000,500-5391-005,NULL,252
500-5391-007_1000_295,NULL,NULL,1000,500-5391-007,NULL,295
500-5391-007_1000_447,NULL,NULL,1000,500-5391-007,NULL,447
500-5391-010_1000_480,NULL,NULL,1000,500-5391-010,NULL,480
500-5391-010_1000_180,NULL,NULL,1000,500-5391-010,NULL,180
500-5391-010_1000_103,NULL,NULL,1000,500-5391-010,NULL,103
500-5391-015_1000_860,NULL,NULL,1000,500-5391-015,NULL,860
500-5391-015_1000_83,NULL,NULL,1000,500-5391-015,NULL,83
500-5391-015_1000_180,NULL,NULL,1000,500-5391-015,NULL,180
500-5391-020_1000_184,NULL,NULL,1000,500-5391-020,NULL,184
500-5391-020_1000_80,NULL,NULL,1000,500-5391-020,NULL,80
500-5391-025_1000_13,NULL,NULL,1000,500-5391-025,NULL,13
500-5391-030_1000_214,NULL,NULL,1000,500-5391-030,NULL,214
500-5391-030_1000_170,NULL,NULL,1000,500-5391-030,NULL,170
500-5392_1000_2,NULL,NULL,1000,500-5392,NULL,2
500-5481_1000_12188,NULL,NULL,1000,500-5481,NULL,12188
500-5481_1000_8121,NULL,NULL,1000,500-5481,NULL,8121
500-5481_1000_317,NULL,NULL,1000,500-5481,NULL,317
500-5481_2000_331,NULL,NULL,2000,500-5481,NULL,331
500-5495-001_1000_388,NULL,NULL,1000,500-5495-001,NULL,388
500-5495-003_1000_11,NULL,NULL,1000,500-5495-003,NULL,11
500-5499_1000_679,NULL,NULL,1000,500-5499,NULL,679
500-5500_2000_226,NULL,NULL,2000,500-5500,NULL,226
500-5522_1000_3,NULL,NULL,1000,500-5522,NULL,3
500-5522_1000_1,NULL,NULL,1000,500-5522,NULL,1
500-5522_2000_28,NULL,NULL,2000,500-5522,NULL,28
500-5522_2000_1,NULL,NULL,2000,500-5522,NULL,1
500-5522_2000_1634,NULL,NULL,2000,500-5522,NULL,1634
500-5529_2000_470,NULL,NULL,2000,500-5529,NULL,470
500-5550_2000_258,NULL,NULL,2000,500-5550,NULL,258
500-5594_2000_738,NULL,NULL,2000,500-5594,NULL,738
500-5601_1000_203,NULL,NULL,1000,500-5601,NULL,203
500-5614-010_1000_1,NULL,NULL,1000,500-5614-010,NULL,1
500-5614-030_1000_89,NULL,NULL,1000,500-5614-030,NULL,89
500-5680_2000_4456,NULL,NULL,2000,500-5680,NULL,4456
500-5703_1000_827,NULL,NULL,1000,500-5703,NULL,827
500-5773_2000_2037,NULL,NULL,2000,500-5773,NULL,2037
500-5785_2000_5999,NULL,NULL,2000,500-5785,NULL,5999
500-5819_2000_285,NULL,NULL,2000,500-5819,NULL,285
500-5850_1000_1,NULL,NULL,1000,500-5850,NULL,1
500-5851_2000_2,NULL,NULL,2000,500-5851,NULL,2
500-5958_1000_2,NULL,NULL,1000,500-5958,NULL,2
500-5988_2000_3,NULL,NULL,2000,500-5988,NULL,3
500-5990_2000_1,NULL,NULL,2000,500-5990,NULL,1
500-6035_2000_21,NULL,NULL,2000,500-6035,NULL,21
500-6095_1000_4,NULL,NULL,1000,500-6095,NULL,4
500-6099_1000_641,NULL,NULL,1000,500-6099,NULL,641
500-6099_1000_780,NULL,NULL,1000,500-6099,NULL,780
500-6159-001_1000_3,NULL,NULL,1000,500-6159-001,NULL,3
500-6159-003_1000_4,NULL,NULL,1000,500-6159-003,NULL,4
500-6159-005_1000_1,NULL,NULL,1000,500-6159-005,NULL,1
500-6159-007_1000_1,NULL,NULL,1000,500-6159-007,NULL,1
500-6159-015_1000_2,NULL,NULL,1000,500-6159-015,NULL,2
500-6159-020_1000_3,NULL,NULL,1000,500-6159-020,NULL,3
500-6201_2000_2,NULL,NULL,2000,500-6201,NULL,2
500-6207_2000_3,NULL,NULL,2000,500-6207,NULL,3
500-6249-010_1000_1,NULL,NULL,1000,500-6249-010,NULL,1
500-6266_2000_230,NULL,NULL,2000,500-6266,NULL,230
500-6282-005_1000_2,NULL,NULL,1000,500-6282-005,NULL,2
500-6282-010_1000_42,NULL,NULL,1000,500-6282-010,NULL,42
500-6283-003_1000_1,NULL,NULL,1000,500-6283-003,NULL,1
500-6283-010_1000_6,NULL,NULL,1000,500-6283-010,NULL,6
500-6285_2000_1870,NULL,NULL,2000,500-6285,NULL,1870
500-6383-010_1000_1,NULL,NULL,1000,500-6383-010,NULL,1
500-6496_1000_4,NULL,NULL,1000,500-6496,NULL,4
500-6512_2000_194,NULL,NULL,2000,500-6512,NULL,194
500-6650_1000_43,NULL,NULL,1000,500-6650,NULL,43
500-6672_1000_2,NULL,NULL,1000,500-6672,NULL,2
500-6681_1000_2,NULL,NULL,1000,500-6681,NULL,2
500-7064_2000_2,NULL,NULL,2000,500-7064,NULL,2
500-7073_2000_5,NULL,NULL,2000,500-7073,NULL,5
500-7115_1000_980,NULL,NULL,1000,500-7115,NULL,980
500-7207-001_1000_2,NULL,NULL,1000,500-7207-001,NULL,2
500-7207-002_1000_2,NULL,NULL,1000,500-7207-002,NULL,2
500-7207-003_1000_2,NULL,NULL,1000,500-7207-003,NULL,2
500-7207-005_1000_7,NULL,NULL,1000,500-7207-005,NULL,7
500-7207-010_1000_3,NULL,NULL,1000,500-7207-010,NULL,3
500-7207-020_1000_2,NULL,NULL,1000,500-7207-020,NULL,2
500-7283-010_1000_1,NULL,NULL,1000,500-7283-010,NULL,1
503-0084-ID_5000_69,NULL,NULL,5000,503-0084-ID,NULL,69
504-1532_2000_8156,NULL,NULL,2000,504-1532,NULL,8156
504-1712_2000_191,NULL,NULL,2000,504-1712,NULL,191
504-1718_1000_7,NULL,NULL,1000,504-1718,NULL,7
504-1718_2000_3303,NULL,NULL,2000,504-1718,NULL,3303
504-1718_2000_65,NULL,NULL,2000,504-1718,NULL,65
504-1718_2000_9969,NULL,NULL,2000,504-1718,NULL,9969
504-1753_2000_1149,NULL,NULL,2000,504-1753,NULL,1149
504-1877_2000_1451,NULL,NULL,2000,504-1877,NULL,1451
504-1877_2000_3857,NULL,NULL,2000,504-1877,NULL,3857
504-1877_2000_5308,NULL,NULL,2000,504-1877,NULL,5308
504-1878_1000_194,NULL,NULL,1000,504-1878,NULL,194
504-1936_2000_111,NULL,NULL,2000,504-1936,NULL,111
504-1976_1000_64,NULL,NULL,1000,504-1976,NULL,64
504-1989_1000_4652,NULL,NULL,1000,504-1989,NULL,4652
504-1989_1000_1344,NULL,NULL,1000,504-1989,NULL,1344
504-1989_2000_7797,NULL,NULL,2000,504-1989,NULL,7797
504-1989_2000_11,NULL,NULL,2000,504-1989,NULL,11
504-2020-CD_2000_1091,NULL,NULL,2000,504-2020-CD,NULL,1091
562-0100_5000_57,NULL,NULL,5000,562-0100,NULL,57
WOOBAOB104,BOSA Ass-BOM;CWDM4 V2.0(Weld+Oclaro DFB),NULL,2000,260-0141-02,2024-08-03,402
ZGOAZOB123,BOSA Ass-BOM;CWDM4 V2.0(Weld+Oclaro DFB),NULL,2000,260-0141-02,2024-07-30,10
WOOAZOB112,BOSA Ass-BOM;CWDM4 V2.0(Weld+Oclaro DFB),NULL,2000,260-0141-02,2024-07-29,143
WOOAYOB114,BOSA Ass-BOM;CWDM4 V2.0(Weld+Oclaro DFB),NULL,2000,260-0141-02,2024-07-22,14
WOOBAOB114,BOSA Ass-BOM;(Weld+Oclaro DFB);Recycle,NULL,2000,260-0141-02-R,2024-08-07,74
WOOAZOB102,BOSA Ass-BOM;(Weld+Oclaro DFB);Recycle,NULL,2000,260-0141-02-R,2024-07-26,65
WOOBAOB107,BOSA Ass-BOM;CWDM4;Weld(Ocl DFB+M37244),NULL,2000,260-0152-02,2024-08-04,151
WOOBBOB117,BOSA Ass-BOM;CWDM4 V2.0(Gen3 Mit DFB),NULL,2000,260-0199,2024-08-12,451
WOOBBOB101,BOSA Ass-BOM;CWDM4 V2.0(Gen3 Mit DFB),NULL,2000,260-0199,2024-08-09,76
WOOBAOB112,BOSA Ass-BOM;CWDM4 V2.0(Gen3 Mit DFB),NULL,2000,260-0199,2024-08-05,164
WOOAYOB123,BOSA Ass-BOM;CWDM4 V2.0(Gen3 Mit DFB),NULL,2000,260-0199,2024-07-24,8
WOOBCOB149,BOSA Ass-BOM;CWDM4 V2.0(Gen3 Mit DFB),NULL,2000,260-0199,2024-08-21,2880
WOOBCOB110,BOSA Ass-BOM;CWDM4 V2.0(Gen3 Mit DFB),NULL,2000,260-0199,2024-08-18,2880
WOOBCOB101,BOSA Ass-BOM;CWDM4 V2.0(Gen3 Mit DFB),NULL,2000,260-0199,2024-08-16,2118
WOOAZOB105,BOSA Ass-BOM;CWDM4 V2.0(Gen3Mit);Recycle,NULL,2000,260-0199-R,2024-07-27,15
WOOBCOB111,BOSA Assembly BOM;COP Gen3 (CB merger),NULL,2000,260-0325,2024-09-22,1910
WOOBBOB113,BOSA Assembly BOM;COP Gen3 (CB merger),NULL,2000,260-0325,2024-09-15,1910
WOOAZOB121,BOSA Assembly BOM;COP Gen3 (CB merger),NULL,2000,260-0325,2024-09-03,2612
WOOAZOB104,BOSA Assembly BOM;COP Gen3 (CB merger),NULL,2000,260-0325,2024-08-31,1075
WOOAYOB118,BOSA Assembly BOM;COP Gen3 (CB merger),NULL,2000,260-0325,2024-08-27,564
WOOAYOB103,BOSA Assembly BOM;COP Gen3 (CB merger),NULL,2000,260-0325,2024-08-23,399
WOOAQOB110,BOSA Assembly BOM;COP Gen3 (CB merger),NULL,2000,260-0325,2024-06-30,103
WOOAPOB126,BOSA Assembly BOM;COP Gen3 (CB merger),NULL,2000,260-0325,2024-06-26,88
WOOAPOB105,BOSA Assembly BOM;COP Gen3 (CB merger),NULL,2000,260-0325,2024-06-25,105
WOOAOOB104,BOSA Assembly BOM;COP Gen3 (CB merger),NULL,2000,260-0325,2024-06-23,181
WOOAUOB108,BOSA Assembly BOM;COP Gen3 (CB merger),NULL,2000,260-0325,2024-07-28,193
WOOAUOB101,BOSA Assembly BOM;COP Gen3 (CB merger),NULL,2000,260-0325,2024-07-26,155
WOOATOB102,BOSA Assembly BOM;COP Gen3 (CB merger),NULL,2000,260-0325,2024-07-19,179
WOOAROB121,BOSA Assembly BOM;COP Gen3 (CB merger),NULL,2000,260-0325,2024-07-09,179
WOOAROB118,BOSA Assembly BOM;COP Gen3 (CB merger),NULL,2000,260-0325,2024-07-06,192
WOOAROB103,BOSA Assembly BOM;COP Gen3 (CB merger),NULL,2000,260-0325,2024-07-04,85
ZGOAXOB113,BOSA Assembly BOM;COP Gen3 (CB merger),NULL,2000,260-0325,2024-08-19,286
WOOAXOB102,BOSA Assembly BOM;COP Gen3 (CB merger),NULL,2000,260-0325,2024-08-17,312
WOOAWOB113,BOSA Assembly BOM;COP Gen3 (CB merger),NULL,2000,260-0325,2024-08-13,243
WOOAWOB102,BOSA Assembly BOM;COP Gen3 (CB merger),NULL,2000,260-0325,2024-08-10,224
WOOAVOB110,BOSA Assembly BOM;COP Gen3 (CB merger),NULL,2000,260-0325,2024-08-05,156
WOOAUCB113,BOSA Assembly BOM;COP Gen3 (CB merger),NULL,2000,260-0325,2024-07-30,173
WOOALOB109,BOSA-Assy;40G LX4 Gen3;GN2105B+GN2110S,NULL,2000,260-0385,2024-09-02,906
ZGOALOB108,BOSA-Assy;40G LX4 Gen3;GN2105B+GN2110S,NULL,2000,260-0385,2024-07-31,391
WOOBB27121,TX COC Ass-BOM;CWDM4(Oclaro DFB 1270nm),NULL,2000,280-1049-27,2024-07-27,2790
ZPOBB27112,TX COC Ass-BOM;CWDM4(Oclaro DFB 1270nm),NULL,2000,280-1049-27,2024-07-25,8
ZQOBB27111,TX COC Ass-BOM;CWDM4(Oclaro DFB 1270nm),NULL,2000,280-1049-27,2024-07-25,119
WOOBB29121,TX COC Ass-BOM;CWDM4(Oclaro DFB 1290nm),NULL,2000,280-1049-29,2024-07-27,3255
WOOBB31121,TX COC Ass-BOM;CWDM4(Oclaro DFB 1310nm),NULL,2000,280-1049-31,2024-07-27,3720
WOOBB33121,TX COC Ass-BOM;CWDM4(Oclaro DFB 1330nm),NULL,2000,280-1049-33,2024-07-27,2790
ZPOBB33120,TX COC Ass-BOM;CWDM4(Oclaro DFB 1330nm),NULL,2000,280-1049-33,2024-07-27,8
ZQOBB33119,TX COC Ass-BOM;CWDM4(Oclaro DFB 1330nm),NULL,2000,280-1049-33,2024-07-27,119
WOOBC27103,TX COC Ass-BOM;CWDM4;Gen3 Mit DFB 1270nm,NULL,2000,280-1312-27,2024-07-31,3285
WOOBB27102,TX COC Ass-BOM;CWDM4;Gen3 Mit DFB 1270nm,NULL,2000,280-1312-27,2024-07-24,374
WOOBD27101,TX COC Ass-BOM;CWDM4;Gen3 Mit DFB 1270nm,NULL,2000,280-1312-27,2024-08-07,3720
WOOBC29103,TX COC Ass-BOM;CWDM4;Gen3 Mit DFB 1290nm,NULL,2000,280-1312-29,2024-07-31,3255
WOOBB29102,TX COC Ass-BOM;CWDM4;Gen3 Mit DFB 1290nm,NULL,2000,280-1312-29,2024-07-24,1813
WOOBD29101,TX COC Ass-BOM;CWDM4;Gen3 Mit DFB 1290nm,NULL,2000,280-1312-29,2024-08-07,3720
WOOBB31102,TX COC Ass-BOM;CWDM4;Gen3 Mit DFB 1310nm,NULL,2000,280-1312-31,2024-07-24,871
WOOBD31101,TX COC Ass-BOM;CWDM4;Gen3 Mit DFB 1310nm,NULL,2000,280-1312-31,2024-08-07,3720
WOOBC31103,TX COC Ass-BOM;CWDM4;Gen3 Mit DFB 1310nm,NULL,2000,280-1312-31,2024-07-31,1760
WOOBB33102,TX COC Ass-BOM;CWDM4;Gen3 Mit DFB 1330nm,NULL,2000,280-1312-33,2024-07-24,981
WOOBD33101,TX COC Ass-BOM;CWDM4;Gen3 Mit DFB 1330nm,NULL,2000,280-1312-33,2024-08-07,3720
WOOBC33103,TX COC Ass-BOM;CWDM4;Gen3 Mit DFB 1330nm,NULL,2000,280-1312-33,2024-07-31,2511
WOOBDE09,lens ass(2.0dB attenuation)QSFP28 SR4,NULL,2000,280-1428,2024-08-03,980
WOOBCE31,lens ass(2.0dB attenuation)QSFP28 SR4,NULL,2000,280-1428,2024-07-30,980
WOOBB27113,TX COC;CWDM4 COP(sumitomo DFB 1270nm),NULL,2000,280-1480-27,2024-07-26,946
WOOBC27111,TX COC;CWDM4 COP(sumitomo DFB 1270nm),NULL,2000,280-1480-27,2024-08-02,2325
WOOBB29113,TX COC;CWDM4 COP(sumitomo DFB 1290nm),NULL,2000,280-1480-29,2024-07-26,1576
WOOBC29111,TX COC;CWDM4 COP(sumitomo DFB 1290nm),NULL,2000,280-1480-29,2024-08-02,2325
WOOBB31113,TX COC;CWDM4 COP(sumitomo DFB 1310nm),NULL,2000,280-1480-31,2024-07-26,1520
WOOBC31111,TX COC;CWDM4 COP(sumitomo DFB 1310nm),NULL,2000,280-1480-31,2024-08-02,2325
WOOBB33113,TX COC;CWDM4 COP(sumitomo DFB 1330nm),NULL,2000,280-1480-33,2024-07-26,1044
WOOBC33111,TX COC;CWDM4 COP(sumitomo DFB 1330nm),NULL,2000,280-1480-33,2024-08-02,2325
WOOBCSU109,OB BOM;COP G3(SEI;2110S;Sif PD;kovar HS),NULL,2000,280-1595,2024-08-03,1000
WOOBCSU106,OB BOM;COP G3(SEI;2110S;Sif PD;kovar HS),NULL,2000,280-1595,2024-08-02,1000
WOOBBSU122,OB BOM;COP G3(SEI;2110S;Sif PD;kovar HS),NULL,2000,280-1595,2024-07-30,809
WOOBBSU118,OB BOM;COP G3(SEI;2110S;Sif PD;kovar HS),NULL,2000,280-1595,2024-07-28,19
WOOBBSU108,OB BOM;COP G3(SEI;2110S;Sif PD;kovar HS),NULL,2000,280-1595,2024-07-26,3
WOOBCSU113,OB BOM;COP G3(SEI;2110S;Sif PD;kovar HS),NULL,2000,280-1595,2024-08-05,1000
WOOBCSU114,OB BOM;COP G3(SEI;2110S;Sif PD;kovar HS),NULL,2000,280-1595,2024-08-07,1000
WOOBDE07,MT-MT 2.0dB absorb Ceramics Pin AOC,NULL,2000,280-1600-20,2024-08-03,1972
WOOAYCB108,CB BOM;QSFP28 CWDM4 COP V2.0,NULL,2000,280-1663,2024-07-24,217
WOOAXCB110,CB BOM;QSFP28 CWDM4 COP V2.0,NULL,2000,280-1663,2024-07-18,82
WOOAWCB118,CB BOM;QSFP28 CWDM4 COP V2.0,NULL,2000,280-1663,2024-07-13,64
WOOBBCB102,CB BOM;QSFP28 COP V2.0;Weld(Gen3 Mit),NULL,2000,280-1806,2024-08-12,488
WOOBACB108,CB BOM;QSFP28 COP V2.0;Weld(Gen3 Mit),NULL,2000,280-1806,2024-08-08,379
WOOBACB103,CB BOM;QSFP28 COP V2.0;Weld(Gen3 Mit),NULL,2000,280-1806,2024-08-06,323
WOOAZCB119,CB BOM;QSFP28 COP V2.0;Weld(Gen3 Mit),NULL,2000,280-1806,2024-08-02,333
WOOAYCB109,CB BOM;QSFP28 COP V2.0;Weld(Gen3 Mit),NULL,2000,280-1806,2024-07-24,96
WOOAXCB119,CB BOM;QSFP28 COP V2.0;Weld(Gen3 Mit),NULL,2000,280-1806,2024-07-20,127
WOOAXCB103,CB BOM;QSFP28 COP V2.0;Weld(Gen3 Mit),NULL,2000,280-1806,2024-07-16,63
WOOBDCB101,CB BOM;QSFP28 COP V2.0;Weld(Gen3 Mit),NULL,2000,280-1806,2024-08-26,3936
WOOBCCB103,CB BOM;QSFP28 COP V2.0;Weld(Gen3 Mit),NULL,2000,280-1806,2024-08-19,2088
WOOAYCB119,CB BOM;QSFP28 COP V2.0;Weld(Ocl+M37244),NULL,2000,280-1811,2024-07-26,2033
WOOBCJA113,PEI Lens&Narrowed Cover Ass;100G Gen3.1,NULL,2000,280-2019-CD,2024-07-30,1200
WOOBCJA114,PEI Lens&Narrowed Cover Ass;100G Gen3.1,NULL,2000,280-2019-CD,2024-08-01,1200
WOOBCJA109,PEI Lens&Narrowed Cover Ass;100G Gen3.1,NULL,2000,280-2019-CD,2024-07-28,600
WOOBDA06,40G QSFP+ LR4 V3.0(CWDM4 Plat_Ocl DFB)JP,NULL,2000,500-4066-02,2024-08-21,132
WOOBCA28,100G CWDM4 V2.0;Std(Gen3 Mitsubishi DFB),NULL,2000,500-4292,2024-08-17,191
WOOBCA16,100G CWDM4 V2.0;Std(Gen3 Mitsubishi DFB),NULL,2000,500-4292,2024-08-16,285
WOOBCA13,100G CWDM4 V2.0;Std(Gen3 Mitsubishi DFB),NULL,2000,500-4292,2024-08-15,190
WOOBCA05,100G CWDM4;0-70C;for ZTE;Weld+Ocl M37244,NULL,2000,500-4611,2024-08-14,589
WOOBCA09,100G CWDM4;0-70C;for ZTE;Weld+Ocl M37244,NULL,2000,500-4611,2024-08-15,572
WOOBAA06,40G QSFP+ LR4 V3(CWDM4 Pla_Ocl;GCS)HT,NULL,2000,500-4639,2024-08-03,49
WOOBCA02,QSFP+ LR4 V3.0 Ocl;GCS)HT(34060645-002),NULL,2000,500-4752,2024-08-16,765
ZGOBAA09,QSFP+ IR4/LR4 V3.0(100G_Mit Gen3);AWS,NULL,2000,500-4890,2024-08-01,17
WOOBCA11,100G CWDM4 Gen3 for Alibaba,NULL,2000,500-4957,2024-08-15,285
WOOBCA27,QSFP+ IR4/LR4 V3.0(100G_Ocl DFB);for AWS,NULL,2000,500-5010,2024-08-17,473
WOOBDE13,100G SR4 G3(2108S/09S;Sony Vcsel )Std,NULL,2000,500-5359,2024-08-16,105
RIOBCE20M0,Q28 AOC G3 1m Sony Vcsel Cisco,NULL,1000,500-5391-001,2024-07-30,2
RIOBCE21M0,Q28 AOC G3 3m Sony Vcsel Cisco,NULL,1000,500-5391-003,2024-07-30,1
RIOBCE22M0,Q28 AOC G3 7m Sony Vcsel Cisco,NULL,1000,500-5391-007,2024-08-01,1
RIOBCE23M0,Q28 AOC G3 10m Sony Vcsel Cisco,NULL,1000,500-5391-010,2024-08-01,5
WOOBCE25,Q28 SR4 G3 100m Sony Vcsel Cisco,NULL,2000,500-5481,2024-08-13,3
WOOBCE28,Q28 AOC G3 1m Sony Vcsel Cisco,NULL,1000,500-5495-001,2024-08-05,298
RIOBCE18M0,Q28 AOC G3 1m Sony Vcsel Cisco,NULL,1000,500-5495-001,2024-07-30,1
WOOBDE03,Q28 AOC G3 3m Sony Vcsel Cisco,NULL,1000,500-5495-003,2024-08-08,643
WOOBCE41,Q28 AOC G3 3m Sony Vcsel Cisco,NULL,1000,500-5495-003,2024-08-07,112
WOOBDE04,Q28 AOC G3 5m Sony Vcsel Cisco,NULL,1000,500-5495-005,2024-08-09,202
WOOBCE40,Q28 AOC G3 5m Sony Vcsel Cisco,NULL,1000,500-5495-005,2024-08-06,370
WOOBAE43,Q28 AOC G3 5m Sony Vcsel Cisco,NULL,1000,500-5495-005,2024-07-29,26
RIOBCE19M0,Q28 AOC G3 7m Sony Vcsel Cisco,NULL,1000,500-5495-007,2024-07-30,1
WOOBCE42,Q28 AOC G3 10m Sony Vcsel Cisco,NULL,1000,500-5495-010,2024-08-07,160
WOOBCE43,Q28 AOC G3 30m Sony Vcsel Cisco,NULL,1000,500-5495-030,2024-08-07,43
WOOBBA14,Q28 CWDM4 Lite V2.0;Cisco(Weld+Mit DFB),NULL,2000,500-5500,2024-08-08,147
WOOBDE02,100G Q28 SR4 G3;Avago LP Vcsel Array;ZTE,NULL,2000,500-5522,2024-08-18,50
WOOBBA20,100G QSFP28 eCWDM4 Gen3;Alibaba;R0,NULL,2000,500-5529,2024-08-09,436
ZGOBBE05,Q28 AOC G3 3m BRCM Vcsel Cisco,NULL,1000,500-5614-003,2024-07-25,2
RIOBAE27M0,Q28 AOC G3 30m BRCM Vcsel AB side Cisco,NULL,1000,500-5615-030,2024-07-22,19
WOOBCA06,40G&100G QSFP28 CWDM4 COP;AWS (Ocl DFB),NULL,2000,500-5680,2024-08-17,500
WOOBBA23,40G&100G QSFP28 CWDM4 COP;AWS (Ocl DFB),NULL,2000,500-5680,2024-08-13,396
ZQOBCA17,40G&100G QSFP28 CWDM4 COP;AWS (Ocl DFB),NULL,2000,500-5680,2024-08-19,500
WOOBCA10,40G&100G QSFP28 CWDM4 COP;AWS (Ocl DFB),NULL,2000,500-5680,2024-08-18,500
WOOBCA01,40G&100G QSFP28 CWDM4 COP;AWS (Ocl DFB),NULL,2000,500-5680,2024-08-16,500
WOOBBA29,40G&100G QSFP28 CWDM4 COP;AWS (Ocl DFB),NULL,2000,500-5680,2024-08-11,498
WOOBBA13,Q28 CWDM4 Gen3;H3C(SEI;GN2105B+GN2110S),NULL,2000,500-5773,2024-08-08,40
WOOBBA01,Q28 CWDM4 Gen3;H3C(SEI;GN2105B+GN2110S),NULL,2000,500-5773,2024-08-06,28
WOOBBA15,40G&100G CWDM4 COP(S-180);AWS(Mit Gen3),NULL,2000,500-5785,2024-08-11,252
WOOBCA26,100G QSFP28 CLR4;HT(GN2105B+GN2110S),NULL,2000,500-6035,2024-08-20,950
WOOBCA29,40G QSFP+ IR4 V3.0;Mit DFB;GCS;2km;UNIS,NULL,2000,500-6266,2024-08-17,1058
ZQOBCA18,40G QSFP+ IR4 V3.0;Mit DFB;GCS;2km;UNIS,NULL,2000,500-6266,2024-08-16,264
WOOBAA01,100G QSFP28 CWDM4 Gen3;HT(34061299-001),NULL,2000,500-6285,2024-08-02,107
ZGOAZA18,100G QSFP28 CWDM4 Gen3;HT(34061299-001),NULL,2000,500-6285,2024-08-07,11
WOOBBA24,100G QSFP28 CWDM4 Gen3 1310nm;2Km HT,NULL,2000,500-7041,2024-08-13,874
WOOBBA28,100G QSFP28 CWDM4 Gen3 1310nm;2Km HT,NULL,2000,500-7041,2024-08-11,920
WOOBBA04,100G CWDM4 COPGen3.1;Mit+Sif;Tencent TC4,NULL,2000,500-7064,2024-08-07,28
WOOBAE50,OE BOM;100G SR4 GEN3 with Sony Vcsel,NULL,2000,504-1936,2024-08-05,422
WOOBAE54,OE BOM;100G SR4 GEN3 with Sony Vcsel,NULL,2000,504-1936,2024-08-07,1470
WOOBAE34,OE BOM;100G SR4 GEN3 with Sony Vcsel,NULL,2000,504-1936,2024-08-01,39
WOOBDE10,OE BOM;100G SR4 GEN3 with Sony Vcsel,NULL,2000,504-1936,2024-08-19,980
WOOBCE32,OE BOM;100G SR4 GEN3 with Sony Vcsel,NULL,2000,504-1936,2024-08-15,980
WOOBCE07,OE BOM;100G SR4 GEN3 with Sony Vcsel,NULL,2000,504-1936,2024-08-12,980
WOOBAE52,OE BOM;100G AOC Gen3 Sony Vcsel,NULL,2000,504-1989,2024-08-08,2465
WOOBAE32,OE BOM;100G AOC Gen3 Sony Vcsel,NULL,2000,504-1989,2024-08-02,11
WOOBAE18,OE BOM;100G AOC Gen3 Sony Vcsel,NULL,2000,504-1989,2024-07-31,39
WOOBDE08,OE BOM;100G AOC Gen3 Sony Vcsel,NULL,2000,504-1989,2024-08-20,1972
WOOBCE30,OE BOM;100G AOC Gen3 Sony Vcsel,NULL,2000,504-1989,2024-08-16,1972
WOOBCE05,OE BOM;100G AOC Gen3 Sony Vcsel,NULL,2000,504-1989,2024-08-13,1972
WOOBAE48,OE BOM;100G AOC Gen3 Sony Vcsel,NULL,2000,504-1989,2024-08-06,1972
160-1153_100020240811,PCB isola 370HR+M6,NULL,1000,160-1153,2024-08-11,37027
160-1153_100020240901,PCB isola 370HR+M6,NULL,1000,160-1153,2024-09-01,3016
160-1153_100020240929,PCB isola 370HR+M6,NULL,1000,160-1153,2024-09-29,22064
160-1218_100020240804,PCB,NULL,1000,160-1218,2024-08-04,761
160-1218_100020240811,PCB,NULL,1000,160-1218,2024-08-11,385
160-1218_100020240922,PCB,NULL,1000,160-1218,2024-09-22,770
160-1237_100020240804,PCB GN2147,NULL,1000,160-1237,2024-08-04,17635
160-1237_100020240901,PCB GN2147,NULL,1000,160-1237,2024-09-01,8841
160-1237_100020240922,PCB GN2147,NULL,1000,160-1237,2024-09-22,4995
160-1237_100020240929,PCB GN2147,NULL,1000,160-1237,2024-09-29,1156
160-1237_100020241201,PCB GN2147,NULL,1000,160-1237,2024-12-01,4624
160-1287_100020240804,PCB lowcost,NULL,1000,160-1287,2024-08-04,2972
160-1287_100020240811,PCB lowcost,NULL,1000,160-1287,2024-08-11,2923
160-1287_100020240818,PCB lowcost,NULL,1000,160-1287,2024-08-18,6259
160-1287_100020240901,PCB lowcost,NULL,1000,160-1287,2024-09-01,25439
160-1287_100020240922,PCB lowcost,NULL,1000,160-1287,2024-09-22,11595
160-1287_100020241101,PCB lowcost,NULL,1000,160-1287,2024-11-01,16960
160-1291_100020240811,PCB,NULL,1000,160-1291,2024-08-11,8149
160-1291_100020240901,PCB,NULL,1000,160-1291,2024-09-01,702
160-1291_100020240929,PCB,NULL,1000,160-1291,2024-09-29,4812
280-0981-N2_100020240721,chip (0-75 deg C),NULL,1000,280-0981-N2,2024-07-21,40000
280-0981-N2_100020240728,chip (0-75 deg C),NULL,1000,280-0981-N2,2024-07-28,40000
280-0981-N2_100020240825,chip (0-75 deg C),NULL,1000,280-0981-N2,2024-08-25,9957
280-0981-N2_100020240901,chip (0-75 deg C),NULL,1000,280-0981-N2,2024-09-01,8000
280-0981-N2_100020240915,chip (0-75 deg C),NULL,1000,280-0981-N2,2024-09-15,30000
280-0981-N2_100020240929,chip (0-75 deg C),NULL,1000,280-0981-N2,2024-09-29,70000
280-0981-N2_100020241027,chip (0-75 deg C),NULL,1000,280-0981-N2,2024-10-27,228400
280-0981-N3_100020240721,chip (0-75 deg C),NULL,1000,280-0981-N3,2024-07-21,1000
280-0981-N3_100020240929,chip (0-75 deg C),NULL,1000,280-0981-N3,2024-09-29,1000
280-0981-N3_100020241006,chip (0-75 deg C),NULL,1000,280-0981-N3,2024-10-06,1500
280-0981-N3_100020240901,chip (0-75 deg C),NULL,1000,280-0981-N3,2024-09-01,4000
283-0046-33_100020240811,Chip;25Gbps DFB laser diode;1330nm,NULL,1000,283-0046-33,2024-08-11,4439
283-0046-33_100020240721,Chip;25Gbps DFB laser diode;1330nm,NULL,1000,283-0046-33,2024-07-21,10000
283-0046-33_100020240825,Chip;25Gbps DFB laser diode;1330nm,NULL,1000,283-0046-33,2024-08-25,12000
283-0046-33_100020240901,Chip;25Gbps DFB laser diode;1330nm,NULL,1000,283-0046-33,2024-09-01,10000
283-0046-33_100020240728,Chip;25Gbps DFB laser diode;1330nm,NULL,1000,283-0046-33,2024-07-28,3000
283-0046-33_100020240929,Chip;25Gbps DFB laser diode;1330nm,NULL,1000,283-0046-33,2024-09-29,34551
283-0110-33_100020240929,MQW-DFB Laser chip;1327 to 1332nm,NULL,1000,283-0110-33,2024-09-29,10000
283-0110-33_100020241027,MQW-DFB Laser chip;1327 to 1332nm,NULL,1000,283-0110-33,2024-10-27,8000
285-0109_200020240804,TIA Submount;Low cost,NULL,2000,285-0109,2024-08-04,9700
300-0211_100020240811,Housing body,NULL,1000,300-0211,2024-08-11,1000
300-0212_100020240811,Housing lid,NULL,1000,300-0212,2024-08-11,1500
310-0571_100020240804,Clamp,NULL,1000,310-0571,2024-08-04,1500
320-0284_500020240804,Spring OD 1.5mm;l:7.3mm; W-D:0.2mm,NULL,5000,320-0284,2024-08-04,797000
100-0018_1000_12/19/2022,NULL,NULL,1000,100-0018,2022-12-19,141000
100-0018_1000_11/21/2024,NULL,NULL,1000,100-0018,2024-11-21,3000
100-0021_1000_5/8/2023,NULL,NULL,1000,100-0021,2023-05-08,9650
100-0021_1000_9/13/2024,NULL,NULL,1000,100-0021,2024-09-13,790000
100-0021_1000_9/27/2024,NULL,NULL,1000,100-0021,2024-09-27,320000
100-0021_1000_11/1/2024,NULL,NULL,1000,100-0021,2024-11-01,560000
100-0021_1000_10/16/2024,NULL,NULL,1000,100-0021,2024-10-16,440000
100-0021_1000_11/22/2024,NULL,NULL,1000,100-0021,2024-11-22,480000
100-0024_1000_7/25/2024,NULL,NULL,1000,100-0024,2024-07-25,15150000
100-0024_1000_9/13/2024,NULL,NULL,1000,100-0024,2024-09-13,27195000
100-0024_1000_8/19/2024,NULL,NULL,1000,100-0024,2024-08-19,3555000
100-0024_1000_9/27/2024,NULL,NULL,1000,100-0024,2024-09-27,20280000
100-0024_1000_11/1/2024,NULL,NULL,1000,100-0024,2024-11-01,25245000
100-0024_1000_10/16/2024,NULL,NULL,1000,100-0024,2024-10-16,25215000
100-0024_1000_12/6/2024,NULL,NULL,1000,100-0024,2024-12-06,24720000
100-0024_1000_11/22/2024,NULL,NULL,1000,100-0024,2024-11-22,13305000
100-0025_1000_8/4/2022,NULL,NULL,1000,100-0025,2022-08-04,10000
100-0025_1000_9/13/2024,NULL,NULL,1000,100-0025,2024-09-13,10395000
100-0025_1000_8/19/2024,NULL,NULL,1000,100-0025,2024-08-19,5280000
100-0025_1000_8/9/2024,NULL,NULL,1000,100-0025,2024-08-09,2910000
100-0025_1000_9/27/2024,NULL,NULL,1000,100-0025,2024-09-27,5910000
100-0025_1000_8/21/2024,NULL,NULL,1000,100-0025,2024-08-21,2475000
100-0025_1000_11/1/2024,NULL,NULL,1000,100-0025,2024-11-01,6405000
100-0025_1000_10/16/2024,NULL,NULL,1000,100-0025,2024-10-16,7560000
100-0025_1000_12/6/2024,NULL,NULL,1000,100-0025,2024-12-06,6210000
100-0025_1000_11/22/2024,NULL,NULL,1000,100-0025,2024-11-22,7635000
100-0025_5000_12/6/2024,NULL,NULL,5000,100-0025,2024-12-06,105000
100-0025_5000_12/25/2024,NULL,NULL,5000,100-0025,2024-12-25,45000
100-0031_1000_7/25/2024,NULL,NULL,1000,100-0031,2024-07-25,44000
100-0031_1000_7/10/2024,NULL,NULL,1000,100-0031,2024-07-10,60000
100-0031_1000_5/28/2024,NULL,NULL,1000,100-0031,2024-05-28,156000
100-0031_1000_8/21/2024,NULL,NULL,1000,100-0031,2024-08-21,64000
100-0031_1000_8/19/2024,NULL,NULL,1000,100-0031,2024-08-19,16000
100-0031_1000_6/27/2024,NULL,NULL,1000,100-0031,2024-06-27,20000
100-0031_1000_9/13/2024,NULL,NULL,1000,100-0031,2024-09-13,40000
100-0033_1000_6/29/2022,NULL,NULL,1000,100-0033,2022-06-29,5000
100-0033_1000_9/13/2024,NULL,NULL,1000,100-0033,2024-09-13,255000
100-0033_1000_9/27/2024,NULL,NULL,1000,100-0033,2024-09-27,315000
100-0033_1000_11/1/2024,NULL,NULL,1000,100-0033,2024-11-01,405000
100-0033_1000_10/16/2024,NULL,NULL,1000,100-0033,2024-10-16,495000
100-0033_1000_12/6/2024,NULL,NULL,1000,100-0033,2024-12-06,75000
100-0033_1000_11/22/2024,NULL,NULL,1000,100-0033,2024-11-22,255000
100-0035_1000_8/4/2022,NULL,NULL,1000,100-0035,2022-08-04,5000
100-0035_1000_7/25/2024,NULL,NULL,1000,100-0035,2024-07-25,1440000
100-0035_1000_7/10/2024,NULL,NULL,1000,100-0035,2024-07-10,420000
100-0035_1000_6/18/2024,NULL,NULL,1000,100-0035,2024-06-18,840000
100-0038_1000_7/25/2024,NULL,NULL,1000,100-0038,2024-07-25,615000
100-0038_1000_9/13/2024,NULL,NULL,1000,100-0038,2024-09-13,2670000
100-0038_1000_9/27/2024,NULL,NULL,1000,100-0038,2024-09-27,1890000
100-0038_1000_8/21/2024,NULL,NULL,1000,100-0038,2024-08-21,885000
100-0038_1000_11/1/2024,NULL,NULL,1000,100-0038,2024-11-01,1695000
100-0038_1000_10/16/2024,NULL,NULL,1000,100-0038,2024-10-16,1815000
100-0038_1000_12/6/2024,NULL,NULL,1000,100-0038,2024-12-06,1425000
100-0038_1000_11/22/2024,NULL,NULL,1000,100-0038,2024-11-22,1620000
100-0054_1000_2/23/2023,NULL,NULL,1000,100-0054,2023-02-23,198000
100-0054_1000_11/1/2024,NULL,NULL,1000,100-0054,2024-11-01,27000
100-0054_1000_12/6/2024,NULL,NULL,1000,100-0054,2024-12-06,30000
100-0054_1000_11/22/2024,NULL,NULL,1000,100-0054,2024-11-22,18000
100-0061_1000_8/4/2022,NULL,NULL,1000,100-0061,2022-08-04,5000
100-0061_1000_9/13/2024,NULL,NULL,1000,100-0061,2024-09-13,1905000
100-0061_1000_8/19/2024,NULL,NULL,1000,100-0061,2024-08-19,1725000
100-0061_1000_8/9/2024,NULL,NULL,1000,100-0061,2024-08-09,4125000
100-0061_1000_9/27/2024,NULL,NULL,1000,100-0061,2024-09-27,5190000
100-0061_1000_8/21/2024,NULL,NULL,1000,100-0061,2024-08-21,1755000
100-0061_1000_11/1/2024,NULL,NULL,1000,100-0061,2024-11-01,2985000
100-0061_1000_10/16/2024,NULL,NULL,1000,100-0061,2024-10-16,4140000
100-0061_1000_12/6/2024,NULL,NULL,1000,100-0061,2024-12-06,2445000
100-0061_1000_11/22/2024,NULL,NULL,1000,100-0061,2024-11-22,3405000
100-0062_1000_5/8/2023,NULL,NULL,1000,100-0062,2023-05-08,140000
100-0062_1000_11/2/2023,NULL,NULL,1000,100-0062,2023-11-02,7500
100-0062_1000_8/21/2024,NULL,NULL,1000,100-0062,2024-08-21,5085000
100-0062_1000_8/19/2024,NULL,NULL,1000,100-0062,2024-08-19,3435000
100-0062_1000_9/27/2024,NULL,NULL,1000,100-0062,2024-09-27,3855000
100-0062_1000_9/13/2024,NULL,NULL,1000,100-0062,2024-09-13,12675000
100-0062_1000_11/1/2024,NULL,NULL,1000,100-0062,2024-11-01,6945000
100-0062_1000_10/16/2024,NULL,NULL,1000,100-0062,2024-10-16,11130000
100-0062_1000_12/6/2024,NULL,NULL,1000,100-0062,2024-12-06,750000
100-0062_1000_11/22/2024,NULL,NULL,1000,100-0062,2024-11-22,5505000
100-0073_1000_9/27/2024,NULL,NULL,1000,100-0073,2024-09-27,300000
100-0073_1000_9/13/2024,NULL,NULL,1000,100-0073,2024-09-13,60000
100-0073_1000_11/1/2024,NULL,NULL,1000,100-0073,2024-11-01,112000
100-0073_1000_10/16/2024,NULL,NULL,1000,100-0073,2024-10-16,164000
100-0073_1000_12/6/2024,NULL,NULL,1000,100-0073,2024-12-06,80000
100-0073_1000_11/22/2024,NULL,NULL,1000,100-0073,2024-11-22,180000
100-0074_1000_5/8/2023,NULL,NULL,1000,100-0074,2023-05-08,759700
100-0074_1000_7/25/2024,NULL,NULL,1000,100-0074,2024-07-25,1370000
100-0074_1000_9/13/2024,NULL,NULL,1000,100-0074,2024-09-13,4640000
100-0074_1000_8/19/2024,NULL,NULL,1000,100-0074,2024-08-19,1340000
100-0074_1000_8/9/2024,NULL,NULL,1000,100-0074,2024-08-09,40000
100-0074_1000_9/27/2024,NULL,NULL,1000,100-0074,2024-09-27,5510000
100-0074_1000_11/1/2024,NULL,NULL,1000,100-0074,2024-11-01,5610000
100-0074_1000_10/16/2024,NULL,NULL,1000,100-0074,2024-10-16,4180000
100-0074_1000_12/6/2024,NULL,NULL,1000,100-0074,2024-12-06,3140000
100-0074_1000_11/22/2024,NULL,NULL,1000,100-0074,2024-11-22,4230000
100-0086_1000_5/8/2023,NULL,NULL,1000,100-0086,2023-05-08,1599700
100-0086_1000_8/4/2022,NULL,NULL,1000,100-0086,2022-08-04,10000
100-0086_1000_10/7/2022,NULL,NULL,1000,100-0086,2022-10-07,10000
100-0086_1000_8/19/2024,NULL,NULL,1000,100-0086,2024-08-19,48280000
100-0086_1000_8/9/2024,NULL,NULL,1000,100-0086,2024-08-09,87600000
100-0086_1000_12/20/2023,NULL,NULL,1000,100-0086,2023-12-20,10000
100-0086_1000_11/22/2024,NULL,NULL,1000,100-0086,2024-11-22,53060000
100-0086_1000_9/27/2024,NULL,NULL,1000,100-0086,2024-09-27,62600000
100-0086_1000_8/21/2024,NULL,NULL,1000,100-0086,2024-08-21,38220000
100-0086_1000_9/13/2024,NULL,NULL,1000,100-0086,2024-09-13,69080000
100-0086_1000_11/1/2024,NULL,NULL,1000,100-0086,2024-11-01,56100000
100-0086_1000_10/16/2024,NULL,NULL,1000,100-0086,2024-10-16,82060000
100-0086_1000_12/6/2024,NULL,NULL,1000,100-0086,2024-12-06,51360000
100-0086_5000_12/25/2024,NULL,NULL,5000,100-0086,2024-12-25,800000
100-0086_5000_12/6/2024,NULL,NULL,5000,100-0086,2024-12-06,200000
100-0141_1000_12/19/2022,NULL,NULL,1000,100-0141,2022-12-19,40000
100-0141_1000_6/29/2022,NULL,NULL,1000,100-0141,2022-06-29,10000
100-0088_1000_5/8/2023,NULL,NULL,1000,100-0088,2023-05-08,59700
100-0088_1000_8/21/2024,NULL,NULL,1000,100-0088,2024-08-21,540000
100-0088_1000_8/19/2024,NULL,NULL,1000,100-0088,2024-08-19,1035000
100-0088_1000_8/9/2024,NULL,NULL,1000,100-0088,2024-08-09,360000
100-0088_1000_9/27/2024,NULL,NULL,1000,100-0088,2024-09-27,5505000
100-0088_1000_9/13/2024,NULL,NULL,1000,100-0088,2024-09-13,2625000
100-0088_1000_11/1/2024,NULL,NULL,1000,100-0088,2024-11-01,3345000
100-0088_1000_10/16/2024,NULL,NULL,1000,100-0088,2024-10-16,3150000
100-0088_1000_12/6/2024,NULL,NULL,1000,100-0088,2024-12-06,2280000
100-0088_1000_11/22/2024,NULL,NULL,1000,100-0088,2024-11-22,1170000
100-0107_1000_3/14/2022,NULL,NULL,1000,100-0107,2022-03-14,20000
100-0108_1000_8/7/2024,NULL,NULL,1000,100-0108,2024-08-07,20000
100-0108_1000_7/16/2024,NULL,NULL,1000,100-0108,2024-07-16,300000
100-0115_1000_2/14/2023,NULL,NULL,1000,100-0115,2023-02-14,130000
100-0115_1000_1/26/2023,NULL,NULL,1000,100-0115,2023-01-26,470000
100-0115_1000_11/22/2024,NULL,NULL,1000,100-0115,2024-11-22,90000
100-0116_1000_5/8/2023,NULL,NULL,1000,100-0116,2023-05-08,323700
100-0116_1000_8/21/2024,NULL,NULL,1000,100-0116,2024-08-21,10116000
100-0116_1000_8/19/2024,NULL,NULL,1000,100-0116,2024-08-19,15288000
100-0116_1000_8/9/2024,NULL,NULL,1000,100-0116,2024-08-09,17748000
100-0116_1000_6/27/2024,NULL,NULL,1000,100-0116,2024-06-27,5420000
100-0116_1000_12/20/2023,NULL,NULL,1000,100-0116,2023-12-20,2000
100-0116_1000_9/27/2024,NULL,NULL,1000,100-0116,2024-09-27,9824000
100-0116_1000_9/13/2024,NULL,NULL,1000,100-0116,2024-09-13,13100000
100-0116_1000_11/1/2024,NULL,NULL,1000,100-0116,2024-11-01,7888000
100-0116_1000_10/16/2024,NULL,NULL,1000,100-0116,2024-10-16,21484000
100-0116_1000_12/6/2024,NULL,NULL,1000,100-0116,2024-12-06,6960000
100-0116_1000_11/22/2024,NULL,NULL,1000,100-0116,2024-11-22,13260000
100-0116_5000_12/6/2024,NULL,NULL,5000,100-0116,2024-12-06,8000
100-0116_5000_12/25/2024,NULL,NULL,5000,100-0116,2024-12-25,224000
100-0119_1000_4/17/2023,NULL,NULL,1000,100-0119,2023-04-17,4000
100-0119_1000_8/21/2024,NULL,NULL,1000,100-0119,2024-08-21,20000
100-0119_1000_8/19/2024,NULL,NULL,1000,100-0119,2024-08-19,30000
100-0119_1000_8/9/2024,NULL,NULL,1000,100-0119,2024-08-09,40000
100-0119_1000_9/27/2024,NULL,NULL,1000,100-0119,2024-09-27,530000
100-0119_1000_9/13/2024,NULL,NULL,1000,100-0119,2024-09-13,20000
100-0119_1000_11/1/2024,NULL,NULL,1000,100-0119,2024-11-01,240000
100-0119_1000_10/16/2024,NULL,NULL,1000,100-0119,2024-10-16,110000
100-0119_1000_12/6/2024,NULL,NULL,1000,100-0119,2024-12-06,110000
100-0119_1000_11/22/2024,NULL,NULL,1000,100-0119,2024-11-22,60000
100-0122_1000_11/22/2024,NULL,NULL,1000,100-0122,2024-11-22,50000
100-0142_1000_2/13/2023,NULL,NULL,1000,100-0142,2023-02-13,80000
100-0142_1000_8/19/2024,NULL,NULL,1000,100-0142,2024-08-19,100000
100-0142_1000_8/9/2024,NULL,NULL,1000,100-0142,2024-08-09,40000
100-0142_1000_9/27/2024,NULL,NULL,1000,100-0142,2024-09-27,980000
100-0142_1000_8/21/2024,NULL,NULL,1000,100-0142,2024-08-21,380000
100-0142_1000_9/13/2024,NULL,NULL,1000,100-0142,2024-09-13,140000
100-0142_1000_11/1/2024,NULL,NULL,1000,100-0142,2024-11-01,440000
100-0142_1000_10/16/2024,NULL,NULL,1000,100-0142,2024-10-16,300000
100-0143_1000_8/24/2022,NULL,NULL,1000,100-0143,2022-08-24,20000
100-0143_1000_8/4/2022,NULL,NULL,1000,100-0143,2022-08-04,10000
100-0143_1000_8/10/2023,NULL,NULL,1000,100-0143,2023-08-10,20000
100-0143_1000_8/21/2024,NULL,NULL,1000,100-0143,2024-08-21,1920000
100-0143_1000_8/19/2024,NULL,NULL,1000,100-0143,2024-08-19,2840000
100-0143_1000_5/19/2023,NULL,NULL,1000,100-0143,2023-05-19,20000
100-0143_1000_9/27/2024,NULL,NULL,1000,100-0143,2024-09-27,5920000
100-0143_1000_9/13/2024,NULL,NULL,1000,100-0143,2024-09-13,4520000
100-0143_1000_11/1/2024,NULL,NULL,1000,100-0143,2024-11-01,3960000
100-0143_1000_10/16/2024,NULL,NULL,1000,100-0143,2024-10-16,4160000
100-0143_1000_12/6/2024,NULL,NULL,1000,100-0143,2024-12-06,2840000
100-0143_1000_11/22/2024,NULL,NULL,1000,100-0143,2024-11-22,4720000
100-0143_5000_12/25/2024,NULL,NULL,5000,100-0143,2024-12-25,80000
100-0214_1000_7/10/2024,NULL,NULL,1000,100-0214,2024-07-10,6910000
100-0214_1000_9/13/2024,NULL,NULL,1000,100-0214,2024-09-13,13810000
100-0214_1000_8/19/2024,NULL,NULL,1000,100-0214,2024-08-19,12520000
100-0214_1000_8/9/2024,NULL,NULL,1000,100-0214,2024-08-09,2510000
100-0214_1000_9/27/2024,NULL,NULL,1000,100-0214,2024-09-27,7240000
100-0214_1000_8/21/2024,NULL,NULL,1000,100-0214,2024-08-21,5010000
100-0214_1000_11/1/2024,NULL,NULL,1000,100-0214,2024-11-01,6700000
100-0214_1000_10/16/2024,NULL,NULL,1000,100-0214,2024-10-16,10130000
100-0214_1000_12/6/2024,NULL,NULL,1000,100-0214,2024-12-06,5940000
100-0214_1000_11/22/2024,NULL,NULL,1000,100-0214,2024-11-22,21370000
100-0222_1000_10/16/2024,NULL,NULL,1000,100-0222,2024-10-16,30000
100-0224_1000_7/10/2024,NULL,NULL,1000,100-0224,2024-07-10,3060000
100-0224_1000_6/27/2024,NULL,NULL,1000,100-0224,2024-06-27,4010000
100-0224_1000_3/6/2024,NULL,NULL,1000,100-0224,2024-03-06,1880000
100-0225_1000_7/10/2024,NULL,NULL,1000,100-0225,2024-07-10,14550000
100-0225_1000_1/20/2024,NULL,NULL,1000,100-0225,2024-01-20,10000
100-0225_1000_9/13/2024,NULL,NULL,1000,100-0225,2024-09-13,11205000
100-0225_1000_8/19/2024,NULL,NULL,1000,100-0225,2024-08-19,9885000
100-0225_1000_6/27/2024,NULL,NULL,1000,100-0225,2024-06-27,2400000
100-0225_1000_12/20/2023,NULL,NULL,1000,100-0225,2023-12-20,60000
100-0225_1000_9/27/2024,NULL,NULL,1000,100-0225,2024-09-27,6075000
100-0225_1000_8/21/2024,NULL,NULL,1000,100-0225,2024-08-21,5055000
100-0225_1000_11/1/2024,NULL,NULL,1000,100-0225,2024-11-01,5160000
100-0225_1000_10/16/2024,NULL,NULL,1000,100-0225,2024-10-16,10470000
100-0225_1000_12/6/2024,NULL,NULL,1000,100-0225,2024-12-06,3795000
100-0225_1000_11/22/2024,NULL,NULL,1000,100-0225,2024-11-22,22740000
100-0227_1000_7/10/2024,NULL,NULL,1000,100-0227,2024-07-10,496000
100-0227_1000_9/13/2024,NULL,NULL,1000,100-0227,2024-09-13,1872000
100-0227_1000_6/27/2024,NULL,NULL,1000,100-0227,2024-06-27,3992000
100-0227_1000_9/27/2024,NULL,NULL,1000,100-0227,2024-09-27,4132000
100-0227_1000_11/1/2024,NULL,NULL,1000,100-0227,2024-11-01,2732000
100-0227_1000_10/16/2024,NULL,NULL,1000,100-0227,2024-10-16,2300000
100-0227_1000_12/6/2024,NULL,NULL,1000,100-0227,2024-12-06,1156000
100-0227_1000_11/22/2024,NULL,NULL,1000,100-0227,2024-11-22,10408000
100-0268_1000_7/10/2024,NULL,NULL,1000,100-0268,2024-07-10,18630000
100-0268_1000_6/27/2024,NULL,NULL,1000,100-0268,2024-06-27,23880000
100-0300_1000_9/8/2023,NULL,NULL,1000,100-0300,2023-09-08,5000
100-0300_1000_8/29/2023,NULL,NULL,1000,100-0300,2023-08-29,10000
100-0300_1000_9/2/2023,NULL,NULL,1000,100-0300,2023-09-02,10000
100-0300_1000_10/25/2023,NULL,NULL,1000,100-0300,2023-10-25,10000
100-0300_1000_7/10/2024,NULL,NULL,1000,100-0300,2024-07-10,765000
100-0300_1000_11/22/2024,NULL,NULL,1000,100-0300,2024-11-22,1755000
100-0300_1000_5/29/2023,NULL,NULL,1000,100-0300,2023-05-29,10000
100-0300_1000_9/27/2024,NULL,NULL,1000,100-0300,2024-09-27,270000
100-0300_1000_9/13/2024,NULL,NULL,1000,100-0300,2024-09-13,1950000
100-0300_1000_10/16/2024,NULL,NULL,1000,100-0300,2024-10-16,1575000
100-0300_1000_11/1/2024,NULL,NULL,1000,100-0300,2024-11-01,540000
100-0300_1000_12/6/2024,NULL,NULL,1000,100-0300,2024-12-06,810000
100-0300_1000_1/14/2024,NULL,NULL,1000,100-0300,2024-01-14,10000
100-0300_1000_1/1/2024,NULL,NULL,1000,100-0300,2024-01-01,5000
100-0300_1000_4/29/2024,NULL,NULL,1000,100-0300,2024-04-29,5000
100-0300_1000_8/21/2024,NULL,NULL,1000,100-0300,2024-08-21,960000
100-0300_1000_8/19/2024,NULL,NULL,1000,100-0300,2024-08-19,2340000
100-0300_1000_8/9/2024,NULL,NULL,1000,100-0300,2024-08-09,990000
100-0300_1000_5/28/2024,NULL,NULL,1000,100-0300,2024-05-28,10000
100-0300_1000_2/10/2024,NULL,NULL,1000,100-0300,2024-02-10,10000
100-0300_1000_5/10/2024,NULL,NULL,1000,100-0300,2024-05-10,10000
100-0300_1000_5/6/2024,NULL,NULL,1000,100-0300,2024-05-06,5000
100-0365_1000_8/19/2024,NULL,NULL,1000,100-0365,2024-08-19,760000
100-0365_1000_8/9/2024,NULL,NULL,1000,100-0365,2024-08-09,360000
100-0365_1000_9/27/2024,NULL,NULL,1000,100-0365,2024-09-27,240000
100-0365_1000_8/21/2024,NULL,NULL,1000,100-0365,2024-08-21,120000
100-0365_1000_9/13/2024,NULL,NULL,1000,100-0365,2024-09-13,840000
100-0365_1000_11/1/2024,NULL,NULL,1000,100-0365,2024-11-01,360000
100-0365_1000_10/16/2024,NULL,NULL,1000,100-0365,2024-10-16,440000
110-0001_1000_8/30/2024,NULL,NULL,1000,110-0001,2024-08-30,5710000
110-0001_1000_9/18/2024,NULL,NULL,1000,110-0001,2024-09-18,860000
110-0001_1000_10/24/2024,NULL,NULL,1000,110-0001,2024-10-24,10000
110-0001_1000_10/4/2024,NULL,NULL,1000,110-0001,2024-10-04,3280000
110-0001_1000_11/8/2024,NULL,NULL,1000,110-0001,2024-11-08,3010000
110-0001_1000_10/25/2024,NULL,NULL,1000,110-0001,2024-10-25,110000
110-0002_1000_10/24/2022,NULL,NULL,1000,110-0002,2022-10-24,100000
110-0002_1000_10/24/2024,NULL,NULL,1000,110-0002,2024-10-24,10000
110-0002_1000_11/8/2024,NULL,NULL,1000,110-0002,2024-11-08,30000
110-0003_1000_10/24/2022,NULL,NULL,1000,110-0003,2022-10-24,7310000
110-0003_1000_10/24/2024,NULL,NULL,1000,110-0003,2024-10-24,10000
110-0011_1000_8/16/2024,NULL,NULL,1000,110-0011,2024-08-16,210000
110-0011_1000_8/30/2024,NULL,NULL,1000,110-0011,2024-08-30,590000
110-0011_1000_9/18/2024,NULL,NULL,1000,110-0011,2024-09-18,840000
110-0011_1000_10/24/2024,NULL,NULL,1000,110-0011,2024-10-24,10000
110-0011_1000_10/25/2024,NULL,NULL,1000,110-0011,2024-10-25,260000
110-0011_1000_11/8/2024,NULL,NULL,1000,110-0011,2024-11-08,50000
110-0019_1000_11/1/2024,NULL,NULL,1000,110-0019,2024-11-01,10000
110-0019_1000_10/18/2024,NULL,NULL,1000,110-0019,2024-10-18,20000
110-0063_1000_10/24/2024,NULL,NULL,1000,110-0063,2024-10-24,10000
110-0064_1000_8/30/2024,NULL,NULL,1000,110-0064,2024-08-30,12740000
110-0064_1000_9/18/2024,NULL,NULL,1000,110-0064,2024-09-18,4040000
110-0064_1000_10/4/2024,NULL,NULL,1000,110-0064,2024-10-04,7720000
110-0064_1000_10/25/2024,NULL,NULL,1000,110-0064,2024-10-25,1990000
110-0064_1000_11/8/2024,NULL,NULL,1000,110-0064,2024-11-08,5660000
110-0099_1000_8/16/2024,NULL,NULL,1000,110-0099,2024-08-16,50000
110-0099_1000_9/18/2024,NULL,NULL,1000,110-0099,2024-09-18,450000
110-0099_1000_8/30/2024,NULL,NULL,1000,110-0099,2024-08-30,2180000
110-0099_1000_10/25/2024,NULL,NULL,1000,110-0099,2024-10-25,120000
110-0099_1000_10/4/2024,NULL,NULL,1000,110-0099,2024-10-04,1320000
110-0099_1000_10/24/2024,NULL,NULL,1000,110-0099,2024-10-24,10000
110-0099_1000_11/8/2024,NULL,NULL,1000,110-0099,2024-11-08,1070000
110-0121_1000_1/8/2024,NULL,NULL,1000,110-0121,2024-01-08,70000
110-0121_1000_8/30/2024,NULL,NULL,1000,110-0121,2024-08-30,300000
110-0121_1000_9/18/2024,NULL,NULL,1000,110-0121,2024-09-18,40000
110-0121_1000_10/25/2024,NULL,NULL,1000,110-0121,2024-10-25,20000
110-0121_1000_10/4/2024,NULL,NULL,1000,110-0121,2024-10-04,260000
110-0121_1000_11/8/2024,NULL,NULL,1000,110-0121,2024-11-08,240000
110-0156_1000_6/27/2024,NULL,NULL,1000,110-0156,2024-06-27,20000
110-0156_1000_8/30/2024,NULL,NULL,1000,110-0156,2024-08-30,60000
110-0156_1000_10/4/2024,NULL,NULL,1000,110-0156,2024-10-04,30000
110-0156_1000_9/18/2024,NULL,NULL,1000,110-0156,2024-09-18,40000
110-0156_1000_11/8/2024,NULL,NULL,1000,110-0156,2024-11-08,40000
110-0156_1000_10/25/2024,NULL,NULL,1000,110-0156,2024-10-25,60000
110-0158_1000_8/30/2024,NULL,NULL,1000,110-0158,2024-08-30,480000
110-0158_1000_8/16/2024,NULL,NULL,1000,110-0158,2024-08-16,480000
110-0158_1000_7/24/2024,NULL,NULL,1000,110-0158,2024-07-24,190000
110-0158_1000_7/22/2024,NULL,NULL,1000,110-0158,2024-07-22,120000
110-0158_1000_10/24/2024,NULL,NULL,1000,110-0158,2024-10-24,10000
110-0158_1000_10/4/2024,NULL,NULL,1000,110-0158,2024-10-04,880000
110-0158_1000_11/8/2024,NULL,NULL,1000,110-0158,2024-11-08,450000
110-0158_1000_10/25/2024,NULL,NULL,1000,110-0158,2024-10-25,190000
110-0161_1000_10/4/2024,NULL,NULL,1000,110-0161,2024-10-04,20000
110-0161_1000_9/18/2024,NULL,NULL,1000,110-0161,2024-09-18,80000
110-0161_1000_10/25/2024,NULL,NULL,1000,110-0161,2024-10-25,30000
110-0172_1000_10/24/2024,NULL,NULL,1000,110-0172,2024-10-24,10000
110-0174_1000_3/22/2024,NULL,NULL,1000,110-0174,2024-03-22,350000
110-0174_1000_10/24/2024,NULL,NULL,1000,110-0174,2024-10-24,10000
110-0177_1000_9/18/2024,NULL,NULL,1000,110-0177,2024-09-18,190000
110-0177_1000_8/30/2024,NULL,NULL,1000,110-0177,2024-08-30,470000
110-0177_1000_10/4/2024,NULL,NULL,1000,110-0177,2024-10-04,300000
110-0177_1000_10/25/2024,NULL,NULL,1000,110-0177,2024-10-25,60000
110-0177_1000_11/8/2024,NULL,NULL,1000,110-0177,2024-11-08,200000
110-0207_1000_10/25/2024,NULL,NULL,1000,110-0207,2024-10-25,100000
110-0207_1000_8/30/2024,NULL,NULL,1000,110-0207,2024-08-30,50000
110-0207_1000_10/4/2024,NULL,NULL,1000,110-0207,2024-10-04,50000
110-0207_1000_9/18/2024,NULL,NULL,1000,110-0207,2024-09-18,220000
110-0213_1000_12/19/2022,NULL,NULL,1000,110-0213,2022-12-19,230000
110-0214_1000_8/16/2024,NULL,NULL,1000,110-0214,2024-08-16,170000
110-0214_1000_8/30/2024,NULL,NULL,1000,110-0214,2024-08-30,230000
110-0214_1000_9/18/2024,NULL,NULL,1000,110-0214,2024-09-18,370000
110-0214_1000_10/4/2024,NULL,NULL,1000,110-0214,2024-10-04,200000
110-0214_1000_10/25/2024,NULL,NULL,1000,110-0214,2024-10-25,360000
110-0214_1000_11/8/2024,NULL,NULL,1000,110-0214,2024-11-08,10000
110-0216_1000_8/30/2024,NULL,NULL,1000,110-0216,2024-08-30,2060000
110-0216_1000_9/18/2024,NULL,NULL,1000,110-0216,2024-09-18,300000
110-0216_1000_10/24/2024,NULL,NULL,1000,110-0216,2024-10-24,10000
110-0216_1000_10/4/2024,NULL,NULL,1000,110-0216,2024-10-04,1150000
110-0216_1000_10/25/2024,NULL,NULL,1000,110-0216,2024-10-25,20000
110-0216_1000_11/8/2024,NULL,NULL,1000,110-0216,2024-11-08,1090000
110-0220_1000_8/30/2024,NULL,NULL,1000,110-0220,2024-08-30,40000
110-0220_1000_8/16/2024,NULL,NULL,1000,110-0220,2024-08-16,90000
110-0220_1000_9/18/2024,NULL,NULL,1000,110-0220,2024-09-18,170000
110-0220_1000_10/4/2024,NULL,NULL,1000,110-0220,2024-10-04,60000
110-0220_1000_11/8/2024,NULL,NULL,1000,110-0220,2024-11-08,10000
110-0220_1000_10/25/2024,NULL,NULL,1000,110-0220,2024-10-25,90000
110-0237_1000_1/8/2024,NULL,NULL,1000,110-0237,2024-01-08,580000
110-0237_1000_8/30/2024,NULL,NULL,1000,110-0237,2024-08-30,90000
110-0237_1000_9/18/2024,NULL,NULL,1000,110-0237,2024-09-18,310000
110-0237_1000_10/4/2024,NULL,NULL,1000,110-0237,2024-10-04,260000
110-0237_1000_11/8/2024,NULL,NULL,1000,110-0237,2024-11-08,210000
110-0237_1000_10/25/2024,NULL,NULL,1000,110-0237,2024-10-25,80000
110-0239_1000_8/30/2024,NULL,NULL,1000,110-0239,2024-08-30,940000
110-0239_1000_9/18/2024,NULL,NULL,1000,110-0239,2024-09-18,300000
110-0239_1000_10/4/2024,NULL,NULL,1000,110-0239,2024-10-04,580000
110-0239_1000_11/8/2024,NULL,NULL,1000,110-0239,2024-11-08,410000
110-0239_1000_10/25/2024,NULL,NULL,1000,110-0239,2024-10-25,90000
110-0241_1000_9/18/2024,NULL,NULL,1000,110-0241,2024-09-18,860000
110-0241_1000_8/30/2024,NULL,NULL,1000,110-0241,2024-08-30,4550000
110-0241_1000_10/4/2024,NULL,NULL,1000,110-0241,2024-10-04,2350000
110-0243_1000_9/18/2024,NULL,NULL,1000,110-0243,2024-09-18,70000
110-0243_1000_10/4/2024,NULL,NULL,1000,110-0243,2024-10-04,20000
110-0243_1000_11/8/2024,NULL,NULL,1000,110-0243,2024-11-08,150000
110-0243_1000_10/25/2024,NULL,NULL,1000,110-0243,2024-10-25,30000
110-0246_1000_1/8/2024,NULL,NULL,1000,110-0246,2024-01-08,40000
110-0246_1000_12/29/2023,NULL,NULL,1000,110-0246,2023-12-29,70000
110-0246_1000_12/7/2023,NULL,NULL,1000,110-0246,2023-12-07,40000
110-0248_1000_8/16/2024,NULL,NULL,1000,110-0248,2024-08-16,10000
110-0248_1000_11/8/2024,NULL,NULL,1000,110-0248,2024-11-08,10000
110-0248_1000_10/25/2024,NULL,NULL,1000,110-0248,2024-10-25,10000
110-0249_1000_8/30/2024,NULL,NULL,1000,110-0249,2024-08-30,50000
110-0249_1000_10/4/2024,NULL,NULL,1000,110-0249,2024-10-04,20000
110-0249_1000_9/18/2024,NULL,NULL,1000,110-0249,2024-09-18,20000
110-0249_1000_11/8/2024,NULL,NULL,1000,110-0249,2024-11-08,20000
110-0249_1000_10/25/2024,NULL,NULL,1000,110-0249,2024-10-25,30000
110-0252_1000_8/30/2024,NULL,NULL,1000,110-0252,2024-08-30,20000
110-0252_1000_10/4/2024,NULL,NULL,1000,110-0252,2024-10-04,30000
110-0252_1000_9/18/2024,NULL,NULL,1000,110-0252,2024-09-18,110000
110-0252_1000_10/25/2024,NULL,NULL,1000,110-0252,2024-10-25,50000
110-0253_1000_8/16/2024,NULL,NULL,1000,110-0253,2024-08-16,40000
110-0253_1000_8/30/2024,NULL,NULL,1000,110-0253,2024-08-30,60000
110-0253_1000_11/8/2024,NULL,NULL,1000,110-0253,2024-11-08,40000
110-0253_1000_9/18/2024,NULL,NULL,1000,110-0253,2024-09-18,30000
110-0253_1000_10/4/2024,NULL,NULL,1000,110-0253,2024-10-04,110000
110-0253_1000_10/25/2024,NULL,NULL,1000,110-0253,2024-10-25,60000
110-0260_1000_8/16/2024,NULL,NULL,1000,110-0260,2024-08-16,130000
110-0260_1000_10/4/2024,NULL,NULL,1000,110-0260,2024-10-04,100000
110-0260_1000_9/18/2024,NULL,NULL,1000,110-0260,2024-09-18,90000
110-0260_1000_11/8/2024,NULL,NULL,1000,110-0260,2024-11-08,10000
110-0260_1000_10/25/2024,NULL,NULL,1000,110-0260,2024-10-25,90000
110-0261_1000_8/16/2024,NULL,NULL,1000,110-0261,2024-08-16,170000
110-0261_1000_9/18/2024,NULL,NULL,1000,110-0261,2024-09-18,200000
110-0261_1000_8/30/2024,NULL,NULL,1000,110-0261,2024-08-30,130000
110-0261_1000_10/24/2024,NULL,NULL,1000,110-0261,2024-10-24,10000
110-0261_1000_10/4/2024,NULL,NULL,1000,110-0261,2024-10-04,170000
110-0261_1000_10/25/2024,NULL,NULL,1000,110-0261,2024-10-25,220000
110-0261_1000_11/8/2024,NULL,NULL,1000,110-0261,2024-11-08,30000
110-0267_1000_9/18/2024,NULL,NULL,1000,110-0267,2024-09-18,80000
110-0267_1000_10/25/2024,NULL,NULL,1000,110-0267,2024-10-25,30000
110-0267_1000_10/24/2024,NULL,NULL,1000,110-0267,2024-10-24,10000
110-0268_1000_8/30/2024,NULL,NULL,1000,110-0268,2024-08-30,140000
110-0268_1000_10/4/2024,NULL,NULL,1000,110-0268,2024-10-04,90000
110-0268_1000_9/18/2024,NULL,NULL,1000,110-0268,2024-09-18,50000
110-0268_1000_11/8/2024,NULL,NULL,1000,110-0268,2024-11-08,60000
110-0268_1000_10/25/2024,NULL,NULL,1000,110-0268,2024-10-25,80000
110-0270_1000_10/21/2022,NULL,NULL,1000,110-0270,2022-10-21,10000
110-0272_1000_8/30/2024,NULL,NULL,1000,110-0272,2024-08-30,70000
110-0272_1000_10/4/2024,NULL,NULL,1000,110-0272,2024-10-04,50000
110-0272_1000_9/18/2024,NULL,NULL,1000,110-0272,2024-09-18,160000
110-0272_1000_10/25/2024,NULL,NULL,1000,110-0272,2024-10-25,100000
110-0273_1000_12/1/2022,NULL,NULL,1000,110-0273,2022-12-01,100000
110-0273_1000_10/4/2024,NULL,NULL,1000,110-0273,2024-10-04,70000
110-0273_1000_9/18/2024,NULL,NULL,1000,110-0273,2024-09-18,60000
110-0273_1000_11/8/2024,NULL,NULL,1000,110-0273,2024-11-08,10000
110-0273_1000_10/25/2024,NULL,NULL,1000,110-0273,2024-10-25,60000
110-0295_1000_1/23/2024,NULL,NULL,1000,110-0295,2024-01-23,30000
110-0295_1000_10/4/2023,NULL,NULL,1000,110-0295,2023-10-04,10000
110-0298_1000_8/30/2024,NULL,NULL,1000,110-0298,2024-08-30,120000
110-0298_1000_10/4/2024,NULL,NULL,1000,110-0298,2024-10-04,10000
110-0298_1000_9/18/2024,NULL,NULL,1000,110-0298,2024-09-18,230000
110-0298_1000_10/24/2024,NULL,NULL,1000,110-0298,2024-10-24,10000
110-0298_1000_10/25/2024,NULL,NULL,1000,110-0298,2024-10-25,120000
110-0308_1000_8/30/2024,NULL,NULL,1000,110-0308,2024-08-30,950000
110-0308_1000_9/18/2024,NULL,NULL,1000,110-0308,2024-09-18,250000
110-0308_1000_10/4/2024,NULL,NULL,1000,110-0308,2024-10-04,550000
110-0308_1000_11/8/2024,NULL,NULL,1000,110-0308,2024-11-08,420000
110-0308_1000_10/25/2024,NULL,NULL,1000,110-0308,2024-10-25,70000
110-0311_1000_8/30/2024,NULL,NULL,1000,110-0311,2024-08-30,9160000
110-0311_1000_9/18/2024,NULL,NULL,1000,110-0311,2024-09-18,2140000
110-0311_1000_10/4/2024,NULL,NULL,1000,110-0311,2024-10-04,5030000
110-0311_1000_11/8/2024,NULL,NULL,1000,110-0311,2024-11-08,3710000
110-0311_1000_10/25/2024,NULL,NULL,1000,110-0311,2024-10-25,880000
110-0368_1000_8/16/2024,NULL,NULL,1000,110-0368,2024-08-16,280000
110-0368_1000_8/30/2024,NULL,NULL,1000,110-0368,2024-08-30,170000
110-0368_1000_9/18/2024,NULL,NULL,1000,110-0368,2024-09-18,220000
110-0368_1000_10/4/2024,NULL,NULL,1000,110-0368,2024-10-04,150000
110-0368_1000_11/8/2024,NULL,NULL,1000,110-0368,2024-11-08,180000
110-0368_1000_10/25/2024,NULL,NULL,1000,110-0368,2024-10-25,260000
110-0369_1000_8/16/2024,NULL,NULL,1000,110-0369,2024-08-16,2410000
110-0369_1000_8/30/2024,NULL,NULL,1000,110-0369,2024-08-30,1560000
110-0369_1000_10/4/2024,NULL,NULL,1000,110-0369,2024-10-04,1370000
110-0369_1000_9/18/2024,NULL,NULL,1000,110-0369,2024-09-18,1880000
110-0369_1000_11/8/2024,NULL,NULL,1000,110-0369,2024-11-08,1640000
110-0369_1000_10/25/2024,NULL,NULL,1000,110-0369,2024-10-25,2000000
110-0371_1000_8/16/2024,NULL,NULL,1000,110-0371,2024-08-16,6790000
110-0371_1000_7/24/2024,NULL,NULL,1000,110-0371,2024-07-24,1670000
110-0371_1000_8/30/2024,NULL,NULL,1000,110-0371,2024-08-30,7760000
110-0371_1000_9/18/2024,NULL,NULL,1000,110-0371,2024-09-18,7170000
110-0371_1000_10/25/2024,NULL,NULL,1000,110-0371,2024-10-25,4210000
110-0371_1000_11/8/2024,NULL,NULL,1000,110-0371,2024-11-08,4590000
110-0371_5000_10/30/2024,NULL,NULL,5000,110-0371,2024-10-30,100000
110-0372_1000_8/16/2024,NULL,NULL,1000,110-0372,2024-08-16,300000
110-0372_1000_7/24/2024,NULL,NULL,1000,110-0372,2024-07-24,50000
110-0372_1000_7/22/2024,NULL,NULL,1000,110-0372,2024-07-22,30000
110-0372_1000_8/30/2024,NULL,NULL,1000,110-0372,2024-08-30,160000
110-0372_1000_9/18/2024,NULL,NULL,1000,110-0372,2024-09-18,210000
110-0372_1000_10/4/2024,NULL,NULL,1000,110-0372,2024-10-04,190000
110-0372_1000_11/8/2024,NULL,NULL,1000,110-0372,2024-11-08,190000
110-0372_1000_10/25/2024,NULL,NULL,1000,110-0372,2024-10-25,300000
110-0376_1000_10/4/2024,NULL,NULL,1000,110-0376,2024-10-04,20000
110-0376_1000_11/8/2024,NULL,NULL,1000,110-0376,2024-11-08,10000
110-0377_1000_2/12/2024,NULL,NULL,1000,110-0377,2024-02-12,11950000
110-0377_1000_10/25/2024,NULL,NULL,1000,110-0377,2024-10-25,2360000
110-0377_1000_10/4/2024,NULL,NULL,1000,110-0377,2024-10-04,1460000
110-0377_1000_11/8/2024,NULL,NULL,1000,110-0377,2024-11-08,210000
110-0378_1000_7/12/2024,NULL,NULL,1000,110-0378,2024-07-12,10000
110-0378_1000_5/21/2024,NULL,NULL,1000,110-0378,2024-05-21,10000
110-0378_1000_8/16/2024,NULL,NULL,1000,110-0378,2024-08-16,20000
110-0378_1000_7/24/2024,NULL,NULL,1000,110-0378,2024-07-24,10000
110-0378_1000_8/30/2024,NULL,NULL,1000,110-0378,2024-08-30,30000
110-0378_1000_10/4/2024,NULL,NULL,1000,110-0378,2024-10-04,30000
110-0379_1000_7/12/2024,NULL,NULL,1000,110-0379,2024-07-12,80000
110-0379_1000_8/16/2024,NULL,NULL,1000,110-0379,2024-08-16,470000
110-0379_1000_7/24/2024,NULL,NULL,1000,110-0379,2024-07-24,200000
110-0379_1000_7/22/2024,NULL,NULL,1000,110-0379,2024-07-22,290000
110-0379_1000_8/30/2024,NULL,NULL,1000,110-0379,2024-08-30,20000
110-0379_1000_10/4/2024,NULL,NULL,1000,110-0379,2024-10-04,200000
110-0379_1000_9/18/2024,NULL,NULL,1000,110-0379,2024-09-18,720000
110-0379_1000_11/8/2024,NULL,NULL,1000,110-0379,2024-11-08,160000
110-0379_1000_10/25/2024,NULL,NULL,1000,110-0379,2024-10-25,380000
110-0379_5000_10/6/2023,NULL,NULL,5000,110-0379,2023-10-06,10000
110-0379_5000_7/11/2024,NULL,NULL,5000,110-0379,2024-07-11,10000
110-0380_1000_6/12/2024,NULL,NULL,1000,110-0380,2024-06-12,580000
110-0380_1000_2/12/2024,NULL,NULL,1000,110-0380,2024-02-12,870000
110-0380_1000_2/6/2024,NULL,NULL,1000,110-0380,2024-02-06,20000
110-0380_1000_9/18/2024,NULL,NULL,1000,110-0380,2024-09-18,380000
110-0380_1000_10/25/2024,NULL,NULL,1000,110-0380,2024-10-25,160000
110-0381_1000_2/11/2024,NULL,NULL,1000,110-0381,2024-02-11,50000
110-0381_1000_2/12/2024,NULL,NULL,1000,110-0381,2024-02-12,800000
110-0381_1000_2/5/2024,NULL,NULL,1000,110-0381,2024-02-05,420000
110-0460_1000_1/8/2024,NULL,NULL,1000,110-0460,2024-01-08,3430000
110-0460_1000_10/24/2024,NULL,NULL,1000,110-0460,2024-10-24,10000
110-0561_1000_12/11/2023,NULL,NULL,1000,110-0561,2023-12-11,10000
110-0561_1000_11/9/2023,NULL,NULL,1000,110-0561,2023-11-09,10000
110-0566_1000_7/19/2024,NULL,NULL,1000,110-0566,2024-07-19,2170000
110-0566_1000_8/2/2024,NULL,NULL,1000,110-0566,2024-08-02,940000
110-0566_1000_9/6/2024,NULL,NULL,1000,110-0566,2024-09-06,3570000
110-0566_1000_8/21/2024,NULL,NULL,1000,110-0566,2024-08-21,4130000
110-0566_1000_9/27/2024,NULL,NULL,1000,110-0566,2024-09-27,2670000
110-0566_1000_10/11/2024,NULL,NULL,1000,110-0566,2024-10-11,400000
110-0570_1000_8/2/2024,NULL,NULL,1000,110-0570,2024-08-02,810000
110-0570_1000_8/21/2024,NULL,NULL,1000,110-0570,2024-08-21,5780000
110-0570_1000_9/6/2024,NULL,NULL,1000,110-0570,2024-09-06,4430000
110-0570_1000_9/27/2024,NULL,NULL,1000,110-0570,2024-09-27,2440000
110-0570_1000_10/11/2024,NULL,NULL,1000,110-0570,2024-10-11,1990000
110-0571_1000_4/23/2024,NULL,NULL,1000,110-0571,2024-04-23,10000
110-0602_1000_8/16/2024,NULL,NULL,1000,110-0602,2024-08-16,570000
110-0602_1000_7/24/2024,NULL,NULL,1000,110-0602,2024-07-24,300000
110-0602_1000_7/22/2024,NULL,NULL,1000,110-0602,2024-07-22,310000
110-0602_1000_8/30/2024,NULL,NULL,1000,110-0602,2024-08-30,280000
110-0602_1000_9/18/2024,NULL,NULL,1000,110-0602,2024-09-18,620000
110-0602_1000_10/4/2024,NULL,NULL,1000,110-0602,2024-10-04,200000
110-0602_1000_10/25/2024,NULL,NULL,1000,110-0602,2024-10-25,560000
110-0602_1000_11/8/2024,NULL,NULL,1000,110-0602,2024-11-08,260000
110-0603_1000_2/11/2024,NULL,NULL,1000,110-0603,2024-02-11,670000
110-0603_1000_8/16/2024,NULL,NULL,1000,110-0603,2024-08-16,1210000
110-0603_1000_8/30/2024,NULL,NULL,1000,110-0603,2024-08-30,620000
110-0603_1000_9/18/2024,NULL,NULL,1000,110-0603,2024-09-18,1850000
110-0603_1000_10/25/2024,NULL,NULL,1000,110-0603,2024-10-25,30000
110-0603_1000_11/8/2024,NULL,NULL,1000,110-0603,2024-11-08,680000
110-0624_1000_2/11/2024,NULL,NULL,1000,110-0624,2024-02-11,1940000
110-0624_1000_2/12/2024,NULL,NULL,1000,110-0624,2024-02-12,5030000
110-0624_1000_10/4/2024,NULL,NULL,1000,110-0624,2024-10-04,1850000
110-0624_1000_9/18/2024,NULL,NULL,1000,110-0624,2024-09-18,620000
110-0627_1000_10/21/2022,NULL,NULL,1000,110-0627,2022-10-21,1770000
110-0627_1000_10/4/2024,NULL,NULL,1000,110-0627,2024-10-04,20000
110-0627_1000_11/8/2024,NULL,NULL,1000,110-0627,2024-11-08,330000
110-0713_1000_7/19/2024,NULL,NULL,1000,110-0713,2024-07-19,70000
110-0713_1000_8/2/2024,NULL,NULL,1000,110-0713,2024-08-02,140000
110-0730_1000_9/23/2022,NULL,NULL,1000,110-0730,2022-09-23,180000
110-0730_1000_9/6/2024,NULL,NULL,1000,110-0730,2024-09-06,250000
110-0730_1000_10/11/2024,NULL,NULL,1000,110-0730,2024-10-11,310000
110-0730_1000_9/27/2024,NULL,NULL,1000,110-0730,2024-09-27,230000
120-0029_1000_2/13/2023,NULL,NULL,1000,120-0029,2023-02-13,8000
120-0046_1000_11/17/2023,NULL,NULL,1000,120-0046,2023-11-17,160000
120-0046_1000_9/27/2024,NULL,NULL,1000,120-0046,2024-09-27,88000
120-0046_1000_11/22/2024,NULL,NULL,1000,120-0046,2024-11-22,40000
120-0046_1000_11/1/2024,NULL,NULL,1000,120-0046,2024-11-01,164000
120-0046_1000_12/6/2024,NULL,NULL,1000,120-0046,2024-12-06,44000
120-0047_1000_11/17/2022,NULL,NULL,1000,120-0047,2022-11-17,4000
120-0051_1000_9/27/2024,NULL,NULL,1000,120-0051,2024-09-27,280000
120-0051_1000_10/16/2024,NULL,NULL,1000,120-0051,2024-10-16,70000
120-0051_1000_11/22/2024,NULL,NULL,1000,120-0051,2024-11-22,580000
120-0051_1000_11/1/2024,NULL,NULL,1000,120-0051,2024-11-01,180000
120-0051_1000_12/6/2024,NULL,NULL,1000,120-0051,2024-12-06,100000
120-0099_1000_12/19/2022,NULL,NULL,1000,120-0099,2022-12-19,138000
120-0099_1000_12/20/2024,NULL,NULL,1000,120-0099,2024-12-20,22000
120-0099_1000_11/29/2024,NULL,NULL,1000,120-0099,2024-11-29,14000
120-0099_1000_11/13/2024,NULL,NULL,1000,120-0099,2024-11-13,6000
120-0100_1000_9/6/2024,NULL,NULL,1000,120-0100,2024-09-06,10000
120-0100_1000_7/16/2024,NULL,NULL,1000,120-0100,2024-07-16,48000
120-0100_1000_10/25/2024,NULL,NULL,1000,120-0100,2024-10-25,28000
120-0100_1000_11/13/2024,NULL,NULL,1000,120-0100,2024-11-13,52000
120-0100_1000_12/20/2024,NULL,NULL,1000,120-0100,2024-12-20,48000
120-0100_1000_11/29/2024,NULL,NULL,1000,120-0100,2024-11-29,8000
120-0120_1000_11/22/2024,NULL,NULL,1000,120-0120,2024-11-22,68000
120-0121_1000_7/10/2024,NULL,NULL,1000,120-0121,2024-07-10,68000
120-0121_1000_2/11/2024,NULL,NULL,1000,120-0121,2024-02-11,362000
120-0121_1000_8/21/2024,NULL,NULL,1000,120-0121,2024-08-21,210000
120-0121_1000_8/19/2024,NULL,NULL,1000,120-0121,2024-08-19,652000
120-0121_1000_8/9/2024,NULL,NULL,1000,120-0121,2024-08-09,418000
120-0121_1000_6/27/2024,NULL,NULL,1000,120-0121,2024-06-27,500000
120-0121_1000_12/6/2024,NULL,NULL,1000,120-0121,2024-12-06,138000
120-0121_1000_9/27/2024,NULL,NULL,1000,120-0121,2024-09-27,852000
120-0121_1000_9/13/2024,NULL,NULL,1000,120-0121,2024-09-13,574000
120-0121_1000_10/16/2024,NULL,NULL,1000,120-0121,2024-10-16,776000
120-0121_1000_11/22/2024,NULL,NULL,1000,120-0121,2024-11-22,1098000
120-0121_1000_11/1/2024,NULL,NULL,1000,120-0121,2024-11-01,506000
120-0129_1000_8/4/2022,NULL,NULL,1000,120-0129,2022-08-04,5000
120-0129_1000_10/16/2024,NULL,NULL,1000,120-0129,2024-10-16,210000
120-0129_1000_11/1/2024,NULL,NULL,1000,120-0129,2024-11-01,75000
120-0129_1000_11/22/2024,NULL,NULL,1000,120-0129,2024-11-22,300000
120-0138_1000_1/26/2023,NULL,NULL,1000,120-0138,2023-01-26,160000
120-0138_1000_12/19/2022,NULL,NULL,1000,120-0138,2022-12-19,8000
120-0138_1000_8/4/2022,NULL,NULL,1000,120-0138,2022-08-04,4000
120-0138_1000_9/27/2024,NULL,NULL,1000,120-0138,2024-09-27,170000
120-0138_1000_10/16/2024,NULL,NULL,1000,120-0138,2024-10-16,10000
120-0138_1000_11/1/2024,NULL,NULL,1000,120-0138,2024-11-01,180000
120-0143_1000_8/21/2024,NULL,NULL,1000,120-0143,2024-08-21,1010000
120-0143_1000_8/19/2024,NULL,NULL,1000,120-0143,2024-08-19,2110000
120-0143_1000_8/9/2024,NULL,NULL,1000,120-0143,2024-08-09,3060000
120-0143_1000_9/27/2024,NULL,NULL,1000,120-0143,2024-09-27,2060000
120-0143_1000_9/13/2024,NULL,NULL,1000,120-0143,2024-09-13,2910000
120-0143_1000_10/16/2024,NULL,NULL,1000,120-0143,2024-10-16,3140000
120-0143_1000_11/22/2024,NULL,NULL,1000,120-0143,2024-11-22,2940000
120-0143_1000_11/1/2024,NULL,NULL,1000,120-0143,2024-11-01,2090000
120-0143_1000_12/6/2024,NULL,NULL,1000,120-0143,2024-12-06,1790000
120-0143_5000_12/25/2024,NULL,NULL,5000,120-0143,2024-12-25,30000
120-0157_1000_12/19/2022,NULL,NULL,1000,120-0157,2022-12-19,4000
120-0157_1000_10/16/2024,NULL,NULL,1000,120-0157,2024-10-16,40000
120-0202_1000_8/4/2022,NULL,NULL,1000,120-0202,2022-08-04,1000
120-0202_1000_5/10/2024,NULL,NULL,1000,120-0202,2024-05-10,4000
120-0202_1000_9/27/2024,NULL,NULL,1000,120-0202,2024-09-27,58000
120-0202_1000_9/13/2024,NULL,NULL,1000,120-0202,2024-09-13,112000
120-0202_1000_10/16/2024,NULL,NULL,1000,120-0202,2024-10-16,106000
120-0202_1000_11/1/2024,NULL,NULL,1000,120-0202,2024-11-01,50000
120-0202_1000_11/21/2024,NULL,NULL,1000,120-0202,2024-11-21,72000
120-0215_1000_1/26/2023,NULL,NULL,1000,120-0215,2023-01-26,347000
120-0215_1000_1/11/2023,NULL,NULL,1000,120-0215,2023-01-11,18000
120-0232_1000_10/16/2024,NULL,NULL,1000,120-0232,2024-10-16,120000
120-0232_1000_9/27/2024,NULL,NULL,1000,120-0232,2024-09-27,15000
120-0247_1000_10/16/2024,NULL,NULL,1000,120-0247,2024-10-16,10000
120-0248_1000_12/19/2022,NULL,NULL,1000,120-0248,2022-12-19,90000
120-0248_1000_7/25/2024,NULL,NULL,1000,120-0248,2024-07-25,90000
120-0248_1000_8/19/2024,NULL,NULL,1000,120-0248,2024-08-19,90000
120-0248_1000_9/27/2024,NULL,NULL,1000,120-0248,2024-09-27,110000
120-0248_1000_9/13/2024,NULL,NULL,1000,120-0248,2024-09-13,190000
120-0248_1000_10/16/2024,NULL,NULL,1000,120-0248,2024-10-16,850000
120-0248_1000_11/22/2024,NULL,NULL,1000,120-0248,2024-11-22,80000
120-0248_1000_11/1/2024,NULL,NULL,1000,120-0248,2024-11-01,120000
120-0248_1000_12/6/2024,NULL,NULL,1000,120-0248,2024-12-06,30000
120-0249_1000_12/19/2022,NULL,NULL,1000,120-0249,2022-12-19,195000
120-0249_1000_9/27/2024,NULL,NULL,1000,120-0249,2024-09-27,240000
120-0249_1000_10/16/2024,NULL,NULL,1000,120-0249,2024-10-16,255000
120-0249_1000_11/1/2024,NULL,NULL,1000,120-0249,2024-11-01,60000
120-0249_1000_11/22/2024,NULL,NULL,1000,120-0249,2024-11-22,45000
120-0253_1000_9/6/2024,NULL,NULL,1000,120-0253,2024-09-06,15000
120-0253_1000_8/22/2024,NULL,NULL,1000,120-0253,2024-08-22,45000
120-0253_1000_10/25/2024,NULL,NULL,1000,120-0253,2024-10-25,60000
120-0253_1000_11/13/2024,NULL,NULL,1000,120-0253,2024-11-13,15000
120-0253_1000_11/29/2024,NULL,NULL,1000,120-0253,2024-11-29,15000
120-0253_1000_12/20/2024,NULL,NULL,1000,120-0253,2024-12-20,15000
120-0254_1000_10/25/2024,NULL,NULL,1000,120-0254,2024-10-25,15000
120-0254_1000_12/20/2024,NULL,NULL,1000,120-0254,2024-12-20,30000
120-0254_1000_11/29/2024,NULL,NULL,1000,120-0254,2024-11-29,15000
121-0053_1000_7/29/2022,NULL,NULL,1000,121-0053,2022-07-29,300000
121-0060-CD_1000_7/12/2024,NULL,NULL,1000,121-0060-CD,2024-07-12,150000
130-0077_1000_2/10/2024,NULL,NULL,1000,130-0077,2024-02-10,10000
130-0077_1000_6/30/2024,NULL,NULL,1000,130-0077,2024-06-30,40000
130-0077_1000_9/17/2024,NULL,NULL,1000,130-0077,2024-09-17,750000
130-0077_1000_7/25/2024,NULL,NULL,1000,130-0077,2024-07-25,1760000
130-0077_1000_8/7/2024,NULL,NULL,1000,130-0077,2024-08-07,100000
130-0077_1000_1/1/2025,NULL,NULL,1000,130-0077,2025-01-01,6650000
130-0077_1000_7/16/2024,NULL,NULL,1000,130-0077,2024-07-16,690000
130-0077_1000_2/18/2024,NULL,NULL,1000,130-0077,2024-02-18,140000
130-0077_1000_9/22/2024,NULL,NULL,1000,130-0077,2024-09-22,570000
130-0077_1000_11/14/2024,NULL,NULL,1000,130-0077,2024-11-14,2200000
130-0077_5000_9/5/2024,NULL,NULL,5000,130-0077,2024-09-05,10000
140-0022_1000_7/20/2023,NULL,NULL,1000,140-0022,2023-07-20,80000
140-0022_1000_6/29/2023,NULL,NULL,1000,140-0022,2023-06-29,78000
140-0022_1000_5/28/2025,NULL,NULL,1000,140-0022,2025-05-28,8000
140-0022_1000_5/9/2025,NULL,NULL,1000,140-0022,2025-05-09,80000
140-0022_1000_6/13/2025,NULL,NULL,1000,140-0022,2025-06-13,112000
140-0022_1000_7/16/2025,NULL,NULL,1000,140-0022,2025-07-16,64000
140-0113_1000_6/30/2023,NULL,NULL,1000,140-0113,2023-06-30,452500
140-0113_1000_5/5/2023,NULL,NULL,1000,140-0113,2023-05-05,2500
140-0113_1000_11/21/2024,NULL,NULL,1000,140-0113,2024-11-21,2500
140-0179_1000_8/18/2022,NULL,NULL,1000,140-0179,2022-08-18,29000
140-0179_1000_10/2/2024,NULL,NULL,1000,140-0179,2024-10-02,6000
140-0179_1000_11/27/2024,NULL,NULL,1000,140-0179,2024-11-27,39000
140-0179_1000_11/8/2024,NULL,NULL,1000,140-0179,2024-11-08,48000
140-0179_1000_10/25/2024,NULL,NULL,1000,140-0179,2024-10-25,12000
140-0179_1000_12/13/2024,NULL,NULL,1000,140-0179,2024-12-13,21000
140-0179_1000_1/15/2025,NULL,NULL,1000,140-0179,2025-01-15,138000
140-0221_1000_7/25/2024,NULL,NULL,1000,140-0221,2024-07-25,136500
140-0221_1000_10/16/2024,NULL,NULL,1000,140-0221,2024-10-16,66000
140-0221_1000_9/27/2024,NULL,NULL,1000,140-0221,2024-09-27,220500
140-0221_1000_9/13/2024,NULL,NULL,1000,140-0221,2024-09-13,180000
140-0221_1000_11/1/2024,NULL,NULL,1000,140-0221,2024-11-01,178500
140-0221_1000_12/4/2024,NULL,NULL,1000,140-0221,2024-12-04,2571000
140-0221_1000_4/21/2023,NULL,NULL,1000,140-0221,2023-04-21,16000
140-0240_1000_6/30/2023,NULL,NULL,1000,140-0240,2023-06-30,315000
140-0240_1000_11/19/2021,NULL,NULL,1000,140-0240,2021-11-19,10000
140-0246_1000_2/24/2024,NULL,NULL,1000,140-0246,2024-02-24,21000
140-0246_1000_9/8/2023,NULL,NULL,1000,140-0246,2023-09-08,2750
140-0246_1000_9/5/2024,NULL,NULL,1000,140-0246,2024-09-05,36000
140-0246_1000_8/21/2024,NULL,NULL,1000,140-0246,2024-08-21,36000
140-0246_1000_8/8/2024,NULL,NULL,1000,140-0246,2024-08-08,90000
140-0246_1000_6/11/2024,NULL,NULL,1000,140-0246,2024-06-11,150000
140-0246_1000_11/8/2024,NULL,NULL,1000,140-0246,2024-11-08,639000
140-0246_1000_10/25/2024,NULL,NULL,1000,140-0246,2024-10-25,540000
140-0246_1000_12/13/2024,NULL,NULL,1000,140-0246,2024-12-13,141000
140-0246_1000_1/15/2025,NULL,NULL,1000,140-0246,2025-01-15,2502000
140-0246_1000_4/13/2024,NULL,NULL,1000,140-0246,2024-04-13,60000
140-0246_1000_10/2/2024,NULL,NULL,1000,140-0246,2024-10-02,147000
140-0246_1000_10/1/2024,NULL,NULL,1000,140-0246,2024-10-01,300000
140-0246_1000_9/20/2024,NULL,NULL,1000,140-0246,2024-09-20,240000
140-0246_1000_7/30/2024,NULL,NULL,1000,140-0246,2024-07-30,51000
140-0253_1000_7/5/2021,NULL,NULL,1000,140-0253,2021-07-05,3000
140-0253_1000_6/3/2024,NULL,NULL,1000,140-0253,2024-06-03,36000
140-0253_1000_2/1/2024,NULL,NULL,1000,140-0253,2024-02-01,33000
140-0253_1000_8/2/2024,NULL,NULL,1000,140-0253,2024-08-02,33000
140-0253_1000_7/21/2024,NULL,NULL,1000,140-0253,2024-07-21,63000
140-0253_1000_9/9/2024,NULL,NULL,1000,140-0253,2024-09-09,54000
140-0253_1000_10/9/2024,NULL,NULL,1000,140-0253,2024-10-09,795000
140-0310_1000_10/4/2024,NULL,NULL,1000,140-0310,2024-10-04,30000
140-0310_1000_4/25/2025,NULL,NULL,1000,140-0310,2025-04-25,100500
140-0310_1000_4/13/2025,NULL,NULL,1000,140-0310,2025-04-13,15000
140-0310_1000_7/2/2025,NULL,NULL,1000,140-0310,2025-07-02,30000
140-0310_1000_9/1/2022,NULL,NULL,1000,140-0310,2022-09-01,500
140-0313_1000_8/21/2024,NULL,NULL,1000,140-0313,2024-08-21,51000
140-0313_1000_1/13/2024,NULL,NULL,1000,140-0313,2024-01-13,15000
140-0313_1000_1/1/2024,NULL,NULL,1000,140-0313,2024-01-01,93000
140-0313_1000_5/9/2024,NULL,NULL,1000,140-0313,2024-05-09,81000
140-0313_1000_10/1/2024,NULL,NULL,1000,140-0313,2024-10-01,57000
140-0313_1000_12/16/2024,NULL,NULL,1000,140-0313,2024-12-16,243000
140-0313_1000_1/15/2025,NULL,NULL,1000,140-0313,2025-01-15,4086000
140-0313_1000_8/8/2024,NULL,NULL,1000,140-0313,2024-08-08,18000
140-0313_1000_11/28/2024,NULL,NULL,1000,140-0313,2024-11-28,600000
140-0313_1000_11/8/2024,NULL,NULL,1000,140-0313,2024-11-08,321000
140-0341_1000_9/5/2024,NULL,NULL,1000,140-0341,2024-09-05,12000
140-0341_1000_7/23/2024,NULL,NULL,1000,140-0341,2024-07-23,4000
140-0341_1000_9/20/2024,NULL,NULL,1000,140-0341,2024-09-20,10000
140-0341_1000_10/2/2024,NULL,NULL,1000,140-0341,2024-10-02,44000
140-0341_1000_10/1/2024,NULL,NULL,1000,140-0341,2024-10-01,2000
140-0341_1000_11/27/2024,NULL,NULL,1000,140-0341,2024-11-27,84000
140-0341_1000_11/8/2024,NULL,NULL,1000,140-0341,2024-11-08,50000
140-0341_1000_10/25/2024,NULL,NULL,1000,140-0341,2024-10-25,12000
140-0341_1000_12/27/2024,NULL,NULL,1000,140-0341,2024-12-27,100000
140-0341_1000_12/13/2024,NULL,NULL,1000,140-0341,2024-12-13,30000
140-0355_1000_3/3/2022,NULL,NULL,1000,140-0355,2022-03-03,18000
140-0355_1000_4/3/2022,NULL,NULL,1000,140-0355,2022-04-03,60000
140-0355_1000_3/1/2023,NULL,NULL,1000,140-0355,2023-03-01,18000
140-0355_1000_2/12/2025,NULL,NULL,1000,140-0355,2025-02-12,228000
140-0384_1000_6/29/2023,NULL,NULL,1000,140-0384,2023-06-29,795000
140-0384_1000_2/24/2025,NULL,NULL,1000,140-0384,2025-02-24,95000
140-0384_1000_6/30/2024,NULL,NULL,1000,140-0384,2024-06-30,70000
140-0384_1000_12/16/2024,NULL,NULL,1000,140-0384,2024-12-16,325000
140-0384_1000_4/6/2025,NULL,NULL,1000,140-0384,2025-04-06,35000
140-0384_1000_4/1/2025,NULL,NULL,1000,140-0384,2025-04-01,40000
140-0384_1000_5/29/2025,NULL,NULL,1000,140-0384,2025-05-29,115000
140-0384_1000_5/9/2025,NULL,NULL,1000,140-0384,2025-05-09,15000
140-0384_1000_7/16/2025,NULL,NULL,1000,140-0384,2025-07-16,740000
140-0386_1000_5/7/2024,NULL,NULL,1000,140-0386,2024-05-07,35000
140-0386_1000_9/2/2023,NULL,NULL,1000,140-0386,2023-09-02,10000
140-0386_1000_9/29/2023,NULL,NULL,1000,140-0386,2023-09-29,30000
140-0386_1000_3/11/2024,NULL,NULL,1000,140-0386,2024-03-11,37500
140-0386_1000_8/16/2022,NULL,NULL,1000,140-0386,2022-08-16,57500
140-0386_1000_4/29/2022,NULL,NULL,1000,140-0386,2022-04-29,2500
140-0386_1000_10/1/2024,NULL,NULL,1000,140-0386,2024-10-01,1287500
140-0386_1000_1/30/2025,NULL,NULL,1000,140-0386,2025-01-30,220000
140-0386_1000_1/10/2025,NULL,NULL,1000,140-0386,2025-01-10,290000
140-0386_1000_12/27/2024,NULL,NULL,1000,140-0386,2024-12-27,200000
140-0386_1000_3/19/2025,NULL,NULL,1000,140-0386,2025-03-19,755000
140-0386_1000_1/1/2024,NULL,NULL,1000,140-0386,2024-01-01,427500
140-0386_1000_7/11/2024,NULL,NULL,1000,140-0386,2024-07-11,700000
140-0386_1000_6/15/2024,NULL,NULL,1000,140-0386,2024-06-15,355000
140-0386_1000_12/3/2024,NULL,NULL,1000,140-0386,2024-12-03,112500
140-0386_1000_11/22/2024,NULL,NULL,1000,140-0386,2024-11-22,105000
140-0386_1000_10/23/2024,NULL,NULL,1000,140-0386,2024-10-23,290000
140-0386_1000_10/10/2024,NULL,NULL,1000,140-0386,2024-10-10,1155000
140-0386_1000_1/13/2024,NULL,NULL,1000,140-0386,2024-01-13,282500
140-0386_1000_12/30/2023,NULL,NULL,1000,140-0386,2023-12-30,60000
140-0386_1000_12/20/2023,NULL,NULL,1000,140-0386,2023-12-20,190000
140-0386_5000_10/6/2023,NULL,NULL,5000,140-0386,2023-10-06,5000
140-0386_5000_2/21/2025,NULL,NULL,5000,140-0386,2025-02-21,5000
140-0392_1000_1/8/2024,NULL,NULL,1000,140-0392,2024-01-08,201000
140-0392_1000_6/30/2023,NULL,NULL,1000,140-0392,2023-06-30,207000
140-0392_1000_6/11/2024,NULL,NULL,1000,140-0392,2024-06-11,102000
140-0392_1000_5/9/2024,NULL,NULL,1000,140-0392,2024-05-09,150000
140-0403_1000_8/29/2024,NULL,NULL,1000,140-0403,2024-08-29,217
140-0403_1000_11/26/2024,NULL,NULL,1000,140-0403,2024-11-26,755
140-0434_1000_7/23/2024,NULL,NULL,1000,140-0434,2024-07-23,1717
140-0434_1000_11/9/2024,NULL,NULL,1000,140-0434,2024-11-09,14511
140-0477_1000_3/1/2024,NULL,NULL,1000,140-0477,2024-03-01,10000
140-0477_1000_6/6/2024,NULL,NULL,1000,140-0477,2024-06-06,115000
140-0477_1000_1/10/2025,NULL,NULL,1000,140-0477,2025-01-10,15000
140-0477_1000_2/12/2025,NULL,NULL,1000,140-0477,2025-02-12,85000
140-0481_1000_10/8/2023,NULL,NULL,1000,140-0481,2023-10-08,340000
140-0481_1000_8/25/2024,NULL,NULL,1000,140-0481,2024-08-25,20000
140-0599_1000_8/18/2023,NULL,NULL,1000,140-0599,2023-08-18,5000
140-0599_1000_4/21/2023,NULL,NULL,1000,140-0599,2023-04-21,65000
140-0599_1000_10/25/2024,NULL,NULL,1000,140-0599,2024-10-25,45000
140-0599_1000_11/13/2024,NULL,NULL,1000,140-0599,2024-11-13,10000
140-0599_1000_11/29/2024,NULL,NULL,1000,140-0599,2024-11-29,15000
140-0599_1000_1/1/2025,NULL,NULL,1000,140-0599,2025-01-01,200000
140-0628_1000_2/20/2024,NULL,NULL,1000,140-0628,2024-02-20,111000
140-0628_1000_8/7/2024,NULL,NULL,1000,140-0628,2024-08-07,87000
140-0628_1000_7/25/2024,NULL,NULL,1000,140-0628,2024-07-25,6000
140-0628_1000_11/14/2024,NULL,NULL,1000,140-0628,2024-11-14,99000
140-0628_1000_10/25/2024,NULL,NULL,1000,140-0628,2024-10-25,321000
140-0628_1000_10/11/2024,NULL,NULL,1000,140-0628,2024-10-11,300000
140-0628_1000_1/1/2025,NULL,NULL,1000,140-0628,2025-01-01,2451000
140-0628_1000_12/19/2024,NULL,NULL,1000,140-0628,2024-12-19,3000
140-0628_1000_2/11/2024,NULL,NULL,1000,140-0628,2024-02-11,2070000
140-0628_1000_5/28/2024,NULL,NULL,1000,140-0628,2024-05-28,33000
140-0628_1000_3/30/2024,NULL,NULL,1000,140-0628,2024-03-30,27000
140-0628_1000_9/17/2024,NULL,NULL,1000,140-0628,2024-09-17,156000
140-0628_1000_9/6/2024,NULL,NULL,1000,140-0628,2024-09-06,189000
140-0628_1000_9/22/2024,NULL,NULL,1000,140-0628,2024-09-22,198000
140-0639_1000_11/29/2024,NULL,NULL,1000,140-0639,2024-11-29,9000
140-0639_1000_1/1/2025,NULL,NULL,1000,140-0639,2025-01-01,117000
140-0645_1000_2/15/2023,NULL,NULL,1000,140-0645,2023-02-15,67000
140-0645_1000_8/26/2024,NULL,NULL,1000,140-0645,2024-08-26,36000
140-0645_1000_10/25/2024,NULL,NULL,1000,140-0645,2024-10-25,120000
140-0645_1000_10/13/2024,NULL,NULL,1000,140-0645,2024-10-13,60000
140-0645_1000_12/2/2024,NULL,NULL,1000,140-0645,2024-12-02,54000
140-0834_1000_7/25/2024,NULL,NULL,1000,140-0834,2024-07-25,1365000
140-0834_1000_9/22/2024,NULL,NULL,1000,140-0834,2024-09-22,31000
140-0834_1000_1/1/2025,NULL,NULL,1000,140-0834,2025-01-01,1635000
140-0834_1000_10/11/2024,NULL,NULL,1000,140-0834,2024-10-11,120000
140-0834_1000_10/25/2024,NULL,NULL,1000,140-0834,2024-10-25,162000
140-0834_5000_1/8/2025,NULL,NULL,5000,140-0834,2025-01-08,6000
140-0847_1000_5/11/2023,NULL,NULL,1000,140-0847,2023-05-11,10000
140-0847_1000_4/21/2023,NULL,NULL,1000,140-0847,2023-04-21,220000
140-0847_1000_6/25/2021,NULL,NULL,1000,140-0847,2021-06-25,2114
140-0847_1000_1/1/2025,NULL,NULL,1000,140-0847,2025-01-01,110000
140-0853_1000_4/26/2024,NULL,NULL,1000,140-0853,2024-04-26,30000
140-0853_1000_3/11/2022,NULL,NULL,1000,140-0853,2022-03-11,4000
140-0853_1000_9/22/2024,NULL,NULL,1000,140-0853,2024-09-22,70000
140-0853_1000_1/1/2025,NULL,NULL,1000,140-0853,2025-01-01,380000
140-1028_1000_12/2/2024,NULL,NULL,1000,140-1028,2024-12-02,1055000
140-1028_1000_1/1/2025,NULL,NULL,1000,140-1028,2025-01-01,3015000
140-1028_1000_11/14/2024,NULL,NULL,1000,140-1028,2024-11-14,270000
140-1183-CD_1000_11/16/2022,NULL,NULL,1000,140-1183-CD,2022-11-16,74000
140-1183-CD_1000_8/14/2024,NULL,NULL,1000,140-1183-CD,2024-08-14,201000
160-1153_1000_5/17/2024,NULL,NULL,1000,160-1153,2024-05-17,6667
160-1153_1000_6/12/2024,NULL,NULL,1000,160-1153,2024-06-12,9471
160-1153_1000_8/7/2024,NULL,NULL,1000,160-1153,2024-08-07,13442
160-1153_1000_7/19/2024,NULL,NULL,1000,160-1153,2024-07-19,5000
160-1153_1000_9/6/2024,NULL,NULL,1000,160-1153,2024-09-06,5516
160-1172_1000_5/29/2024,NULL,NULL,1000,160-1172,2024-05-29,252
160-1172_1000_7/5/2024,NULL,NULL,1000,160-1172,2024-07-05,1498
160-1218_1000_7/24/2024,NULL,NULL,1000,160-1218,2024-07-24,569
160-1218_1000_7/5/2024,NULL,NULL,1000,160-1218,2024-07-05,577
160-1218_1000_8/9/2024,NULL,NULL,1000,160-1218,2024-08-09,770
160-1237_1000_3/12/2024,NULL,NULL,1000,160-1237,2024-03-12,3114
160-1237_1000_7/24/2024,NULL,NULL,1000,160-1237,2024-07-24,5000
160-1237_1000_7/5/2024,NULL,NULL,1000,160-1237,2024-07-05,8886
160-1237_1000_8/9/2024,NULL,NULL,1000,160-1237,2024-08-09,3500
160-1237_1000_8/1/2024,NULL,NULL,1000,160-1237,2024-08-01,2341
160-1237_1000_8/23/2024,NULL,NULL,1000,160-1237,2024-08-23,1156
160-1287_1000_3/4/2024,NULL,NULL,1000,160-1287,2024-03-04,1
160-1287_1000_7/31/2024,NULL,NULL,1000,160-1287,2024-07-31,6518
160-1287_1000_7/12/2024,NULL,NULL,1000,160-1287,2024-07-12,20098
160-1287_1000_8/30/2024,NULL,NULL,1000,160-1287,2024-08-30,16960
160-1291_1000_7/24/2024,NULL,NULL,1000,160-1291,2024-07-24,7217
160-1291_1000_7/5/2024,NULL,NULL,1000,160-1291,2024-07-05,8152
220-0134-002_1000_8/19/2024,NULL,NULL,1000,220-0134-002,2024-08-19,2
220-0134-002_1000_8/12/2024,NULL,NULL,1000,220-0134-002,2024-08-12,45
220-0134-010_1000_8/14/2024,NULL,NULL,1000,220-0134-010,2024-08-14,10
220-0230-001_1000_6/28/2024,NULL,NULL,1000,220-0230-001,2024-06-28,180
220-0230-002_1000_8/14/2024,NULL,NULL,1000,220-0230-002,2024-08-14,280
220-0230-003_1000_7/31/2024,NULL,NULL,1000,220-0230-003,2024-07-31,800
220-0230-003_1000_6/28/2024,NULL,NULL,1000,220-0230-003,2024-06-28,400
220-0230-003_1000_7/17/2024,NULL,NULL,1000,220-0230-003,2024-07-17,290
220-0230-005_1000_6/28/2024,NULL,NULL,1000,220-0230-005,2024-06-28,40
220-0230-005_1000_7/17/2024,NULL,NULL,1000,220-0230-005,2024-07-17,60
220-0230-007_1000_8/14/2024,NULL,NULL,1000,220-0230-007,2024-08-14,221
220-0230-007_1000_6/28/2024,NULL,NULL,1000,220-0230-007,2024-06-28,150
220-0230-010_1000_7/31/2024,NULL,NULL,1000,220-0230-010,2024-07-31,510
220-0230-010_1000_7/17/2024,NULL,NULL,1000,220-0230-010,2024-07-17,100
220-0230-015_1000_7/31/2024,NULL,NULL,1000,220-0230-015,2024-07-31,85
220-0230-015_1000_7/17/2024,NULL,NULL,1000,220-0230-015,2024-07-17,145
220-0230-015_1000_4/22/2022,NULL,NULL,1000,220-0230-015,2022-04-22,1
220-0230-025_1000_7/17/2024,NULL,NULL,1000,220-0230-025,2024-07-17,43
220-0230-030_1000_8/14/2024,NULL,NULL,1000,220-0230-030,2024-08-14,42
220-0230-030_1000_7/31/2024,NULL,NULL,1000,220-0230-030,2024-07-31,800
223-0011_2000_8/25/2023,NULL,NULL,2000,223-0011,2023-08-25,1
223-0011_2000_7/29/2024,NULL,NULL,2000,223-0011,2024-07-29,8500
223-0011_2000_8/5/2024,NULL,NULL,2000,223-0011,2024-08-05,9955
223-0011_2000_7/22/2024,NULL,NULL,2000,223-0011,2024-07-22,8500
223-0011_2000_7/15/2024,NULL,NULL,2000,223-0011,2024-07-15,3197
223-0011_2000_8/19/2024,NULL,NULL,2000,223-0011,2024-08-19,6400
223-0012_2000_7/19/2024,NULL,NULL,2000,223-0012,2024-07-19,4878
223-0012_2000_8/11/2024,NULL,NULL,2000,223-0012,2024-08-11,1266
280-0431_1000_7/26/2024,NULL,NULL,1000,280-0431,2024-07-26,500
280-0431_2000_8/15/2024,NULL,NULL,2000,280-0431,2024-08-15,18200
280-0431_2000_5/8/2024,NULL,NULL,2000,280-0431,2024-05-08,1681
280-0431_2000_8/6/2024,NULL,NULL,2000,280-0431,2024-08-06,23200
280-0431_2000_7/31/2024,NULL,NULL,2000,280-0431,2024-07-31,18400
280-0431_2000_7/18/2024,NULL,NULL,2000,280-0431,2024-07-18,2500
280-0650_2000_5/18/2023,NULL,NULL,2000,280-0650,2023-05-18,1
280-0650_2000_7/22/2024,NULL,NULL,2000,280-0650,2024-07-22,12500
280-0650_2000_7/15/2024,NULL,NULL,2000,280-0650,2024-07-15,8900
280-0650_2000_7/6/2024,NULL,NULL,2000,280-0650,2024-07-06,4091
280-0650_2000_9/2/2024,NULL,NULL,2000,280-0650,2024-09-02,16900
280-0650_2000_8/5/2024,NULL,NULL,2000,280-0650,2024-08-05,25700
280-0650_2000_7/30/2024,NULL,NULL,2000,280-0650,2024-07-30,6200
280-0650_2000_8/20/2024,NULL,NULL,2000,280-0650,2024-08-20,43000
280-0698_2000_5/29/2023,NULL,NULL,2000,280-0698,2023-05-29,20
280-0698_2000_5/23/2024,NULL,NULL,2000,280-0698,2024-05-23,10267
280-0698_2000_8/22/2024,NULL,NULL,2000,280-0698,2024-08-22,4200
280-0698_2000_8/1/2024,NULL,NULL,2000,280-0698,2024-08-01,1500
280-0698_2000_8/6/2024,NULL,NULL,2000,280-0698,2024-08-06,17200
280-0845-030_1000_8/2/2024,NULL,NULL,1000,280-0845-030,2024-08-02,30
280-0848_2000_7/11/2024,NULL,NULL,2000,280-0848,2024-07-11,900
280-0848_2000_7/3/2024,NULL,NULL,2000,280-0848,2024-07-03,7300
280-0848_2000_8/21/2024,NULL,NULL,2000,280-0848,2024-08-21,9900
280-0848_2000_7/31/2024,NULL,NULL,2000,280-0848,2024-07-31,8500
280-0848_2000_7/24/2024,NULL,NULL,2000,280-0848,2024-07-24,6700
280-0848_2000_8/29/2024,NULL,NULL,2000,280-0848,2024-08-29,5000
280-0981-N0_1000_10/15/2024,NULL,NULL,1000,280-0981-N0,2024-10-15,1450
280-0981-N0_1000_9/25/2024,NULL,NULL,1000,280-0981-N0,2024-09-25,7955
280-0981-N0_2000_11/12/2024,NULL,NULL,2000,280-0981-N0,2024-11-12,3595
280-0981-N0_2000_12/16/2024,NULL,NULL,2000,280-0981-N0,2024-12-16,1250
280-0981-N0_2000_11/30/2024,NULL,NULL,2000,280-0981-N0,2024-11-30,5198
280-0981-N0_2000_11/26/2024,NULL,NULL,2000,280-0981-N0,2024-11-26,5250
280-0981-N1_1000_10/15/2024,NULL,NULL,1000,280-0981-N1,2024-10-15,1500
280-0981-N1_1000_9/25/2024,NULL,NULL,1000,280-0981-N1,2024-09-25,9339
280-0981-N1_2000_11/12/2024,NULL,NULL,2000,280-0981-N1,2024-11-12,3161
280-0981-N1_2000_12/16/2024,NULL,NULL,2000,280-0981-N1,2024-12-16,1250
280-0981-N1_2000_11/30/2024,NULL,NULL,2000,280-0981-N1,2024-11-30,5599
280-0981-N1_2000_11/26/2024,NULL,NULL,2000,280-0981-N1,2024-11-26,4250
280-0981-N2_1000_7/16/2024,NULL,NULL,1000,280-0981-N2,2024-07-16,32000
280-0981-N2_1000_10/26/2024,NULL,NULL,1000,280-0981-N2,2024-10-26,2494
280-0981-N2_1000_10/12/2024,NULL,NULL,1000,280-0981-N2,2024-10-12,9888
280-0981-N2_1000_9/25/2024,NULL,NULL,1000,280-0981-N2,2024-09-25,129260
280-0981-N2_1000_9/15/2024,NULL,NULL,1000,280-0981-N2,2024-09-15,1933
280-0981-N2_1000_7/8/2024,NULL,NULL,1000,280-0981-N2,2024-07-08,1200
280-0981-N2_1000_10/14/2024,NULL,NULL,1000,280-0981-N2,2024-10-14,28736
280-0981-N2_1000_8/12/2024,NULL,NULL,1000,280-0981-N2,2024-08-12,1500
280-0981-N2_1000_8/25/2024,NULL,NULL,1000,280-0981-N2,2024-08-25,5000
280-0981-N2_2000_11/11/2024,NULL,NULL,2000,280-0981-N2,2024-11-11,8104
280-0981-N2_2000_11/4/2024,NULL,NULL,2000,280-0981-N2,2024-11-04,8104
280-0981-N2_2000_10/18/2024,NULL,NULL,2000,280-0981-N2,2024-10-18,151069
280-0981-N2_2000_11/25/2024,NULL,NULL,2000,280-0981-N2,2024-11-25,8105
280-0981-N2_2000_11/12/2024,NULL,NULL,2000,280-0981-N2,2024-11-12,20907
280-0981-N3_1000_10/15/2024,NULL,NULL,1000,280-0981-N3,2024-10-15,1900
280-0981-N3_1000_9/25/2024,NULL,NULL,1000,280-0981-N3,2024-09-25,6771
280-0981-N3_2000_12/16/2024,NULL,NULL,2000,280-0981-N3,2024-12-16,1250
280-0981-N3_2000_11/30/2024,NULL,NULL,2000,280-0981-N3,2024-11-30,5549
280-0981-N3_2000_11/26/2024,NULL,NULL,2000,280-0981-N3,2024-11-26,4750
280-0981-N3_2000_11/12/2024,NULL,NULL,2000,280-0981-N3,2024-11-12,4829
282-0040_2000_4/25/2024,NULL,NULL,2000,282-0040,2024-04-25,2700
282-0040_2000_6/27/2024,NULL,NULL,2000,282-0040,2024-06-27,5000
282-0040_2000_6/13/2024,NULL,NULL,2000,282-0040,2024-06-13,4000
282-0040_2000_6/6/2024,NULL,NULL,2000,282-0040,2024-06-06,900
282-0040_2000_5/23/2024,NULL,NULL,2000,282-0040,2024-05-23,2000
282-0040_2000_8/15/2024,NULL,NULL,2000,282-0040,2024-08-15,3400
282-0040_2000_8/1/2024,NULL,NULL,2000,282-0040,2024-08-01,2200
282-0040_2000_7/18/2024,NULL,NULL,2000,282-0040,2024-07-18,5200
282-0040_2000_8/6/2024,NULL,NULL,2000,282-0040,2024-08-06,6400
282-0041_2000_3/21/2024,NULL,NULL,2000,282-0041,2024-03-21,969
282-0041_2000_2/15/2024,NULL,NULL,2000,282-0041,2024-02-15,1031
282-0041_2000_8/15/2024,NULL,NULL,2000,282-0041,2024-08-15,1300
282-0041_2000_8/1/2024,NULL,NULL,2000,282-0041,2024-08-01,2000
282-0041_2000_7/18/2024,NULL,NULL,2000,282-0041,2024-07-18,3734
282-0041_2000_7/11/2024,NULL,NULL,2000,282-0041,2024-07-11,1500
282-0041_2000_8/6/2024,NULL,NULL,2000,282-0041,2024-08-06,11600
283-0046-27_1000_7/21/2024,NULL,NULL,1000,283-0046-27,2024-07-21,6600
283-0046-27_1000_6/24/2024,NULL,NULL,1000,283-0046-27,2024-06-24,17888
283-0046-27_1000_7/28/2024,NULL,NULL,1000,283-0046-27,2024-07-28,29772
283-0046-27_2000_10/26/2024,NULL,NULL,2000,283-0046-27,2024-10-26,6253
283-0046-27_2000_10/19/2024,NULL,NULL,2000,283-0046-27,2024-10-19,8495
283-0046-27_2000_9/23/2024,NULL,NULL,2000,283-0046-27,2024-09-23,12000
283-0046-29_1000_7/21/2024,NULL,NULL,1000,283-0046-29,2024-07-21,6600
283-0046-29_1000_6/24/2024,NULL,NULL,1000,283-0046-29,2024-06-24,11964
283-0046-29_1000_7/7/2024,NULL,NULL,1000,283-0046-29,2024-07-07,3600
283-0046-29_1000_7/28/2024,NULL,NULL,1000,283-0046-29,2024-07-28,29864
283-0046-29_2000_11/2/2024,NULL,NULL,2000,283-0046-29,2024-11-02,6250
283-0046-29_2000_10/19/2024,NULL,NULL,2000,283-0046-29,2024-10-19,8686
283-0046-29_2000_9/23/2024,NULL,NULL,2000,283-0046-29,2024-09-23,11000
283-0046-31_1000_6/24/2024,NULL,NULL,1000,283-0046-31,2024-06-24,8552
283-0046-31_1000_9/22/2024,NULL,NULL,1000,283-0046-31,2024-09-22,5246
283-0046-31_2000_11/2/2024,NULL,NULL,2000,283-0046-31,2024-11-02,3459
283-0046-31_2000_10/26/2024,NULL,NULL,2000,283-0046-31,2024-10-26,4406
283-0046-31_2000_9/20/2024,NULL,NULL,2000,283-0046-31,2024-09-20,51474
283-0046-31_2000_9/23/2024,NULL,NULL,2000,283-0046-31,2024-09-23,46000
283-0046-31_2000_10/31/2024,NULL,NULL,2000,283-0046-31,2024-10-31,44616
283-0046-31_2000_10/29/2024,NULL,NULL,2000,283-0046-31,2024-10-29,43075
283-0046-33_1000_7/17/2024,NULL,NULL,1000,283-0046-33,2024-07-17,6624
283-0046-33_1000_6/24/2024,NULL,NULL,1000,283-0046-33,2024-06-24,14027
283-0046-33_1000_7/28/2024,NULL,NULL,1000,283-0046-33,2024-07-28,29900
283-0046-33_2000_11/2/2024,NULL,NULL,2000,283-0046-33,2024-11-02,6250
283-0046-33_2000_10/19/2024,NULL,NULL,2000,283-0046-33,2024-10-19,8450
283-0046-33_2000_9/23/2024,NULL,NULL,2000,283-0046-33,2024-09-23,12000
283-0110-27_1000_5/13/2024,NULL,NULL,1000,283-0110-27,2024-05-13,92
283-0110-27_1000_8/31/2024,NULL,NULL,1000,283-0110-27,2024-08-31,15000
283-0110-27_1000_8/28/2024,NULL,NULL,1000,283-0110-27,2024-08-28,12000
283-0110-27_1000_11/5/2024,NULL,NULL,1000,283-0110-27,2024-11-05,7473
283-0110-27_1000_7/28/2024,NULL,NULL,1000,283-0110-27,2024-07-28,7177
283-0110-29_1000_8/31/2024,NULL,NULL,1000,283-0110-29,2024-08-31,15000
283-0110-29_1000_12/30/2023,NULL,NULL,1000,283-0110-29,2023-12-30,3439
283-0110-29_1000_1/10/2024,NULL,NULL,1000,283-0110-29,2024-01-10,8994
283-0110-29_1000_8/28/2024,NULL,NULL,1000,283-0110-29,2024-08-28,6854
283-0110-29_1000_11/5/2024,NULL,NULL,1000,283-0110-29,2024-11-05,7836
283-0110-31_1000_5/13/2024,NULL,NULL,1000,283-0110-31,2024-05-13,21
283-0110-31_1000_8/31/2024,NULL,NULL,1000,283-0110-31,2024-08-31,15000
283-0110-31_1000_8/28/2024,NULL,NULL,1000,283-0110-31,2024-08-28,12000
283-0110-31_1000_7/28/2024,NULL,NULL,1000,283-0110-31,2024-07-28,7077
283-0110-31_1000_11/5/2024,NULL,NULL,1000,283-0110-31,2024-11-05,7673
283-0110-33_1000_8/31/2024,NULL,NULL,1000,283-0110-33,2024-08-31,15000
283-0110-33_1000_12/30/2023,NULL,NULL,1000,283-0110-33,2023-12-30,761
283-0110-33_1000_1/10/2024,NULL,NULL,1000,283-0110-33,2024-01-10,9724
283-0110-33_1000_8/28/2024,NULL,NULL,1000,283-0110-33,2024-08-28,9120
283-0110-33_1000_11/5/2024,NULL,NULL,1000,283-0110-33,2024-11-05,8308
288-0001_2000_6/4/2024,NULL,NULL,2000,288-0001,2024-06-04,680
288-0001_2000_7/24/2024,NULL,NULL,2000,288-0001,2024-07-24,3700
288-0001_2000_7/17/2024,NULL,NULL,2000,288-0001,2024-07-17,3800
288-0001_2000_7/2/2024,NULL,NULL,2000,288-0001,2024-07-02,1600
288-0001_2000_7/31/2024,NULL,NULL,2000,288-0001,2024-07-31,600
288-0001_2000_8/7/2024,NULL,NULL,2000,288-0001,2024-08-07,3400
288-0001_2000_6/19/2024,NULL,NULL,2000,288-0001,2024-06-19,1200
288-0001_2000_8/29/2024,NULL,NULL,2000,288-0001,2024-08-29,700
288-0001_2000_8/21/2024,NULL,NULL,2000,288-0001,2024-08-21,1400
288-0005_2000_7/24/2024,NULL,NULL,2000,288-0005,2024-07-24,2000
288-0005_2000_7/2/2024,NULL,NULL,2000,288-0005,2024-07-02,400
288-0005_2000_8/20/2024,NULL,NULL,2000,288-0005,2024-08-20,5000
288-0005_2000_8/15/2024,NULL,NULL,2000,288-0005,2024-08-15,2400
288-0005_2000_8/1/2024,NULL,NULL,2000,288-0005,2024-08-01,800
288-0005_2000_6/23/2024,NULL,NULL,2000,288-0005,2024-06-23,1300
288-0005_2000_8/29/2024,NULL,NULL,2000,288-0005,2024-08-29,700
301-0022_2000_7/22/2024,NULL,NULL,2000,301-0022,2024-07-22,12200
301-0022_2000_8/6/2024,NULL,NULL,2000,301-0022,2024-08-06,14000
301-0022_2000_7/14/2024,NULL,NULL,2000,301-0022,2024-07-14,200
301-0022_2000_8/18/2024,NULL,NULL,2000,301-0022,2024-08-18,7000
301-0046-CD_2000_7/12/2024,NULL,NULL,2000,301-0046-CD,2024-07-12,3000
301-0046-CD_2000_8/13/2024,NULL,NULL,2000,301-0046-CD,2024-08-13,10000
310-0407_2000_6/26/2024,NULL,NULL,2000,310-0407,2024-06-26,3500
310-0494-001_1000_4/15/2024,NULL,NULL,1000,310-0494-001,2024-04-15,3900
310-0494-001_1000_3/21/2024,NULL,NULL,1000,310-0494-001,2024-03-21,1140
310-0494-002_1000_8/28/2024,NULL,NULL,1000,310-0494-002,2024-08-28,1000
310-0494-003_1000_8/14/2024,NULL,NULL,1000,310-0494-003,2024-08-14,1600
310-0494-003_1000_7/31/2024,NULL,NULL,1000,310-0494-003,2024-07-31,1580
310-0494-007_1000_8/28/2024,NULL,NULL,1000,310-0494-007,2024-08-28,1000
310-0494-010_1000_8/14/2024,NULL,NULL,1000,310-0494-010,2024-08-14,1600
310-0494-010_1000_7/31/2024,NULL,NULL,1000,310-0494-010,2024-07-31,1800
310-0494-010_1000_7/18/2024,NULL,NULL,1000,310-0494-010,2024-07-18,1000
310-0494-015_1000_7/18/2024,NULL,NULL,1000,310-0494-015,2024-07-18,2200
310-0494-020_1000_8/14/2024,NULL,NULL,1000,310-0494-020,2024-08-14,1600
310-0494-020_1000_7/31/2024,NULL,NULL,1000,310-0494-020,2024-07-31,1000
310-0494-020_1000_7/18/2024,NULL,NULL,1000,310-0494-020,2024-07-18,1000
310-0494-020_1000_1/23/2024,NULL,NULL,1000,310-0494-020,2024-01-23,2
310-0504_1000_7/25/2022,NULL,NULL,1000,310-0504,2022-07-25,3600
310-0560_2000_8/6/2024,NULL,NULL,2000,310-0560,2024-08-06,1000
310-0573_2000_4/15/2024,NULL,NULL,2000,310-0573,2024-04-15,2000
310-0574_2000_4/15/2024,NULL,NULL,2000,310-0574,2024-04-15,5000
310-0574_2000_12/6/2023,NULL,NULL,2000,310-0574,2023-12-06,1
310-0577_1000_7/21/2021,NULL,NULL,1000,310-0577,2021-07-21,17700
310-0591_2000_7/3/2024,NULL,NULL,2000,310-0591,2024-07-03,8000
310-0724_2000_8/29/2024,NULL,NULL,2000,310-0724,2024-08-29,1300
310-0724_2000_8/26/2024,NULL,NULL,2000,310-0724,2024-08-26,3500
320-0412_2000_7/12/2024,NULL,NULL,2000,320-0412,2024-07-12,1000
320-0412_2000_8/1/2024,NULL,NULL,2000,320-0412,2024-08-01,7600
320-0438_2000_12/29/2023,NULL,NULL,2000,320-0438,2023-12-29,60
320-0438_2000_5/18/2023,NULL,NULL,2000,320-0438,2023-05-18,60
320-0438_2000_8/1/2024,NULL,NULL,2000,320-0438,2024-08-01,2400
320-0438_2000_7/4/2024,NULL,NULL,2000,320-0438,2024-07-04,1600
320-0438_2000_6/27/2024,NULL,NULL,2000,320-0438,2024-06-27,2600
320-0438_2000_7/18/2024,NULL,NULL,2000,320-0438,2024-07-18,4100
320-0438_2000_7/11/2024,NULL,NULL,2000,320-0438,2024-07-11,1600
320-0438_2000_6/13/2024,NULL,NULL,2000,320-0438,2024-06-13,6000
320-0438_2000_6/6/2024,NULL,NULL,2000,320-0438,2024-06-06,3000
320-0438_2000_5/23/2024,NULL,NULL,2000,320-0438,2024-05-23,2800
320-0438_2000_8/22/2024,NULL,NULL,2000,320-0438,2024-08-22,3600
320-0438_2000_8/6/2024,NULL,NULL,2000,320-0438,2024-08-06,10200
320-0443_2000_7/8/2024,NULL,NULL,2000,320-0443,2024-07-08,200
320-0443_2000_6/26/2024,NULL,NULL,2000,320-0443,2024-06-26,1000
320-0443_2000_5/29/2024,NULL,NULL,2000,320-0443,2024-05-29,310
320-0443_2000_8/1/2024,NULL,NULL,2000,320-0443,2024-08-01,6000
320-0493_2000_7/12/2024,NULL,NULL,2000,320-0493,2024-07-12,3200
320-0493_2000_7/8/2024,NULL,NULL,2000,320-0493,2024-07-08,1700
320-0493_2000_8/1/2024,NULL,NULL,2000,320-0493,2024-08-01,9400
320-0611_2000_4/17/2024,NULL,NULL,2000,320-0611,2024-04-17,3
320-0611_2000_8/8/2022,NULL,NULL,2000,320-0611,2022-08-08,3
320-0611_2000_5/17/2022,NULL,NULL,2000,320-0611,2022-05-17,2
320-0611_2000_3/24/2022,NULL,NULL,2000,320-0611,2022-03-24,11
320-0611_2000_2/23/2021,NULL,NULL,2000,320-0611,2021-02-23,2
320-0611_2000_7/23/2024,NULL,NULL,2000,320-0611,2024-07-23,2800
320-0611_2000_6/25/2024,NULL,NULL,2000,320-0611,2024-06-25,3500
320-0611_2000_6/18/2024,NULL,NULL,2000,320-0611,2024-06-18,470
320-0611_2000_8/5/2024,NULL,NULL,2000,320-0611,2024-08-05,5600
320-0611_2000_8/20/2024,NULL,NULL,2000,320-0611,2024-08-20,6600
320-0611_2000_7/16/2024,NULL,NULL,2000,320-0611,2024-07-16,1200
320-0611_2000_7/9/2024,NULL,NULL,2000,320-0611,2024-07-09,2000
321-0173_1000_20240912,NULL,NULL,1000,321-0173,2024-09-12,1300
340-0062_2000_7/17/2024,NULL,NULL,2000,340-0062,2024-07-17,2120
340-0062_2000_8/6/2024,NULL,NULL,2000,340-0062,2024-08-06,5000
340-0063_1000_10/18/2020,NULL,NULL,1000,340-0063,2020-10-18,2380
340-0063_2000_8/17/2024,NULL,NULL,2000,340-0063,2024-08-17,3400
340-0063_2000_8/6/2024,NULL,NULL,2000,340-0063,2024-08-06,11600
340-0063_2000_7/17/2024,NULL,NULL,2000,340-0063,2024-07-17,9000
504-1532_1000_9/7/2023,NULL,NULL,1000,504-1532,2023-09-07,183
504-1532_1000_7/9/2024,NULL,NULL,1000,504-1532,2024-07-09,356
504-1718_1000_6/3/2024,NULL,NULL,1000,504-1718,2024-06-03,641
504-1718_1000_7/22/2024,NULL,NULL,1000,504-1718,2024-07-22,3010
504-1718_1000_7/15/2024,NULL,NULL,1000,504-1718,2024-07-15,967
504-1718_1000_7/29/2024,NULL,NULL,1000,504-1718,2024-07-29,9141
504-1753_1000_7/2/2024,NULL,NULL,1000,504-1753,2024-07-02,752
504-1818_1000_10/5/2023,NULL,NULL,1000,504-1818,2023-10-05,141
504-1877_1000_7/29/2024,NULL,NULL,1000,504-1877,2024-07-29,2325
504-1877_1000_7/22/2024,NULL,NULL,1000,504-1877,2024-07-22,886
504-1877_1000_12/27/2022,NULL,NULL,1000,504-1877,2022-12-27,14
504-1877_1000_1/16/2023,NULL,NULL,1000,504-1877,2023-01-16,67
504-1878_1000_5/12/2023,NULL,NULL,1000,504-1878,2023-05-12,5343
500-3776-02_2000_34,NULL,NULL,2000,500-3776-02,NULL,34
500-3776-02_2000_6,NULL,NULL,2000,500-3776-02,NULL,6
500-4066-02_2000_138,NULL,NULL,2000,500-4066-02,NULL,138
500-4212_1000_1,NULL,NULL,1000,500-4212,NULL,1
500-4292_2000_114,NULL,NULL,2000,500-4292,NULL,114
500-4292_2000_103,NULL,NULL,2000,500-4292,NULL,103
500-4292_2000_81,NULL,NULL,2000,500-4292,NULL,81
500-4516_2000_2,NULL,NULL,2000,500-4516,NULL,2
500-4611_2000_2360,NULL,NULL,2000,500-4611,NULL,2360
500-4611_2000_1,NULL,NULL,2000,500-4611,NULL,1
500-4639_2000_167,NULL,NULL,2000,500-4639,NULL,167
500-4672_2000_79,NULL,NULL,2000,500-4672,NULL,79
500-4692_2000_26,NULL,NULL,2000,500-4692,NULL,26
500-4752_1000_99,NULL,NULL,1000,500-4752,NULL,99
500-4752_2000_621,NULL,NULL,2000,500-4752,NULL,621
500-4752_2000_52,NULL,NULL,2000,500-4752,NULL,52
500-4890_2000_896,NULL,NULL,2000,500-4890,NULL,896
500-4912_1000_1,NULL,NULL,1000,500-4912,NULL,1
500-4925_1000_1,NULL,NULL,1000,500-4925,NULL,1
500-4955_2000_42,NULL,NULL,2000,500-4955,NULL,42
500-4955_2000_10,NULL,NULL,2000,500-4955,NULL,10
500-4957_2000_862,NULL,NULL,2000,500-4957,NULL,862
500-4961-002_1000_2,NULL,NULL,1000,500-4961-002,NULL,2
500-4961-010_1000_12,NULL,NULL,1000,500-4961-010,NULL,12
500-5010_2000_3566,NULL,NULL,2000,500-5010,NULL,3566
500-5056_2000_7,NULL,NULL,2000,500-5056,NULL,7
500-5057_2000_3,NULL,NULL,2000,500-5057,NULL,3
500-5359_1000_336,NULL,NULL,1000,500-5359,NULL,336
500-5359_2000_1675,NULL,NULL,2000,500-5359,NULL,1675
500-5384_2000_269,NULL,NULL,2000,500-5384,NULL,269
500-5481_1000_8529,NULL,NULL,1000,500-5481,NULL,8529
500-5481_1000_446,NULL,NULL,1000,500-5481,NULL,446
500-5495-003_1000_70,NULL,NULL,1000,500-5495-003,NULL,70
500-5495-005_1000_4,NULL,NULL,1000,500-5495-005,NULL,4
500-5495-030_1000_2,NULL,NULL,1000,500-5495-030,NULL,2
500-5499_2000_32,NULL,NULL,2000,500-5499,NULL,32
500-5522_2000_509,NULL,NULL,2000,500-5522,NULL,509
500-5522_2000_80,NULL,NULL,2000,500-5522,NULL,80
500-5529_2000_105,NULL,NULL,2000,500-5529,NULL,105
500-5550_2000_3,NULL,NULL,2000,500-5550,NULL,3
500-5594_1000_3,NULL,NULL,1000,500-5594,NULL,3
500-5773_2000_8,NULL,NULL,2000,500-5773,NULL,8
500-5785_2000_6228,NULL,NULL,2000,500-5785,NULL,6228
500-5989_2000_2,NULL,NULL,2000,500-5989,NULL,2
500-6028_2000_1,NULL,NULL,2000,500-6028,NULL,1
500-6035_2000_919,NULL,NULL,2000,500-6035,NULL,919
500-6266_2000_1482,NULL,NULL,2000,500-6266,NULL,1482
500-6266_2000_130,NULL,NULL,2000,500-6266,NULL,130
500-6285_2000_1977,NULL,NULL,2000,500-6285,NULL,1977
500-6336_2000_618,NULL,NULL,2000,500-6336,NULL,618
500-7041_2000_623,NULL,NULL,2000,500-7041,NULL,623
500-7041_2000_1,NULL,NULL,2000,500-7041,NULL,1
500-7064_2000_26,NULL,NULL,2000,500-7064,NULL,26
500-7073_1000_1,NULL,NULL,1000,500-7073,NULL,1
502-2588_1000_dummy,-,-,1000,502-2588,1/01/2024,118