SUPPLY_ID,DESCRIPTION,VENDOR_ID,LOCATION_ID,PRODUCT_ID,SUPPLY_DATE,QTY
100-0033_SUB_PCBA_dummy,-,-,SUB_PCBA,100-0033,09/01/2024,100000000
100-0035_1000_dummy,-,-,1000,100-0035,09/01/2024,100000000
100-0035_2000_dummy,-,-,2000,100-0035,09/01/2024,100000000
100-0035_SUB_PCBA_dummy,-,-,SUB_PCBA,100-0035,09/01/2024,100000000
100-0038_1000_dummy,-,-,1000,100-0038,09/01/2024,100000000
100-0038_2000_dummy,-,-,2000,100-0038,09/01/2024,100000000
100-0038_5000_dummy,-,-,5000,100-0038,09/01/2024,100000000
100-0038_SUB_PCBA_dummy,-,-,SUB_PCBA,100-0038,09/01/2024,100000000
100-0054_1000_dummy,-,-,1000,100-0054,09/01/2024,100000000
100-0054_2000_dummy,-,-,2000,100-0054,09/01/2024,100000000
100-0054_SUB_PCBA_dummy,-,-,SUB_PCBA,100-0054,09/01/2024,100000000
100-0061_1000_dummy,-,-,1000,100-0061,09/01/2024,100000000
100-0061_2000_dummy,-,-,2000,100-0061,09/01/2024,100000000
100-0061_5000_dummy,-,-,5000,100-0061,09/01/2024,100000000
100-0061_SUB_PCBA_dummy,-,-,SUB_PCBA,100-0061,09/01/2024,100000000
100-0062_1000_dummy,-,-,1000,100-0062,09/01/2024,100000000
100-0062_2000_dummy,-,-,2000,100-0062,09/01/2024,100000000
100-0062_5000_dummy,-,-,5000,100-0062,09/01/2024,100000000
100-0062_SUB_PCBA_dummy,-,-,SUB_PCBA,100-0062,09/01/2024,100000000
100-0073_1000_dummy,-,-,1000,100-0073,09/01/2024,100000000
100-0073_2000_dummy,-,-,2000,100-0073,09/01/2024,100000000
100-0073_SUB_PCBA_dummy,-,-,SUB_PCBA,100-0073,09/01/2024,100000000
100-0074_1000_dummy,-,-,1000,100-0074,09/01/2024,100000000
100-0074_2000_dummy,-,-,2000,100-0074,09/01/2024,100000000
100-0074_SUB_PCBA_dummy,-,-,SUB_PCBA,100-0074,09/01/2024,100000000
100-0086_1000_dummy,-,-,1000,100-0086,09/01/2024,100000000
100-0086_2000_dummy,-,-,2000,100-0086,09/01/2024,100000000
100-0086_5000_dummy,-,-,5000,100-0086,09/01/2024,100000000
100-0086_SUB_PCBA_dummy,-,-,SUB_PCBA,100-0086,09/01/2024,100000000
100-0086-01_1000_dummy,-,-,1000,100-0086-01,09/01/2024,100000000
100-0086-01_SUB_PCBA_dummy,-,-,SUB_PCBA,100-0086-01,09/01/2024,100000000
100-0088_1000_dummy,-,-,1000,100-0088,09/01/2024,100000000
100-0088_2000_dummy,-,-,2000,100-0088,09/01/2024,100000000
100-0088_5000_dummy,-,-,5000,100-0088,09/01/2024,100000000
100-0088_SUB_PCBA_dummy,-,-,SUB_PCBA,100-0088,09/01/2024,100000000
310-0494-003_2000_dummy,-,-,2000,310-0494-003,09/01/2024,100000000
310-0494-007_1000_dummy,-,-,1000,310-0494-007,09/01/2024,100000000
310-0494-007_2000_dummy,-,-,2000,310-0494-007,09/01/2024,100000000
310-0494-010_1000_dummy,-,-,1000,310-0494-010,09/01/2024,100000000
310-0494-010_2000_dummy,-,-,2000,310-0494-010,09/01/2024,100000000
310-0494-015_1000_dummy,-,-,1000,310-0494-015,09/01/2024,100000000
310-0494-015_2000_dummy,-,-,2000,310-0494-015,09/01/2024,100000000
310-0494-020_1000_dummy,-,-,1000,310-0494-020,09/01/2024,100000000
310-0494-020_2000_dummy,-,-,2000,310-0494-020,09/01/2024,100000000
310-0504_1000_dummy,-,-,1000,310-0504,09/01/2024,100000000
310-0504_2000_dummy,-,-,2000,310-0504,09/01/2024,100000000
310-0560_1000_dummy,-,-,1000,310-0560,09/01/2024,100000000
310-0560_2000_dummy,-,-,2000,310-0560,09/01/2024,100000000
310-0571_1000_dummy,-,-,1000,310-0571,09/01/2024,100000000
310-0571_2000_dummy,-,-,2000,310-0571,09/01/2024,100000000
310-0573_1000_dummy,-,-,1000,310-0573,09/01/2024,100000000
310-0573_2000_dummy,-,-,2000,310-0573,09/01/2024,100000000
310-0573_5000_dummy,-,-,5000,310-0573,09/01/2024,100000000
310-0574_1000_dummy,-,-,1000,310-0574,09/01/2024,100000000
310-0574_2000_dummy,-,-,2000,310-0574,09/01/2024,100000000
310-0574_5000_dummy,-,-,5000,310-0574,09/01/2024,100000000
310-0577_1000_dummy,-,-,1000,310-0577,09/01/2024,100000000
310-0577_2000_dummy,-,-,2000,310-0577,09/01/2024,100000000
310-0590_1000_dummy,-,-,1000,310-0590,09/01/2024,100000000
310-0590_2000_dummy,-,-,2000,310-0590,09/01/2024,100000000
310-0591_1000_dummy,-,-,1000,310-0591,09/01/2024,100000000
310-0591_2000_dummy,-,-,2000,310-0591,09/01/2024,100000000
310-0724_1000_dummy,-,-,1000,310-0724,09/01/2024,100000000
310-0724_2000_dummy,-,-,2000,310-0724,09/01/2024,100000000
311-0005_1000_dummy,-,-,1000,311-0005,09/01/2024,100000000
311-0005_2000_dummy,-,-,2000,311-0005,09/01/2024,100000000
311-0207_1000_dummy,-,-,1000,311-0207,09/01/2024,100000000
311-0207_2000_dummy,-,-,2000,311-0207,09/01/2024,100000000
311-0244_1000_dummy,-,-,1000,311-0244,09/01/2024,100000000
100-0107_1000_dummy,-,-,1000,100-0107,09/01/2024,100000000
100-0107_2000_dummy,-,-,2000,100-0107,09/01/2024,100000000
100-0107_SUB_PCBA_dummy,-,-,SUB_PCBA,100-0107,09/01/2024,100000000
100-0108_1000_dummy,-,-,1000,100-0108,09/01/2024,100000000
100-0108_2000_dummy,-,-,2000,100-0108,09/01/2024,100000000
100-0108_SUB_PCBA_dummy,-,-,SUB_PCBA,100-0108,09/01/2024,100000000
100-0115_1000_dummy,-,-,1000,100-0115,09/01/2024,100000000
100-0115_2000_dummy,-,-,2000,100-0115,09/01/2024,100000000
100-0115_SUB_PCBA_dummy,-,-,SUB_PCBA,100-0115,09/01/2024,100000000
100-0116_1000_dummy,-,-,1000,100-0116,09/01/2024,100000000
100-0116_2000_dummy,-,-,2000,100-0116,09/01/2024,100000000
100-0116_5000_dummy,-,-,5000,100-0116,09/01/2024,100000000
100-0116_SUB_PCBA_dummy,-,-,SUB_PCBA,100-0116,09/01/2024,100000000
100-0119_1000_dummy,-,-,1000,100-0119,09/01/2024,100000000
100-0119_2000_dummy,-,-,2000,100-0119,09/01/2024,100000000
100-0119_SUB_PCBA_dummy,-,-,SUB_PCBA,100-0119,09/01/2024,100000000
100-0122_1000_dummy,-,-,1000,100-0122,09/01/2024,100000000
100-0122_2000_dummy,-,-,2000,100-0122,09/01/2024,100000000
100-0122_SUB_PCBA_dummy,-,-,SUB_PCBA,100-0122,09/01/2024,100000000
100-0141_1000_dummy,-,-,1000,100-0141,09/01/2024,100000000
100-0141_2000_dummy,-,-,2000,100-0141,09/01/2024,100000000
100-0141_SUB_PCBA_dummy,-,-,SUB_PCBA,100-0141,09/01/2024,100000000
100-0142_1000_dummy,-,-,1000,100-0142,09/01/2024,100000000
100-0142_2000_dummy,-,-,2000,100-0142,09/01/2024,100000000
100-0142_SUB_PCBA_dummy,-,-,SUB_PCBA,100-0142,09/01/2024,100000000
100-0143_1000_dummy,-,-,1000,100-0143,09/01/2024,100000000
100-0143_2000_dummy,-,-,2000,100-0143,09/01/2024,100000000
100-0143_5000_dummy,-,-,5000,100-0143,09/01/2024,100000000
100-0143_SUB_PCBA_dummy,-,-,SUB_PCBA,100-0143,09/01/2024,100000000
100-0144_1000_dummy,-,-,1000,100-0144,09/01/2024,100000000
100-0144_2000_dummy,-,-,2000,100-0144,09/01/2024,100000000
100-0144_SUB_PCBA_dummy,-,-,SUB_PCBA,100-0144,09/01/2024,100000000
100-0214_1000_dummy,-,-,1000,100-0214,09/01/2024,100000000
100-0214_2000_dummy,-,-,2000,100-0214,09/01/2024,100000000
311-0244_2000_dummy,-,-,2000,311-0244,09/01/2024,100000000
311-0244_5000_dummy,-,-,5000,311-0244,09/01/2024,100000000
311-0252_1000_dummy,-,-,1000,311-0252,09/01/2024,100000000
311-0252_2000_dummy,-,-,2000,311-0252,09/01/2024,100000000
311-0260_1000_dummy,-,-,1000,311-0260,09/01/2024,100000000
311-0260_2000_dummy,-,-,2000,311-0260,09/01/2024,100000000
311-0276_1000_dummy,-,-,1000,311-0276,09/01/2024,100000000
311-0276_2000_dummy,-,-,2000,311-0276,09/01/2024,100000000
311-0276_5000_dummy,-,-,5000,311-0276,09/01/2024,100000000
311-0363_1000_dummy,-,-,1000,311-0363,09/01/2024,100000000
311-0363_2000_dummy,-,-,2000,311-0363,09/01/2024,100000000
311-0436_1000_dummy,-,-,1000,311-0436,09/01/2024,100000000
311-0436_2000_dummy,-,-,2000,311-0436,09/01/2024,100000000
311-0437_1000_dummy,-,-,1000,311-0437,09/01/2024,100000000
311-0437_2000_dummy,-,-,2000,311-0437,09/01/2024,100000000
320-0109_1000_dummy,-,-,1000,320-0109,09/01/2024,100000000
320-0109_2000_dummy,-,-,2000,320-0109,09/01/2024,100000000
320-0128_1000_dummy,-,-,1000,320-0128,09/01/2024,100000000
320-0128_2000_dummy,-,-,2000,320-0128,09/01/2024,100000000
320-0128_5000_dummy,-,-,5000,320-0128,09/01/2024,100000000
100-0214_SUB_PCBA_dummy,-,-,SUB_PCBA,100-0214,09/01/2024,100000000
100-0222_1000_dummy,-,-,1000,100-0222,09/01/2024,100000000
100-0222_2000_dummy,-,-,2000,100-0222,09/01/2024,100000000
100-0222_SUB_PCBA_dummy,-,-,SUB_PCBA,100-0222,09/01/2024,100000000
100-0018_1000_dummy,-,-,1000,100-0018,09/01/2024,100000000
100-0018_2000_dummy,-,-,2000,100-0018,09/01/2024,100000000
100-0018_SUB_PCBA_dummy,-,-,SUB_PCBA,100-0018,09/01/2024,100000000
100-0021_1000_dummy,-,-,1000,100-0021,09/01/2024,100000000
100-0021_2000_dummy,-,-,2000,100-0021,09/01/2024,100000000
100-0021_SUB_PCBA_dummy,-,-,SUB_PCBA,100-0021,09/01/2024,100000000
100-0024_1000_dummy,-,-,1000,100-0024,09/01/2024,100000000
100-0024_2000_dummy,-,-,2000,100-0024,09/01/2024,100000000
100-0024_5000_dummy,-,-,5000,100-0024,09/01/2024,100000000
100-0024_SUB_PCBA_dummy,-,-,SUB_PCBA,100-0024,09/01/2024,100000000
100-0025_1000_dummy,-,-,1000,100-0025,09/01/2024,100000000
100-0025_2000_dummy,-,-,2000,100-0025,09/01/2024,100000000
100-0025_5000_dummy,-,-,5000,100-0025,09/01/2024,100000000
100-0025_SUB_PCBA_dummy,-,-,SUB_PCBA,100-0025,09/01/2024,100000000
100-0031_1000_dummy,-,-,1000,100-0031,09/01/2024,100000000
100-0031_2000_dummy,-,-,2000,100-0031,09/01/2024,100000000
100-0031_SUB_PCBA_dummy,-,-,SUB_PCBA,100-0031,09/01/2024,100000000
100-0033_1000_dummy,-,-,1000,100-0033,09/01/2024,100000000
100-0033_2000_dummy,-,-,2000,100-0033,09/01/2024,100000000
100-0033_SUB_PCBA_dummy,-,-,SUB_PCBA,100-0033,09/01/2024,100000000
100-0035_1000_dummy,-,-,1000,100-0035,09/01/2024,100000000
100-0035_2000_dummy,-,-,2000,100-0035,09/01/2024,100000000
100-0035_SUB_PCBA_dummy,-,-,SUB_PCBA,100-0035,09/01/2024,100000000
100-0038_1000_dummy,-,-,1000,100-0038,09/01/2024,100000000
100-0038_2000_dummy,-,-,2000,100-0038,09/01/2024,100000000
100-0038_5000_dummy,-,-,5000,100-0038,09/01/2024,100000000
100-0038_SUB_PCBA_dummy,-,-,SUB_PCBA,100-0038,09/01/2024,100000000
100-0054_1000_dummy,-,-,1000,100-0054,09/01/2024,100000000
100-0054_2000_dummy,-,-,2000,100-0054,09/01/2024,100000000
100-0054_SUB_PCBA_dummy,-,-,SUB_PCBA,100-0054,09/01/2024,100000000
100-0061_1000_dummy,-,-,1000,100-0061,09/01/2024,100000000
100-0061_2000_dummy,-,-,2000,100-0061,09/01/2024,100000000
100-0061_5000_dummy,-,-,5000,100-0061,09/01/2024,100000000
100-0061_SUB_PCBA_dummy,-,-,SUB_PCBA,100-0061,09/01/2024,100000000
100-0062_1000_dummy,-,-,1000,100-0062,09/01/2024,100000000
100-0062_2000_dummy,-,-,2000,100-0062,09/01/2024,100000000
100-0062_5000_dummy,-,-,5000,100-0062,09/01/2024,100000000
100-0062_SUB_PCBA_dummy,-,-,SUB_PCBA,100-0062,09/01/2024,100000000
100-0073_1000_dummy,-,-,1000,100-0073,09/01/2024,100000000
100-0073_2000_dummy,-,-,2000,100-0073,09/01/2024,100000000
100-0073_SUB_PCBA_dummy,-,-,SUB_PCBA,100-0073,09/01/2024,100000000
100-0074_1000_dummy,-,-,1000,100-0074,09/01/2024,100000000
100-0074_2000_dummy,-,-,2000,100-0074,09/01/2024,100000000
100-0074_SUB_PCBA_dummy,-,-,SUB_PCBA,100-0074,09/01/2024,100000000
100-0086_1000_dummy,-,-,1000,100-0086,09/01/2024,100000000
100-0086_2000_dummy,-,-,2000,100-0086,09/01/2024,100000000
100-0086_5000_dummy,-,-,5000,100-0086,09/01/2024,100000000
100-0086_SUB_PCBA_dummy,-,-,SUB_PCBA,100-0086,09/01/2024,100000000
100-0086-01_1000_dummy,-,-,1000,100-0086-01,09/01/2024,100000000
100-0086-01_SUB_PCBA_dummy,-,-,SUB_PCBA,100-0086-01,09/01/2024,100000000
100-0088_1000_dummy,-,-,1000,100-0088,09/01/2024,100000000
100-0088_2000_dummy,-,-,2000,100-0088,09/01/2024,100000000
100-0088_5000_dummy,-,-,5000,100-0088,09/01/2024,100000000
100-0088_SUB_PCBA_dummy,-,-,SUB_PCBA,100-0088,09/01/2024,100000000
100-0107_1000_dummy,-,-,1000,100-0107,09/01/2024,100000000
100-0107_2000_dummy,-,-,2000,100-0107,09/01/2024,100000000
100-0107_SUB_PCBA_dummy,-,-,SUB_PCBA,100-0107,09/01/2024,100000000
100-0108_1000_dummy,-,-,1000,100-0108,09/01/2024,100000000
100-0108_2000_dummy,-,-,2000,100-0108,09/01/2024,100000000
100-0108_SUB_PCBA_dummy,-,-,SUB_PCBA,100-0108,09/01/2024,100000000
100-0115_1000_dummy,-,-,1000,100-0115,09/01/2024,100000000
100-0115_2000_dummy,-,-,2000,100-0115,09/01/2024,100000000
100-0115_SUB_PCBA_dummy,-,-,SUB_PCBA,100-0115,09/01/2024,100000000
100-0116_1000_dummy,-,-,1000,100-0116,09/01/2024,100000000
100-0116_2000_dummy,-,-,2000,100-0116,09/01/2024,100000000
100-0116_5000_dummy,-,-,5000,100-0116,09/01/2024,100000000
100-0116_SUB_PCBA_dummy,-,-,SUB_PCBA,100-0116,09/01/2024,100000000
100-0119_1000_dummy,-,-,1000,100-0119,09/01/2024,100000000
100-0119_2000_dummy,-,-,2000,100-0119,09/01/2024,100000000
100-0119_SUB_PCBA_dummy,-,-,SUB_PCBA,100-0119,09/01/2024,100000000
100-0122_1000_dummy,-,-,1000,100-0122,09/01/2024,100000000
100-0122_2000_dummy,-,-,2000,100-0122,09/01/2024,100000000
100-0122_SUB_PCBA_dummy,-,-,SUB_PCBA,100-0122,09/01/2024,100000000
100-0141_1000_dummy,-,-,1000,100-0141,09/01/2024,100000000
100-0141_2000_dummy,-,-,2000,100-0141,09/01/2024,100000000
100-0141_SUB_PCBA_dummy,-,-,SUB_PCBA,100-0141,09/01/2024,100000000
100-0142_1000_dummy,-,-,1000,100-0142,09/01/2024,100000000
100-0142_2000_dummy,-,-,2000,100-0142,09/01/2024,100000000
100-0142_SUB_PCBA_dummy,-,-,SUB_PCBA,100-0142,09/01/2024,100000000
100-0143_1000_dummy,-,-,1000,100-0143,09/01/2024,100000000
100-0143_2000_dummy,-,-,2000,100-0143,09/01/2024,100000000
100-0143_5000_dummy,-,-,5000,100-0143,09/01/2024,100000000
100-0143_SUB_PCBA_dummy,-,-,SUB_PCBA,100-0143,09/01/2024,100000000
100-0144_1000_dummy,-,-,1000,100-0144,09/01/2024,100000000
100-0144_2000_dummy,-,-,2000,100-0144,09/01/2024,100000000
100-0144_SUB_PCBA_dummy,-,-,SUB_PCBA,100-0144,09/01/2024,100000000
100-0214_1000_dummy,-,-,1000,100-0214,09/01/2024,100000000
100-0214_2000_dummy,-,-,2000,100-0214,09/01/2024,100000000
100-0214_SUB_PCBA_dummy,-,-,SUB_PCBA,100-0214,09/01/2024,100000000
100-0222_1000_dummy,-,-,1000,100-0222,09/01/2024,100000000
100-0222_2000_dummy,-,-,2000,100-0222,09/01/2024,100000000
100-0222_SUB_PCBA_dummy,-,-,SUB_PCBA,100-0222,09/01/2024,100000000
100-0224_1000_dummy,-,-,1000,100-0224,09/01/2024,100000000
100-0224_2000_dummy,-,-,2000,100-0224,09/01/2024,100000000
100-0224_SUB_PCBA_dummy,-,-,SUB_PCBA,100-0224,09/01/2024,100000000
100-0225_1000_dummy,-,-,1000,100-0225,09/01/2024,100000000
100-0225_2000_dummy,-,-,2000,100-0225,09/01/2024,100000000
100-0225_SUB_PCBA_dummy,-,-,SUB_PCBA,100-0225,09/01/2024,100000000
100-0227_1000_dummy,-,-,1000,100-0227,09/01/2024,100000000
100-0227_2000_dummy,-,-,2000,100-0227,09/01/2024,100000000
100-0227_SUB_PCBA_dummy,-,-,SUB_PCBA,100-0227,09/01/2024,100000000
100-0228_1000_dummy,-,-,1000,100-0228,09/01/2024,100000000
100-0228_2000_dummy,-,-,2000,100-0228,09/01/2024,100000000
100-0228_SUB_PCBA_dummy,-,-,SUB_PCBA,100-0228,09/01/2024,100000000
100-0265_1000_dummy,-,-,1000,100-0265,09/01/2024,100000000
100-0265_SUB_PCBA_dummy,-,-,SUB_PCBA,100-0265,09/01/2024,100000000
100-0268_1000_dummy,-,-,1000,100-0268,09/01/2024,100000000
100-0268_2000_dummy,-,-,2000,100-0268,09/01/2024,100000000
100-0268_SUB_PCBA_dummy,-,-,SUB_PCBA,100-0268,09/01/2024,100000000
100-0285_1000_dummy,-,-,1000,100-0285,09/01/2024,100000000
100-0285_2000_dummy,-,-,2000,100-0285,09/01/2024,100000000
100-0285_SUB_PCBA_dummy,-,-,SUB_PCBA,100-0285,09/01/2024,100000000
100-0286_1000_dummy,-,-,1000,100-0286,09/01/2024,100000000
100-0286_2000_dummy,-,-,2000,100-0286,09/01/2024,100000000
100-0286_SUB_PCBA_dummy,-,-,SUB_PCBA,100-0286,09/01/2024,100000000
100-0300_1000_dummy,-,-,1000,100-0300,09/01/2024,100000000
100-0300_SUB_PCBA_dummy,-,-,SUB_PCBA,100-0300,09/01/2024,100000000
100-0365_1000_dummy,-,-,1000,100-0365,09/01/2024,100000000
100-0365_2000_dummy,-,-,2000,100-0365,09/01/2024,100000000
100-0365_SUB_PCBA_dummy,-,-,SUB_PCBA,100-0365,09/01/2024,100000000
101-0001_1000_dummy,-,-,1000,101-0001,09/01/2024,100000000
101-0001_2000_dummy,-,-,2000,101-0001,09/01/2024,100000000
101-0001_5000_dummy,-,-,5000,101-0001,09/01/2024,100000000
110-0001_1000_dummy,-,-,1000,110-0001,09/01/2024,100000000
110-0001_2000_dummy,-,-,2000,110-0001,09/01/2024,100000000
110-0001_5000_dummy,-,-,5000,110-0001,09/01/2024,100000000
110-0001_SUB_PCBA_dummy,-,-,SUB_PCBA,110-0001,09/01/2024,100000000
110-0002_1000_dummy,-,-,1000,110-0002,09/01/2024,100000000
110-0002_2000_dummy,-,-,2000,110-0002,09/01/2024,100000000
110-0002_SUB_PCBA_dummy,-,-,SUB_PCBA,110-0002,09/01/2024,100000000
110-0003_1000_dummy,-,-,1000,110-0003,09/01/2024,100000000
110-0003_2000_dummy,-,-,2000,110-0003,09/01/2024,100000000
110-0003_SUB_PCBA_dummy,-,-,SUB_PCBA,110-0003,09/01/2024,100000000
110-0011_1000_dummy,-,-,1000,110-0011,09/01/2024,100000000
110-0011_2000_dummy,-,-,2000,110-0011,09/01/2024,100000000
110-0011_SUB_PCBA_dummy,-,-,SUB_PCBA,110-0011,09/01/2024,100000000
110-0019_1000_dummy,-,-,1000,110-0019,09/01/2024,100000000
110-0019_2000_dummy,-,-,2000,110-0019,09/01/2024,100000000
110-0019_SUB_PCBA_dummy,-,-,SUB_PCBA,110-0019,09/01/2024,100000000
110-0040_1000_dummy,-,-,1000,110-0040,09/01/2024,100000000
110-0040_2000_dummy,-,-,2000,110-0040,09/01/2024,100000000
110-0040_SUB_PCBA_dummy,-,-,SUB_PCBA,110-0040,09/01/2024,100000000
110-0063_1000_dummy,-,-,1000,110-0063,09/01/2024,100000000
110-0063_2000_dummy,-,-,2000,110-0063,09/01/2024,100000000
110-0063_SUB_PCBA_dummy,-,-,SUB_PCBA,110-0063,09/01/2024,100000000
110-0064_1000_dummy,-,-,1000,110-0064,09/01/2024,100000000
110-0064_2000_dummy,-,-,2000,110-0064,09/01/2024,100000000
110-0064_5000_dummy,-,-,5000,110-0064,09/01/2024,100000000
110-0064_SUB_PCBA_dummy,-,-,SUB_PCBA,110-0064,09/01/2024,100000000
110-0083_1000_dummy,-,-,1000,110-0083,09/01/2024,100000000
110-0083_2000_dummy,-,-,2000,110-0083,09/01/2024,100000000
110-0083_SUB_PCBA_dummy,-,-,SUB_PCBA,110-0083,09/01/2024,100000000
110-0099_1000_dummy,-,-,1000,110-0099,09/01/2024,100000000
110-0099_2000_dummy,-,-,2000,110-0099,09/01/2024,100000000
110-0099_5000_dummy,-,-,5000,110-0099,09/01/2024,100000000
110-0099_SUB_PCBA_dummy,-,-,SUB_PCBA,110-0099,09/01/2024,100000000
110-0121_1000_dummy,-,-,1000,110-0121,09/01/2024,100000000
110-0121_2000_dummy,-,-,2000,110-0121,09/01/2024,100000000
110-0121_5000_dummy,-,-,5000,110-0121,09/01/2024,100000000
110-0121_SUB_PCBA_dummy,-,-,SUB_PCBA,110-0121,09/01/2024,100000000
110-0156_1000_dummy,-,-,1000,110-0156,09/01/2024,100000000
110-0156_2000_dummy,-,-,2000,110-0156,09/01/2024,100000000
110-0156_SUB_PCBA_dummy,-,-,SUB_PCBA,110-0156,09/01/2024,100000000
110-0158_1000_dummy,-,-,1000,110-0158,09/01/2024,100000000
110-0158_2000_dummy,-,-,2000,110-0158,09/01/2024,100000000
110-0158_5000_dummy,-,-,5000,110-0158,09/01/2024,100000000
110-0158_SUB_PCBA_dummy,-,-,SUB_PCBA,110-0158,09/01/2024,100000000
110-0161_1000_dummy,-,-,1000,110-0161,09/01/2024,100000000
110-0161_2000_dummy,-,-,2000,110-0161,09/01/2024,100000000
110-0161_SUB_PCBA_dummy,-,-,SUB_PCBA,110-0161,09/01/2024,100000000
110-0172_1000_dummy,-,-,1000,110-0172,09/01/2024,100000000
110-0172_2000_dummy,-,-,2000,110-0172,09/01/2024,100000000
110-0172_SUB_PCBA_dummy,-,-,SUB_PCBA,110-0172,09/01/2024,100000000
110-0174_1000_dummy,-,-,1000,110-0174,09/01/2024,100000000
110-0174_2000_dummy,-,-,2000,110-0174,09/01/2024,100000000
110-0174_SUB_PCBA_dummy,-,-,SUB_PCBA,110-0174,09/01/2024,100000000
110-0177_1000_dummy,-,-,1000,110-0177,09/01/2024,100000000
110-0177_2000_dummy,-,-,2000,110-0177,09/01/2024,100000000
110-0177_SUB_PCBA_dummy,-,-,SUB_PCBA,110-0177,09/01/2024,100000000
110-0207_1000_dummy,-,-,1000,110-0207,09/01/2024,100000000
110-0207_2000_dummy,-,-,2000,110-0207,09/01/2024,100000000
110-0207_SUB_PCBA_dummy,-,-,SUB_PCBA,110-0207,09/01/2024,100000000
110-0213_1000_dummy,-,-,1000,110-0213,09/01/2024,100000000
110-0213_2000_dummy,-,-,2000,110-0213,09/01/2024,100000000
110-0213_SUB_PCBA_dummy,-,-,SUB_PCBA,110-0213,09/01/2024,100000000
110-0214_1000_dummy,-,-,1000,110-0214,09/01/2024,100000000
110-0214_2000_dummy,-,-,2000,110-0214,09/01/2024,100000000
110-0214_SUB_PCBA_dummy,-,-,SUB_PCBA,110-0214,09/01/2024,100000000
110-0216_1000_dummy,-,-,1000,110-0216,09/01/2024,100000000
110-0216_2000_dummy,-,-,2000,110-0216,09/01/2024,100000000
110-0216_5000_dummy,-,-,5000,110-0216,09/01/2024,100000000
110-0216_SUB_PCBA_dummy,-,-,SUB_PCBA,110-0216,09/01/2024,100000000
110-0220_1000_dummy,-,-,1000,110-0220,09/01/2024,100000000
110-0220_2000_dummy,-,-,2000,110-0220,09/01/2024,100000000
110-0220_SUB_PCBA_dummy,-,-,SUB_PCBA,110-0220,09/01/2024,100000000
110-0237_1000_dummy,-,-,1000,110-0237,09/01/2024,100000000
110-0237_2000_dummy,-,-,2000,110-0237,09/01/2024,100000000
110-0237_SUB_PCBA_dummy,-,-,SUB_PCBA,110-0237,09/01/2024,100000000
110-0239_1000_dummy,-,-,1000,110-0239,09/01/2024,100000000
110-0239_2000_dummy,-,-,2000,110-0239,09/01/2024,100000000
110-0239_SUB_PCBA_dummy,-,-,SUB_PCBA,110-0239,09/01/2024,100000000
110-0241_1000_dummy,-,-,1000,110-0241,09/01/2024,100000000
110-0241_2000_dummy,-,-,2000,110-0241,09/01/2024,100000000
110-0241_5000_dummy,-,-,5000,110-0241,09/01/2024,100000000
110-0241_SUB_PCBA_dummy,-,-,SUB_PCBA,110-0241,09/01/2024,100000000
110-0243_1000_dummy,-,-,1000,110-0243,09/01/2024,100000000
110-0243_2000_dummy,-,-,2000,110-0243,09/01/2024,100000000
110-0243_SUB_PCBA_dummy,-,-,SUB_PCBA,110-0243,09/01/2024,100000000
110-0246_1000_dummy,-,-,1000,110-0246,09/01/2024,100000000
110-0246_2000_dummy,-,-,2000,110-0246,09/01/2024,100000000
110-0246_SUB_PCBA_dummy,-,-,SUB_PCBA,110-0246,09/01/2024,100000000
110-0248_1000_dummy,-,-,1000,110-0248,09/01/2024,100000000
110-0248_2000_dummy,-,-,2000,110-0248,09/01/2024,100000000
110-0248_SUB_PCBA_dummy,-,-,SUB_PCBA,110-0248,09/01/2024,100000000
110-0249_1000_dummy,-,-,1000,110-0249,09/01/2024,100000000
110-0249_2000_dummy,-,-,2000,110-0249,09/01/2024,100000000
110-0249_SUB_PCBA_dummy,-,-,SUB_PCBA,110-0249,09/01/2024,100000000
110-0252_1000_dummy,-,-,1000,110-0252,09/01/2024,100000000
110-0252_2000_dummy,-,-,2000,110-0252,09/01/2024,100000000
110-0252_SUB_PCBA_dummy,-,-,SUB_PCBA,110-0252,09/01/2024,100000000
110-0253_1000_dummy,-,-,1000,110-0253,09/01/2024,100000000
110-0253_2000_dummy,-,-,2000,110-0253,09/01/2024,100000000
110-0253_SUB_PCBA_dummy,-,-,SUB_PCBA,110-0253,09/01/2024,100000000
110-0260_1000_dummy,-,-,1000,110-0260,09/01/2024,100000000
110-0260_2000_dummy,-,-,2000,110-0260,09/01/2024,100000000
110-0260_SUB_PCBA_dummy,-,-,SUB_PCBA,110-0260,09/01/2024,100000000
110-0261_1000_dummy,-,-,1000,110-0261,09/01/2024,100000000
110-0261_2000_dummy,-,-,2000,110-0261,09/01/2024,100000000
110-0261_SUB_PCBA_dummy,-,-,SUB_PCBA,110-0261,09/01/2024,100000000
110-0267_1000_dummy,-,-,1000,110-0267,09/01/2024,100000000
110-0267_2000_dummy,-,-,2000,110-0267,09/01/2024,100000000
110-0267_SUB_PCBA_dummy,-,-,SUB_PCBA,110-0267,09/01/2024,100000000
110-0268_1000_dummy,-,-,1000,110-0268,09/01/2024,100000000
110-0268_2000_dummy,-,-,2000,110-0268,09/01/2024,100000000
110-0268_SUB_PCBA_dummy,-,-,SUB_PCBA,110-0268,09/01/2024,100000000
110-0270_1000_dummy,-,-,1000,110-0270,09/01/2024,100000000
110-0270_2000_dummy,-,-,2000,110-0270,09/01/2024,100000000
110-0270_SUB_PCBA_dummy,-,-,SUB_PCBA,110-0270,09/01/2024,100000000
110-0272_1000_dummy,-,-,1000,110-0272,09/01/2024,100000000
110-0272_2000_dummy,-,-,2000,110-0272,09/01/2024,100000000
110-0272_SUB_PCBA_dummy,-,-,SUB_PCBA,110-0272,09/01/2024,100000000
110-0273_1000_dummy,-,-,1000,110-0273,09/01/2024,100000000
110-0273_2000_dummy,-,-,2000,110-0273,09/01/2024,100000000
110-0273_SUB_PCBA_dummy,-,-,SUB_PCBA,110-0273,09/01/2024,100000000
110-0295_1000_dummy,-,-,1000,110-0295,09/01/2024,100000000
110-0295_2000_dummy,-,-,2000,110-0295,09/01/2024,100000000
110-0295_SUB_PCBA_dummy,-,-,SUB_PCBA,110-0295,09/01/2024,100000000
110-0296_1000_dummy,-,-,1000,110-0296,09/01/2024,100000000
110-0296_2000_dummy,-,-,2000,110-0296,09/01/2024,100000000
110-0296_SUB_PCBA_dummy,-,-,SUB_PCBA,110-0296,09/01/2024,100000000
110-0298_1000_dummy,-,-,1000,110-0298,09/01/2024,100000000
110-0298_2000_dummy,-,-,2000,110-0298,09/01/2024,100000000
110-0298_5000_dummy,-,-,5000,110-0298,09/01/2024,100000000
110-0298_SUB_PCBA_dummy,-,-,SUB_PCBA,110-0298,09/01/2024,100000000
110-0308_1000_dummy,-,-,1000,110-0308,09/01/2024,100000000
110-0308_2000_dummy,-,-,2000,110-0308,09/01/2024,100000000
110-0308_SUB_PCBA_dummy,-,-,SUB_PCBA,110-0308,09/01/2024,100000000
110-0311_1000_dummy,-,-,1000,110-0311,09/01/2024,100000000
110-0311_2000_dummy,-,-,2000,110-0311,09/01/2024,100000000
110-0311_5000_dummy,-,-,5000,110-0311,09/01/2024,100000000
110-0311_SUB_PCBA_dummy,-,-,SUB_PCBA,110-0311,09/01/2024,100000000
110-0368_1000_dummy,-,-,1000,110-0368,09/01/2024,100000000
110-0368_2000_dummy,-,-,2000,110-0368,09/01/2024,100000000
110-0368_SUB_PCBA_dummy,-,-,SUB_PCBA,110-0368,09/01/2024,100000000
110-0369_1000_dummy,-,-,1000,110-0369,09/01/2024,100000000
110-0369_2000_dummy,-,-,2000,110-0369,09/01/2024,100000000
110-0369_5000_dummy,-,-,5000,110-0369,09/01/2024,100000000
110-0369_SUB_PCBA_dummy,-,-,SUB_PCBA,110-0369,09/01/2024,100000000
110-0370_1000_dummy,-,-,1000,110-0370,09/01/2024,100000000
110-0370_SUB_PCBA_dummy,-,-,SUB_PCBA,110-0370,09/01/2024,100000000
110-0371_1000_dummy,-,-,1000,110-0371,09/01/2024,100000000
110-0371_2000_dummy,-,-,2000,110-0371,09/01/2024,100000000
110-0371_5000_dummy,-,-,5000,110-0371,09/01/2024,100000000
110-0371_SUB_PCBA_dummy,-,-,SUB_PCBA,110-0371,09/01/2024,100000000
110-0372_1000_dummy,-,-,1000,110-0372,09/01/2024,100000000
110-0372_2000_dummy,-,-,2000,110-0372,09/01/2024,100000000
110-0372_SUB_PCBA_dummy,-,-,SUB_PCBA,110-0372,09/01/2024,100000000
110-0373_1000_dummy,-,-,1000,110-0373,09/01/2024,100000000
110-0373_SUB_PCBA_dummy,-,-,SUB_PCBA,110-0373,09/01/2024,100000000
110-0374_1000_dummy,-,-,1000,110-0374,09/01/2024,100000000
110-0374_2000_dummy,-,-,2000,110-0374,09/01/2024,100000000
110-0374_SUB_PCBA_dummy,-,-,SUB_PCBA,110-0374,09/01/2024,100000000
110-0375_1000_dummy,-,-,1000,110-0375,09/01/2024,100000000
110-0375_2000_dummy,-,-,2000,110-0375,09/01/2024,100000000
110-0375_SUB_PCBA_dummy,-,-,SUB_PCBA,110-0375,09/01/2024,100000000
110-0376_1000_dummy,-,-,1000,110-0376,09/01/2024,100000000
110-0376_2000_dummy,-,-,2000,110-0376,09/01/2024,100000000
110-0376_SUB_PCBA_dummy,-,-,SUB_PCBA,110-0376,09/01/2024,100000000
110-0377_1000_dummy,-,-,1000,110-0377,09/01/2024,100000000
110-0377_2000_dummy,-,-,2000,110-0377,09/01/2024,100000000
110-0377_SUB_PCBA_dummy,-,-,SUB_PCBA,110-0377,09/01/2024,100000000
110-0378_1000_dummy,-,-,1000,110-0378,09/01/2024,100000000
110-0378_2000_dummy,-,-,2000,110-0378,09/01/2024,100000000
110-0378_SUB_PCBA_dummy,-,-,SUB_PCBA,110-0378,09/01/2024,100000000
110-0379_1000_dummy,-,-,1000,110-0379,09/01/2024,100000000
110-0379_2000_dummy,-,-,2000,110-0379,09/01/2024,100000000
110-0379_5000_dummy,-,-,5000,110-0379,09/01/2024,100000000
110-0379_SUB_PCBA_dummy,-,-,SUB_PCBA,110-0379,09/01/2024,100000000
110-0380_1000_dummy,-,-,1000,110-0380,09/01/2024,100000000
110-0380_2000_dummy,-,-,2000,110-0380,09/01/2024,100000000
110-0380_SUB_PCBA_dummy,-,-,SUB_PCBA,110-0380,09/01/2024,100000000
110-0381_1000_dummy,-,-,1000,110-0381,09/01/2024,100000000
110-0381_2000_dummy,-,-,2000,110-0381,09/01/2024,100000000
110-0381_SUB_PCBA_dummy,-,-,SUB_PCBA,110-0381,09/01/2024,100000000
110-0460_1000_dummy,-,-,1000,110-0460,09/01/2024,100000000
110-0460_2000_dummy,-,-,2000,110-0460,09/01/2024,100000000
110-0460_SUB_PCBA_dummy,-,-,SUB_PCBA,110-0460,09/01/2024,100000000
110-0561_1000_dummy,-,-,1000,110-0561,09/01/2024,100000000
110-0561_SUB_PCBA_dummy,-,-,SUB_PCBA,110-0561,09/01/2024,100000000
110-0566_1000_dummy,-,-,1000,110-0566,09/01/2024,100000000
110-0566_2000_dummy,-,-,2000,110-0566,09/01/2024,100000000
110-0566_SUB_PCBA_dummy,-,-,SUB_PCBA,110-0566,09/01/2024,100000000
110-0570_1000_dummy,-,-,1000,110-0570,09/01/2024,100000000
110-0570_2000_dummy,-,-,2000,110-0570,09/01/2024,100000000
110-0570_SUB_PCBA_dummy,-,-,SUB_PCBA,110-0570,09/01/2024,100000000
110-0571_1000_dummy,-,-,1000,110-0571,09/01/2024,100000000
110-0571_2000_dummy,-,-,2000,110-0571,09/01/2024,100000000
110-0571_SUB_PCBA_dummy,-,-,SUB_PCBA,110-0571,09/01/2024,100000000
110-0602_1000_dummy,-,-,1000,110-0602,09/01/2024,100000000
110-0602_2000_dummy,-,-,2000,110-0602,09/01/2024,100000000
110-0602_SUB_PCBA_dummy,-,-,SUB_PCBA,110-0602,09/01/2024,100000000
110-0603_1000_dummy,-,-,1000,110-0603,09/01/2024,100000000
110-0603_2000_dummy,-,-,2000,110-0603,09/01/2024,100000000
110-0603_SUB_PCBA_dummy,-,-,SUB_PCBA,110-0603,09/01/2024,100000000
110-0624_1000_dummy,-,-,1000,110-0624,09/01/2024,100000000
110-0624_2000_dummy,-,-,2000,110-0624,09/01/2024,100000000
110-0624_SUB_PCBA_dummy,-,-,SUB_PCBA,110-0624,09/01/2024,100000000
110-0627_1000_dummy,-,-,1000,110-0627,09/01/2024,100000000
110-0627_2000_dummy,-,-,2000,110-0627,09/01/2024,100000000
110-0627_SUB_PCBA_dummy,-,-,SUB_PCBA,110-0627,09/01/2024,100000000
110-0713_1000_dummy,-,-,1000,110-0713,09/01/2024,100000000
110-0713_2000_dummy,-,-,2000,110-0713,09/01/2024,100000000
110-0713_SUB_PCBA_dummy,-,-,SUB_PCBA,110-0713,09/01/2024,100000000
110-0730_1000_dummy,-,-,1000,110-0730,09/01/2024,100000000
110-0730_2000_dummy,-,-,2000,110-0730,09/01/2024,100000000
110-0730_SUB_PCBA_dummy,-,-,SUB_PCBA,110-0730,09/01/2024,100000000
120-0029_1000_dummy,-,-,1000,120-0029,09/01/2024,100000000
120-0029_2000_dummy,-,-,2000,120-0029,09/01/2024,100000000
120-0029_SUB_PCBA_dummy,-,-,SUB_PCBA,120-0029,09/01/2024,100000000
120-0046_1000_dummy,-,-,1000,120-0046,09/01/2024,100000000
120-0046_2000_dummy,-,-,2000,120-0046,09/01/2024,100000000
120-0046_SUB_PCBA_dummy,-,-,SUB_PCBA,120-0046,09/01/2024,100000000
120-0047_1000_dummy,-,-,1000,120-0047,09/01/2024,100000000
120-0047_2000_dummy,-,-,2000,120-0047,09/01/2024,100000000
120-0047_SUB_PCBA_dummy,-,-,SUB_PCBA,120-0047,09/01/2024,100000000
120-0051_1000_dummy,-,-,1000,120-0051,09/01/2024,100000000
120-0051_2000_dummy,-,-,2000,120-0051,09/01/2024,100000000
120-0051_SUB_PCBA_dummy,-,-,SUB_PCBA,120-0051,09/01/2024,100000000
120-0099_1000_dummy,-,-,1000,120-0099,09/01/2024,100000000
120-0099_2000_dummy,-,-,2000,120-0099,09/01/2024,100000000
120-0099_SUB_PCBA_dummy,-,-,SUB_PCBA,120-0099,09/01/2024,100000000
120-0100_1000_dummy,-,-,1000,120-0100,09/01/2024,100000000
120-0100_2000_dummy,-,-,2000,120-0100,09/01/2024,100000000
120-0100_SUB_PCBA_dummy,-,-,SUB_PCBA,120-0100,09/01/2024,100000000
120-0120_1000_dummy,-,-,1000,120-0120,09/01/2024,100000000
120-0120_2000_dummy,-,-,2000,120-0120,09/01/2024,100000000
120-0120_SUB_PCBA_dummy,-,-,SUB_PCBA,120-0120,09/01/2024,100000000
120-0121_1000_dummy,-,-,1000,120-0121,09/01/2024,100000000
120-0121_2000_dummy,-,-,2000,120-0121,09/01/2024,100000000
120-0121_5000_dummy,-,-,5000,120-0121,09/01/2024,100000000
120-0121_SUB_PCBA_dummy,-,-,SUB_PCBA,120-0121,09/01/2024,100000000
120-0128_1000_dummy,-,-,1000,120-0128,09/01/2024,100000000
120-0128_2000_dummy,-,-,2000,120-0128,09/01/2024,100000000
120-0128_SUB_PCBA_dummy,-,-,SUB_PCBA,120-0128,09/01/2024,100000000
120-0129_1000_dummy,-,-,1000,120-0129,09/01/2024,100000000
120-0129_2000_dummy,-,-,2000,120-0129,09/01/2024,100000000
120-0129_SUB_PCBA_dummy,-,-,SUB_PCBA,120-0129,09/01/2024,100000000
120-0138_1000_dummy,-,-,1000,120-0138,09/01/2024,100000000
120-0138_2000_dummy,-,-,2000,120-0138,09/01/2024,100000000
120-0138_SUB_PCBA_dummy,-,-,SUB_PCBA,120-0138,09/01/2024,100000000
120-0143_1000_dummy,-,-,1000,120-0143,09/01/2024,100000000
120-0143_2000_dummy,-,-,2000,120-0143,09/01/2024,100000000
120-0143_5000_dummy,-,-,5000,120-0143,09/01/2024,100000000
120-0143_SUB_PCBA_dummy,-,-,SUB_PCBA,120-0143,09/01/2024,100000000
120-0152_1000_dummy,-,-,1000,120-0152,09/01/2024,100000000
120-0152_2000_dummy,-,-,2000,120-0152,09/01/2024,100000000
120-0152_SUB_PCBA_dummy,-,-,SUB_PCBA,120-0152,09/01/2024,100000000
120-0157_1000_dummy,-,-,1000,120-0157,09/01/2024,100000000
120-0157_2000_dummy,-,-,2000,120-0157,09/01/2024,100000000
120-0157_SUB_PCBA_dummy,-,-,SUB_PCBA,120-0157,09/01/2024,100000000
120-0202_1000_dummy,-,-,1000,120-0202,09/01/2024,100000000
120-0202_2000_dummy,-,-,2000,120-0202,09/01/2024,100000000
120-0202_SUB_PCBA_dummy,-,-,SUB_PCBA,120-0202,09/01/2024,100000000
120-0215_1000_dummy,-,-,1000,120-0215,09/01/2024,100000000
120-0215_2000_dummy,-,-,2000,120-0215,09/01/2024,100000000
120-0215_SUB_PCBA_dummy,-,-,SUB_PCBA,120-0215,09/01/2024,100000000
120-0224_1000_dummy,-,-,1000,120-0224,09/01/2024,100000000
120-0224_2000_dummy,-,-,2000,120-0224,09/01/2024,100000000
120-0224_SUB_PCBA_dummy,-,-,SUB_PCBA,120-0224,09/01/2024,100000000
120-0232_1000_dummy,-,-,1000,120-0232,09/01/2024,100000000
120-0232_2000_dummy,-,-,2000,120-0232,09/01/2024,100000000
120-0232_SUB_PCBA_dummy,-,-,SUB_PCBA,120-0232,09/01/2024,100000000
120-0247_1000_dummy,-,-,1000,120-0247,09/01/2024,100000000
120-0247_2000_dummy,-,-,2000,120-0247,09/01/2024,100000000
120-0247_SUB_PCBA_dummy,-,-,SUB_PCBA,120-0247,09/01/2024,100000000
120-0248_1000_dummy,-,-,1000,120-0248,09/01/2024,100000000
120-0248_2000_dummy,-,-,2000,120-0248,09/01/2024,100000000
120-0248_SUB_PCBA_dummy,-,-,SUB_PCBA,120-0248,09/01/2024,100000000
120-0249_1000_dummy,-,-,1000,120-0249,09/01/2024,100000000
120-0249_2000_dummy,-,-,2000,120-0249,09/01/2024,100000000
120-0249_SUB_PCBA_dummy,-,-,SUB_PCBA,120-0249,09/01/2024,100000000
120-0253_1000_dummy,-,-,1000,120-0253,09/01/2024,100000000
120-0253_2000_dummy,-,-,2000,120-0253,09/01/2024,100000000
120-0253_SUB_PCBA_dummy,-,-,SUB_PCBA,120-0253,09/01/2024,100000000
120-0254_1000_dummy,-,-,1000,120-0254,09/01/2024,100000000
120-0254_2000_dummy,-,-,2000,120-0254,09/01/2024,100000000
120-0254_SUB_PCBA_dummy,-,-,SUB_PCBA,120-0254,09/01/2024,100000000
120-0260_1000_dummy,-,-,1000,120-0260,09/01/2024,100000000
120-0260_2000_dummy,-,-,2000,120-0260,09/01/2024,100000000
120-0260_SUB_PCBA_dummy,-,-,SUB_PCBA,120-0260,09/01/2024,100000000
120-0310_1000_dummy,-,-,1000,120-0310,09/01/2024,100000000
120-0310_2000_dummy,-,-,2000,120-0310,09/01/2024,100000000
120-0310_SUB_PCBA_dummy,-,-,SUB_PCBA,120-0310,09/01/2024,100000000
121-0053_1000_dummy,-,-,1000,121-0053,09/01/2024,100000000
121-0053_SUB_PCBA_dummy,-,-,SUB_PCBA,121-0053,09/01/2024,100000000
121-0060-CD_1000_dummy,-,-,1000,121-0060-CD,09/01/2024,100000000
121-0060-CD_2000_dummy,-,-,2000,121-0060-CD,09/01/2024,100000000
121-0060-CD_SUB_PCBA_dummy,-,-,SUB_PCBA,121-0060-CD,09/01/2024,100000000
130-0077_1000_dummy,-,-,1000,130-0077,09/01/2024,100000000
130-0077_2000_dummy,-,-,2000,130-0077,09/01/2024,100000000
130-0077_5000_dummy,-,-,5000,130-0077,09/01/2024,100000000
130-0077_SUB_PCBA_dummy,-,-,SUB_PCBA,130-0077,09/01/2024,100000000
140-0022_1000_dummy,-,-,1000,140-0022,09/01/2024,100000000
140-0022_2000_dummy,-,-,2000,140-0022,09/01/2024,100000000
140-0022_SUB_PCBA_dummy,-,-,SUB_PCBA,140-0022,09/01/2024,100000000
140-0113_1000_dummy,-,-,1000,140-0113,09/01/2024,100000000
140-0113_2000_dummy,-,-,2000,140-0113,09/01/2024,100000000
140-0113_SUB_PCBA_dummy,-,-,SUB_PCBA,140-0113,09/01/2024,100000000
140-0179_1000_dummy,-,-,1000,140-0179,09/01/2024,100000000
140-0179_2000_dummy,-,-,2000,140-0179,09/01/2024,100000000
140-0179_SUB_PCBA_dummy,-,-,SUB_PCBA,140-0179,09/01/2024,100000000
140-0221_1000_dummy,-,-,1000,140-0221,09/01/2024,100000000
140-0221_2000_dummy,-,-,2000,140-0221,09/01/2024,100000000
140-0221_SUB_PCBA_dummy,-,-,SUB_PCBA,140-0221,09/01/2024,100000000
140-0240_1000_dummy,-,-,1000,140-0240,09/01/2024,100000000
140-0240_2000_dummy,-,-,2000,140-0240,09/01/2024,100000000
140-0240_SUB_PCBA_dummy,-,-,SUB_PCBA,140-0240,09/01/2024,100000000
140-0246_1000_dummy,-,-,1000,140-0246,09/01/2024,100000000
140-0246_2000_dummy,-,-,2000,140-0246,09/01/2024,100000000
140-0246_SUB_PCBA_dummy,-,-,SUB_PCBA,140-0246,09/01/2024,100000000
140-0253_1000_dummy,-,-,1000,140-0253,09/01/2024,100000000
140-0253_2000_dummy,-,-,2000,140-0253,09/01/2024,100000000
140-0253_SUB_PCBA_dummy,-,-,SUB_PCBA,140-0253,09/01/2024,100000000
140-0310_1000_dummy,-,-,1000,140-0310,09/01/2024,100000000
140-0310_2000_dummy,-,-,2000,140-0310,09/01/2024,100000000
140-0310_SUB_PCBA_dummy,-,-,SUB_PCBA,140-0310,09/01/2024,100000000
140-0313_1000_dummy,-,-,1000,140-0313,09/01/2024,100000000
140-0313_2000_dummy,-,-,2000,140-0313,09/01/2024,100000000
140-0313_SUB_PCBA_dummy,-,-,SUB_PCBA,140-0313,09/01/2024,100000000
140-0338_1000_dummy,-,-,1000,140-0338,09/01/2024,100000000
140-0338_2000_dummy,-,-,2000,140-0338,09/01/2024,100000000
140-0338_SUB_PCBA_dummy,-,-,SUB_PCBA,140-0338,09/01/2024,100000000
140-0341_1000_dummy,-,-,1000,140-0341,09/01/2024,100000000
140-0341_2000_dummy,-,-,2000,140-0341,09/01/2024,100000000
140-0341_SUB_PCBA_dummy,-,-,SUB_PCBA,140-0341,09/01/2024,100000000
140-0341-RW_1000_dummy,-,-,1000,140-0341-RW,09/01/2024,100000000
140-0341-RW_SUB_PCBA_dummy,-,-,SUB_PCBA,140-0341-RW,09/01/2024,100000000
140-0355_1000_dummy,-,-,1000,140-0355,09/01/2024,100000000
140-0355_2000_dummy,-,-,2000,140-0355,09/01/2024,100000000
140-0355_SUB_PCBA_dummy,-,-,SUB_PCBA,140-0355,09/01/2024,100000000
140-0384_1000_dummy,-,-,1000,140-0384,09/01/2024,100000000
140-0384_2000_dummy,-,-,2000,140-0384,09/01/2024,100000000
140-0384_SUB_PCBA_dummy,-,-,SUB_PCBA,140-0384,09/01/2024,100000000
140-0386_1000_dummy,-,-,1000,140-0386,09/01/2024,100000000
140-0386_2000_dummy,-,-,2000,140-0386,09/01/2024,100000000
140-0386_5000_dummy,-,-,5000,140-0386,09/01/2024,100000000
140-0386_SUB_PCBA_dummy,-,-,SUB_PCBA,140-0386,09/01/2024,100000000
140-0392_1000_dummy,-,-,1000,140-0392,09/01/2024,100000000
140-0392_2000_dummy,-,-,2000,140-0392,09/01/2024,100000000
140-0392_SUB_PCBA_dummy,-,-,SUB_PCBA,140-0392,09/01/2024,100000000
140-0403_1000_dummy,-,-,1000,140-0403,09/01/2024,100000000
140-0403_2000_dummy,-,-,2000,140-0403,09/01/2024,100000000
140-0434_1000_dummy,-,-,1000,140-0434,09/01/2024,100000000
140-0434_SUB_PCBA_dummy,-,-,SUB_PCBA,140-0434,09/01/2024,100000000
140-0477_1000_dummy,-,-,1000,140-0477,09/01/2024,100000000
140-0477_2000_dummy,-,-,2000,140-0477,09/01/2024,100000000
140-0477_SUB_PCBA_dummy,-,-,SUB_PCBA,140-0477,09/01/2024,100000000
140-0481_1000_dummy,-,-,1000,140-0481,09/01/2024,100000000
140-0481_2000_dummy,-,-,2000,140-0481,09/01/2024,100000000
140-0481_SUB_PCBA_dummy,-,-,SUB_PCBA,140-0481,09/01/2024,100000000
140-0547_1000_dummy,-,-,1000,140-0547,09/01/2024,100000000
140-0547_2000_dummy,-,-,2000,140-0547,09/01/2024,100000000
140-0599_1000_dummy,-,-,1000,140-0599,09/01/2024,100000000
140-0599_2000_dummy,-,-,2000,140-0599,09/01/2024,100000000
140-0599_SUB_PCBA_dummy,-,-,SUB_PCBA,140-0599,09/01/2024,100000000
140-0628_1000_dummy,-,-,1000,140-0628,09/01/2024,100000000
140-0628_2000_dummy,-,-,2000,140-0628,09/01/2024,100000000
140-0628_SUB_PCBA_dummy,-,-,SUB_PCBA,140-0628,09/01/2024,100000000
140-0638_1000_dummy,-,-,1000,140-0638,09/01/2024,100000000
140-0638_2000_dummy,-,-,2000,140-0638,09/01/2024,100000000
140-0638_SUB_PCBA_dummy,-,-,SUB_PCBA,140-0638,09/01/2024,100000000
140-0639_1000_dummy,-,-,1000,140-0639,09/01/2024,100000000
140-0639_2000_dummy,-,-,2000,140-0639,09/01/2024,100000000
140-0639_SUB_PCBA_dummy,-,-,SUB_PCBA,140-0639,09/01/2024,100000000
140-0645_1000_dummy,-,-,1000,140-0645,09/01/2024,100000000
140-0645_2000_dummy,-,-,2000,140-0645,09/01/2024,100000000
140-0645_SUB_PCBA_dummy,-,-,SUB_PCBA,140-0645,09/01/2024,100000000
140-0834_1000_dummy,-,-,1000,140-0834,09/01/2024,100000000
140-0834_2000_dummy,-,-,2000,140-0834,09/01/2024,100000000
140-0834_5000_dummy,-,-,5000,140-0834,09/01/2024,100000000
140-0834_SUB_PCBA_dummy,-,-,SUB_PCBA,140-0834,09/01/2024,100000000
140-0847_1000_dummy,-,-,1000,140-0847,09/01/2024,100000000
140-0847_2000_dummy,-,-,2000,140-0847,09/01/2024,100000000
140-0847_SUB_PCBA_dummy,-,-,SUB_PCBA,140-0847,09/01/2024,100000000
140-0848_1000_dummy,-,-,1000,140-0848,09/01/2024,100000000
140-0848_2000_dummy,-,-,2000,140-0848,09/01/2024,100000000
140-0849_1000_dummy,-,-,1000,140-0849,09/01/2024,100000000
140-0849_2000_dummy,-,-,2000,140-0849,09/01/2024,100000000
140-0851_1000_dummy,-,-,1000,140-0851,09/01/2024,100000000
140-0851_2000_dummy,-,-,2000,140-0851,09/01/2024,100000000
140-0852_1000_dummy,-,-,1000,140-0852,09/01/2024,100000000
140-0852_2000_dummy,-,-,2000,140-0852,09/01/2024,100000000
140-0852_SUB_PCBA_dummy,-,-,SUB_PCBA,140-0852,09/01/2024,100000000
140-0853_1000_dummy,-,-,1000,140-0853,09/01/2024,100000000
140-0853_2000_dummy,-,-,2000,140-0853,09/01/2024,100000000
140-0853_SUB_PCBA_dummy,-,-,SUB_PCBA,140-0853,09/01/2024,100000000
140-1016_1000_dummy,-,-,1000,140-1016,09/01/2024,100000000
140-1016_2000_dummy,-,-,2000,140-1016,09/01/2024,100000000
140-1016_SUB_PCBA_dummy,-,-,SUB_PCBA,140-1016,09/01/2024,100000000
140-1028_1000_dummy,-,-,1000,140-1028,09/01/2024,100000000
140-1028_SUB_PCBA_dummy,-,-,SUB_PCBA,140-1028,09/01/2024,100000000
140-1183-CD_1000_dummy,-,-,1000,140-1183-CD,09/01/2024,100000000
140-1183-CD_SUB_PCBA_dummy,-,-,SUB_PCBA,140-1183-CD,09/01/2024,100000000
160-1132_1000_dummy,-,-,1000,160-1132,09/01/2024,100000000
160-1132_2000_dummy,-,-,2000,160-1132,09/01/2024,100000000
160-1132_SUB_PCBA_dummy,-,-,SUB_PCBA,160-1132,09/01/2024,100000000
160-1168_1000_dummy,-,-,1000,160-1168,09/01/2024,100000000
160-1168_2000_dummy,-,-,2000,160-1168,09/01/2024,100000000
160-1168_SUB_PCBA_dummy,-,-,SUB_PCBA,160-1168,09/01/2024,100000000
220-0072_1000_dummy,-,-,1000,220-0072,09/01/2024,100000000
220-0072_2000_dummy,-,-,2000,220-0072,09/01/2024,100000000
220-0134-002_1000_dummy,-,-,1000,220-0134-002,09/01/2024,100000000
220-0134-002_2000_dummy,-,-,2000,220-0134-002,09/01/2024,100000000
220-0134-010_1000_dummy,-,-,1000,220-0134-010,09/01/2024,100000000
220-0134-010_2000_dummy,-,-,2000,220-0134-010,09/01/2024,100000000
220-0227_1000_dummy,-,-,1000,220-0227,09/01/2024,100000000
220-0227_2000_dummy,-,-,2000,220-0227,09/01/2024,100000000
220-0230-001_1000_dummy,-,-,1000,220-0230-001,09/01/2024,100000000
220-0230-002_1000_dummy,-,-,1000,220-0230-002,09/01/2024,100000000
220-0230-003_1000_dummy,-,-,1000,220-0230-003,09/01/2024,100000000
220-0230-005_1000_dummy,-,-,1000,220-0230-005,09/01/2024,100000000
220-0230-007_1000_dummy,-,-,1000,220-0230-007,09/01/2024,100000000
220-0230-010_1000_dummy,-,-,1000,220-0230-010,09/01/2024,100000000
220-0230-015_1000_dummy,-,-,1000,220-0230-015,09/01/2024,100000000
220-0230-025_1000_dummy,-,-,1000,220-0230-025,09/01/2024,100000000
220-0230-030_1000_dummy,-,-,1000,220-0230-030,09/01/2024,100000000
280-0425_1000_dummy,-,-,1000,280-0425,09/01/2024,100000000
280-0425_2000_dummy,-,-,2000,280-0425,09/01/2024,100000000
280-0431_1000_dummy,-,-,1000,280-0431,09/01/2024,100000000
280-0431_2000_dummy,-,-,2000,280-0431,09/01/2024,100000000
280-0431_SUB_PCBA_dummy,-,-,SUB_PCBA,280-0431,09/01/2024,100000000
280-0511-03_1000_dummy,-,-,1000,280-0511-03,09/01/2024,100000000
280-0511-03_2000_dummy,-,-,2000,280-0511-03,09/01/2024,100000000
280-0511-04_1000_dummy,-,-,1000,280-0511-04,09/01/2024,100000000
280-0511-04_2000_dummy,-,-,2000,280-0511-04,09/01/2024,100000000
280-0511-05_1000_dummy,-,-,1000,280-0511-05,09/01/2024,100000000
280-0511-05_2000_dummy,-,-,2000,280-0511-05,09/01/2024,100000000
280-0511-06_1000_dummy,-,-,1000,280-0511-06,09/01/2024,100000000
280-0511-06_2000_dummy,-,-,2000,280-0511-06,09/01/2024,100000000
280-0607_1000_dummy,-,-,1000,280-0607,09/01/2024,100000000
280-0607_2000_dummy,-,-,2000,280-0607,09/01/2024,100000000
280-0650_1000_dummy,-,-,1000,280-0650,09/01/2024,100000000
280-0650_2000_dummy,-,-,2000,280-0650,09/01/2024,100000000
280-0650_5000_dummy,-,-,5000,280-0650,09/01/2024,100000000
280-0650_SUB_PCBA_dummy,-,-,SUB_PCBA,280-0650,09/01/2024,100000000
280-0695_1000_dummy,-,-,1000,280-0695,09/01/2024,100000000
280-0695_2000_dummy,-,-,2000,280-0695,09/01/2024,100000000
280-0695_5000_dummy,-,-,5000,280-0695,09/01/2024,100000000
280-0696_1000_dummy,-,-,1000,280-0696,09/01/2024,100000000
280-0696_2000_dummy,-,-,2000,280-0696,09/01/2024,100000000
280-0698_1000_dummy,-,-,1000,280-0698,09/01/2024,100000000
280-0698_2000_dummy,-,-,2000,280-0698,09/01/2024,100000000
280-0698_SUB_PCBA_dummy,-,-,SUB_PCBA,280-0698,09/01/2024,100000000
280-0791_1000_dummy,-,-,1000,280-0791,09/01/2024,100000000
280-0791_2000_dummy,-,-,2000,280-0791,09/01/2024,100000000
280-0791_5000_dummy,-,-,5000,280-0791,09/01/2024,100000000
280-0810_1000_dummy,-,-,1000,280-0810,09/01/2024,100000000
280-0810_2000_dummy,-,-,2000,280-0810,09/01/2024,100000000
280-0837_1000_dummy,-,-,1000,280-0837,09/01/2024,100000000
280-0837_2000_dummy,-,-,2000,280-0837,09/01/2024,100000000
280-0845-030_1000_dummy,-,-,1000,280-0845-030,09/01/2024,100000000
280-0845-030_2000_dummy,-,-,2000,280-0845-030,09/01/2024,100000000
280-0848_1000_dummy,-,-,1000,280-0848,09/01/2024,100000000
280-0848_2000_dummy,-,-,2000,280-0848,09/01/2024,100000000
280-0848_SUB_PCBA_dummy,-,-,SUB_PCBA,280-0848,09/01/2024,100000000
280-0897_1000_dummy,-,-,1000,280-0897,09/01/2024,100000000
280-0897_2000_dummy,-,-,2000,280-0897,09/01/2024,100000000
280-0897_5000_dummy,-,-,5000,280-0897,09/01/2024,100000000
280-0898_1000_dummy,-,-,1000,280-0898,09/01/2024,100000000
280-0898_2000_dummy,-,-,2000,280-0898,09/01/2024,100000000
280-0898_5000_dummy,-,-,5000,280-0898,09/01/2024,100000000
280-0932_1000_dummy,-,-,1000,280-0932,09/01/2024,100000000
280-0932_2000_dummy,-,-,2000,280-0932,09/01/2024,100000000
280-0933_1000_dummy,-,-,1000,280-0933,09/01/2024,100000000
280-0933_2000_dummy,-,-,2000,280-0933,09/01/2024,100000000
280-0992_1000_dummy,-,-,1000,280-0992,09/01/2024,100000000
280-0992_2000_dummy,-,-,2000,280-0992,09/01/2024,100000000
280-1011_1000_dummy,-,-,1000,280-1011,09/01/2024,100000000
280-1011_2000_dummy,-,-,2000,280-1011,09/01/2024,100000000
280-1018_1000_dummy,-,-,1000,280-1018,09/01/2024,100000000
280-1018_2000_dummy,-,-,2000,280-1018,09/01/2024,100000000
281-0009_1000_dummy,-,-,1000,281-0009,09/01/2024,100000000
281-0009_2000_dummy,-,-,2000,281-0009,09/01/2024,100000000
281-0070_1000_dummy,-,-,1000,281-0070,09/01/2024,100000000
281-0070_2000_dummy,-,-,2000,281-0070,09/01/2024,100000000
282-0040_1000_dummy,-,-,1000,282-0040,09/01/2024,100000000
282-0040_2000_dummy,-,-,2000,282-0040,09/01/2024,100000000
282-0040_SUB_PCBA_dummy,-,-,SUB_PCBA,282-0040,09/01/2024,100000000
282-0041_1000_dummy,-,-,1000,282-0041,09/01/2024,100000000
282-0041_2000_dummy,-,-,2000,282-0041,09/01/2024,100000000
282-0041_SUB_PCBA_dummy,-,-,SUB_PCBA,282-0041,09/01/2024,100000000
282-0330_1000_dummy,-,-,1000,282-0330,09/01/2024,100000000
282-0330_2000_dummy,-,-,2000,282-0330,09/01/2024,100000000
282-0333_1000_dummy,-,-,1000,282-0333,09/01/2024,100000000
282-0333_2000_dummy,-,-,2000,282-0333,09/01/2024,100000000
282-0432_1000_dummy,-,-,1000,282-0432,09/01/2024,100000000
282-0432_2000_dummy,-,-,2000,282-0432,09/01/2024,100000000
282-0433_1000_dummy,-,-,1000,282-0433,09/01/2024,100000000
282-0433_2000_dummy,-,-,2000,282-0433,09/01/2024,100000000
282-0434_1000_dummy,-,-,1000,282-0434,09/01/2024,100000000
282-0434_2000_dummy,-,-,2000,282-0434,09/01/2024,100000000
283-0019_1000_dummy,-,-,1000,283-0019,09/01/2024,100000000
283-0019_2000_dummy,-,-,2000,283-0019,09/01/2024,100000000
283-0029_1000_dummy,-,-,1000,283-0029,09/01/2024,100000000
283-0029_2000_dummy,-,-,2000,283-0029,09/01/2024,100000000
283-0080_1000_dummy,-,-,1000,283-0080,09/01/2024,100000000
283-0080_2000_dummy,-,-,2000,283-0080,09/01/2024,100000000
283-0098_1000_dummy,-,-,1000,283-0098,09/01/2024,100000000
283-0098_2000_dummy,-,-,2000,283-0098,09/01/2024,100000000
283-0212-29-CD_1000_dummy,-,-,1000,283-0212-29-CD,09/01/2024,100000000
283-0212-29-CD_2000_dummy,-,-,2000,283-0212-29-CD,09/01/2024,100000000
283-0226_1000_dummy,-,-,1000,283-0226,09/01/2024,100000000
283-0226_2000_dummy,-,-,2000,283-0226,09/01/2024,100000000
284-0089-20_1000_dummy,-,-,1000,284-0089-20,09/01/2024,100000000
284-0089-20_2000_dummy,-,-,2000,284-0089-20,09/01/2024,100000000
284-0118_1000_dummy,-,-,1000,284-0118,09/01/2024,100000000
284-0118_2000_dummy,-,-,2000,284-0118,09/01/2024,100000000
285-0012_1000_dummy,-,-,1000,285-0012,09/01/2024,100000000
285-0012_2000_dummy,-,-,2000,285-0012,09/01/2024,100000000
285-0109_1000_dummy,-,-,1000,285-0109,09/01/2024,100000000
285-0109_2000_dummy,-,-,2000,285-0109,09/01/2024,100000000
287-0003_1000_dummy,-,-,1000,287-0003,09/01/2024,100000000
287-0003_2000_dummy,-,-,2000,287-0003,09/01/2024,100000000
287-0003_5000_dummy,-,-,5000,287-0003,09/01/2024,100000000
288-0001_1000_dummy,-,-,1000,288-0001,09/01/2024,100000000
288-0001_2000_dummy,-,-,2000,288-0001,09/01/2024,100000000
288-0001_SUB_PCBA_dummy,-,-,SUB_PCBA,288-0001,09/01/2024,100000000
288-0005_1000_dummy,-,-,1000,288-0005,09/01/2024,100000000
288-0005_2000_dummy,-,-,2000,288-0005,09/01/2024,100000000
288-0005_SUB_PCBA_dummy,-,-,SUB_PCBA,288-0005,09/01/2024,100000000
288-0134_1000_dummy,-,-,1000,288-0134,09/01/2024,100000000
288-0134_2000_dummy,-,-,2000,288-0134,09/01/2024,100000000
300-0144_1000_dummy,-,-,1000,300-0144,09/01/2024,100000000
300-0144_2000_dummy,-,-,2000,300-0144,09/01/2024,100000000
300-0150_1000_dummy,-,-,1000,300-0150,09/01/2024,100000000
300-0150_2000_dummy,-,-,2000,300-0150,09/01/2024,100000000
300-0150_5000_dummy,-,-,5000,300-0150,09/01/2024,100000000
300-0151_1000_dummy,-,-,1000,300-0151,09/01/2024,100000000
300-0151_2000_dummy,-,-,2000,300-0151,09/01/2024,100000000
300-0151_5000_dummy,-,-,5000,300-0151,09/01/2024,100000000
300-0152_1000_dummy,-,-,1000,300-0152,09/01/2024,100000000
300-0152_2000_dummy,-,-,2000,300-0152,09/01/2024,100000000
300-0152_5000_dummy,-,-,5000,300-0152,09/01/2024,100000000
300-0211_1000_dummy,-,-,1000,300-0211,09/01/2024,100000000
300-0211_2000_dummy,-,-,2000,300-0211,09/01/2024,100000000
300-0212_1000_dummy,-,-,1000,300-0212,09/01/2024,100000000
300-0212_2000_dummy,-,-,2000,300-0212,09/01/2024,100000000
300-0213_1000_dummy,-,-,1000,300-0213,09/01/2024,100000000
300-0213_2000_dummy,-,-,2000,300-0213,09/01/2024,100000000
300-0214_1000_dummy,-,-,1000,300-0214,09/01/2024,100000000
300-0214_2000_dummy,-,-,2000,300-0214,09/01/2024,100000000
300-0311_1000_dummy,-,-,1000,300-0311,09/01/2024,100000000
300-0311_2000_dummy,-,-,2000,300-0311,09/01/2024,100000000
300-0312_1000_dummy,-,-,1000,300-0312,09/01/2024,100000000
300-0312_2000_dummy,-,-,2000,300-0312,09/01/2024,100000000
300-0313_1000_dummy,-,-,1000,300-0313,09/01/2024,100000000
300-0313_2000_dummy,-,-,2000,300-0313,09/01/2024,100000000
300-0316_1000_dummy,-,-,1000,300-0316,09/01/2024,100000000
300-0316_2000_dummy,-,-,2000,300-0316,09/01/2024,100000000
300-0317_1000_dummy,-,-,1000,300-0317,09/01/2024,100000000
300-0317_2000_dummy,-,-,2000,300-0317,09/01/2024,100000000
300-0355_1000_dummy,-,-,1000,300-0355,09/01/2024,100000000
300-0355_2000_dummy,-,-,2000,300-0355,09/01/2024,100000000
301-0022_1000_dummy,-,-,1000,301-0022,09/01/2024,100000000
301-0022_2000_dummy,-,-,2000,301-0022,09/01/2024,100000000
301-0022_SUB_PCBA_dummy,-,-,SUB_PCBA,301-0022,09/01/2024,100000000
301-0046-CD_1000_dummy,-,-,1000,301-0046-CD,09/01/2024,100000000
301-0046-CD_2000_dummy,-,-,2000,301-0046-CD,09/01/2024,100000000
302-0004_1000_dummy,-,-,1000,302-0004,09/01/2024,100000000
302-0004_2000_dummy,-,-,2000,302-0004,09/01/2024,100000000
302-0004_5000_dummy,-,-,5000,302-0004,09/01/2024,100000000
302-0006_1000_dummy,-,-,1000,302-0006,09/01/2024,100000000
302-0006_2000_dummy,-,-,2000,302-0006,09/01/2024,100000000
302-0007_1000_dummy,-,-,1000,302-0007,09/01/2024,100000000
302-0007_2000_dummy,-,-,2000,302-0007,09/01/2024,100000000
302-0007_5000_dummy,-,-,5000,302-0007,09/01/2024,100000000
302-0008_1000_dummy,-,-,1000,302-0008,09/01/2024,100000000
302-0008_2000_dummy,-,-,2000,302-0008,09/01/2024,100000000
310-0166_1000_dummy,-,-,1000,310-0166,09/01/2024,100000000
310-0166_2000_dummy,-,-,2000,310-0166,09/01/2024,100000000
310-0228_1000_dummy,-,-,1000,310-0228,09/01/2024,100000000
310-0228_2000_dummy,-,-,2000,310-0228,09/01/2024,100000000
310-0229_1000_dummy,-,-,1000,310-0229,09/01/2024,100000000
310-0229_2000_dummy,-,-,2000,310-0229,09/01/2024,100000000
310-0241_1000_dummy,-,-,1000,310-0241,09/01/2024,100000000
310-0241_2000_dummy,-,-,2000,310-0241,09/01/2024,100000000
310-0300_1000_dummy,-,-,1000,310-0300,09/01/2024,100000000
310-0300_2000_dummy,-,-,2000,310-0300,09/01/2024,100000000
310-0357_1000_dummy,-,-,1000,310-0357,09/01/2024,100000000
310-0357_2000_dummy,-,-,2000,310-0357,09/01/2024,100000000
310-0362_1000_dummy,-,-,1000,310-0362,09/01/2024,100000000
310-0362_2000_dummy,-,-,2000,310-0362,09/01/2024,100000000
310-0376_1000_dummy,-,-,1000,310-0376,09/01/2024,100000000
310-0376_2000_dummy,-,-,2000,310-0376,09/01/2024,100000000
310-0376_5000_dummy,-,-,5000,310-0376,09/01/2024,100000000
310-0401_1000_dummy,-,-,1000,310-0401,09/01/2024,100000000
310-0401_2000_dummy,-,-,2000,310-0401,09/01/2024,100000000
310-0401_5000_dummy,-,-,5000,310-0401,09/01/2024,100000000
310-0407_1000_dummy,-,-,1000,310-0407,09/01/2024,100000000
310-0407_2000_dummy,-,-,2000,310-0407,09/01/2024,100000000
310-0417_1000_dummy,-,-,1000,310-0417,09/01/2024,100000000
310-0417_2000_dummy,-,-,2000,310-0417,09/01/2024,100000000
310-0440_1000_dummy,-,-,1000,310-0440,09/01/2024,100000000
310-0440_2000_dummy,-,-,2000,310-0440,09/01/2024,100000000
310-0474_1000_dummy,-,-,1000,310-0474,09/01/2024,100000000
310-0474_2000_dummy,-,-,2000,310-0474,09/01/2024,100000000
310-0494-001_1000_dummy,-,-,1000,310-0494-001,09/01/2024,100000000
310-0494-001_2000_dummy,-,-,2000,310-0494-001,09/01/2024,100000000
310-0494-002_1000_dummy,-,-,1000,310-0494-002,09/01/2024,100000000
310-0494-002_2000_dummy,-,-,2000,310-0494-002,09/01/2024,100000000
310-0494-003_1000_dummy,-,-,1000,310-0494-003,09/01/2024,100000000
310-0494-003_2000_dummy,-,-,2000,310-0494-003,09/01/2024,100000000
310-0494-007_1000_dummy,-,-,1000,310-0494-007,09/01/2024,100000000
310-0494-007_2000_dummy,-,-,2000,310-0494-007,09/01/2024,100000000
310-0494-010_1000_dummy,-,-,1000,310-0494-010,09/01/2024,100000000
310-0494-010_2000_dummy,-,-,2000,310-0494-010,09/01/2024,100000000
310-0494-015_1000_dummy,-,-,1000,310-0494-015,09/01/2024,100000000
310-0494-015_2000_dummy,-,-,2000,310-0494-015,09/01/2024,100000000
310-0494-020_1000_dummy,-,-,1000,310-0494-020,09/01/2024,100000000
310-0494-020_2000_dummy,-,-,2000,310-0494-020,09/01/2024,100000000
310-0504_1000_dummy,-,-,1000,310-0504,09/01/2024,100000000
310-0504_2000_dummy,-,-,2000,310-0504,09/01/2024,100000000
310-0560_1000_dummy,-,-,1000,310-0560,09/01/2024,100000000
310-0560_2000_dummy,-,-,2000,310-0560,09/01/2024,100000000
310-0571_1000_dummy,-,-,1000,310-0571,09/01/2024,100000000
310-0571_2000_dummy,-,-,2000,310-0571,09/01/2024,100000000
310-0573_1000_dummy,-,-,1000,310-0573,09/01/2024,100000000
310-0573_2000_dummy,-,-,2000,310-0573,09/01/2024,100000000
310-0573_5000_dummy,-,-,5000,310-0573,09/01/2024,100000000
310-0574_1000_dummy,-,-,1000,310-0574,09/01/2024,100000000
310-0574_2000_dummy,-,-,2000,310-0574,09/01/2024,100000000
310-0574_5000_dummy,-,-,5000,310-0574,09/01/2024,100000000
310-0577_1000_dummy,-,-,1000,310-0577,09/01/2024,100000000
310-0577_2000_dummy,-,-,2000,310-0577,09/01/2024,100000000
310-0590_1000_dummy,-,-,1000,310-0590,09/01/2024,100000000
310-0590_2000_dummy,-,-,2000,310-0590,09/01/2024,100000000
310-0591_1000_dummy,-,-,1000,310-0591,09/01/2024,100000000
310-0591_2000_dummy,-,-,2000,310-0591,09/01/2024,100000000
310-0724_1000_dummy,-,-,1000,310-0724,09/01/2024,100000000
310-0724_2000_dummy,-,-,2000,310-0724,09/01/2024,100000000
311-0005_1000_dummy,-,-,1000,311-0005,09/01/2024,100000000
311-0005_2000_dummy,-,-,2000,311-0005,09/01/2024,100000000
311-0207_1000_dummy,-,-,1000,311-0207,09/01/2024,100000000
311-0207_2000_dummy,-,-,2000,311-0207,09/01/2024,100000000
311-0244_1000_dummy,-,-,1000,311-0244,09/01/2024,100000000
311-0244_2000_dummy,-,-,2000,311-0244,09/01/2024,100000000
311-0244_5000_dummy,-,-,5000,311-0244,09/01/2024,100000000
311-0252_1000_dummy,-,-,1000,311-0252,09/01/2024,100000000
311-0252_2000_dummy,-,-,2000,311-0252,09/01/2024,100000000
311-0260_1000_dummy,-,-,1000,311-0260,09/01/2024,100000000
311-0260_2000_dummy,-,-,2000,311-0260,09/01/2024,100000000
311-0276_1000_dummy,-,-,1000,311-0276,09/01/2024,100000000
311-0276_2000_dummy,-,-,2000,311-0276,09/01/2024,100000000
311-0276_5000_dummy,-,-,5000,311-0276,09/01/2024,100000000
311-0363_1000_dummy,-,-,1000,311-0363,09/01/2024,100000000
311-0363_2000_dummy,-,-,2000,311-0363,09/01/2024,100000000
311-0436_1000_dummy,-,-,1000,311-0436,09/01/2024,100000000
311-0436_2000_dummy,-,-,2000,311-0436,09/01/2024,100000000
311-0437_1000_dummy,-,-,1000,311-0437,09/01/2024,100000000
311-0437_2000_dummy,-,-,2000,311-0437,09/01/2024,100000000
320-0109_1000_dummy,-,-,1000,320-0109,09/01/2024,100000000
320-0109_2000_dummy,-,-,2000,320-0109,09/01/2024,100000000
320-0128_1000_dummy,-,-,1000,320-0128,09/01/2024,100000000
320-0128_2000_dummy,-,-,2000,320-0128,09/01/2024,100000000
320-0128_5000_dummy,-,-,5000,320-0128,09/01/2024,100000000
320-0248_1000_dummy,-,-,1000,320-0248,09/01/2024,100000000
320-0248_2000_dummy,-,-,2000,320-0248,09/01/2024,100000000
320-0284_1000_dummy,-,-,1000,320-0284,09/01/2024,100000000
320-0284_2000_dummy,-,-,2000,320-0284,09/01/2024,100000000
320-0284_5000_dummy,-,-,5000,320-0284,09/01/2024,100000000
320-0328_1000_dummy,-,-,1000,320-0328,09/01/2024,100000000
320-0328_2000_dummy,-,-,2000,320-0328,09/01/2024,100000000
320-0412_1000_dummy,-,-,1000,320-0412,09/01/2024,100000000
320-0412_2000_dummy,-,-,2000,320-0412,09/01/2024,100000000
320-0412_SUB_PCBA_dummy,-,-,SUB_PCBA,320-0412,09/01/2024,100000000
320-0438_1000_dummy,-,-,1000,320-0438,09/01/2024,100000000
320-0438_2000_dummy,-,-,2000,320-0438,09/01/2024,100000000
320-0438_SUB_PCBA_dummy,-,-,SUB_PCBA,320-0438,09/01/2024,100000000
320-0443_1000_dummy,-,-,1000,320-0443,09/01/2024,100000000
320-0443_2000_dummy,-,-,2000,320-0443,09/01/2024,100000000
320-0443_SUB_PCBA_dummy,-,-,SUB_PCBA,320-0443,09/01/2024,100000000
320-0493_1000_dummy,-,-,1000,320-0493,09/01/2024,100000000
320-0493_2000_dummy,-,-,2000,320-0493,09/01/2024,100000000
320-0493_5000_dummy,-,-,5000,320-0493,09/01/2024,100000000
320-0493_SUB_PCBA_dummy,-,-,SUB_PCBA,320-0493,09/01/2024,100000000
320-0550_1000_dummy,-,-,1000,320-0550,09/01/2024,100000000
320-0550_2000_dummy,-,-,2000,320-0550,09/01/2024,100000000
320-0550_5000_dummy,-,-,5000,320-0550,09/01/2024,100000000
320-0611_1000_dummy,-,-,1000,320-0611,09/01/2024,100000000
320-0611_2000_dummy,-,-,2000,320-0611,09/01/2024,100000000
320-0611_SUB_PCBA_dummy,-,-,SUB_PCBA,320-0611,09/01/2024,100000000
320-0759_1000_dummy,-,-,1000,320-0759,09/01/2024,100000000
320-0759_2000_dummy,-,-,2000,320-0759,09/01/2024,100000000
320-0763_1000_dummy,-,-,1000,320-0763,09/01/2024,100000000
320-0763_2000_dummy,-,-,2000,320-0763,09/01/2024,100000000
320-0836_1000_dummy,-,-,1000,320-0836,09/01/2024,100000000
320-0836_2000_dummy,-,-,2000,320-0836,09/01/2024,100000000
321-0057_1000_dummy,-,-,1000,321-0057,09/01/2024,100000000
321-0057_2000_dummy,-,-,2000,321-0057,09/01/2024,100000000
321-0058_1000_dummy,-,-,1000,321-0058,09/01/2024,100000000
321-0058_2000_dummy,-,-,2000,321-0058,09/01/2024,100000000
321-0059_1000_dummy,-,-,1000,321-0059,09/01/2024,100000000
321-0059_2000_dummy,-,-,2000,321-0059,09/01/2024,100000000
321-0172_1000_dummy,-,-,1000,321-0172,09/01/2024,100000000
321-0172_2000_dummy,-,-,2000,321-0172,09/01/2024,100000000
321-0173_1000_dummy,-,-,1000,321-0173,09/01/2024,100000000
321-0173_2000_dummy,-,-,2000,321-0173,09/01/2024,100000000
340-0056_1000_dummy,-,-,1000,340-0056,09/01/2024,100000000
340-0056_2000_dummy,-,-,2000,340-0056,09/01/2024,100000000
340-0062_1000_dummy,-,-,1000,340-0062,09/01/2024,100000000
340-0062_2000_dummy,-,-,2000,340-0062,09/01/2024,100000000
340-0063_1000_dummy,-,-,1000,340-0063,09/01/2024,100000000
340-0063_2000_dummy,-,-,2000,340-0063,09/01/2024,100000000
340-0071_1000_dummy,-,-,1000,340-0071,09/01/2024,100000000
340-0071_2000_dummy,-,-,2000,340-0071,09/01/2024,100000000
341-0027_1000_dummy,-,-,1000,341-0027,09/01/2024,100000000
341-0027_2000_dummy,-,-,2000,341-0027,09/01/2024,100000000
341-0036_1000_dummy,-,-,1000,341-0036,09/01/2024,100000000
341-0036_2000_dummy,-,-,2000,341-0036,09/01/2024,100000000
341-0063_1000_dummy,-,-,1000,341-0063,09/01/2024,100000000
341-0063_2000_dummy,-,-,2000,341-0063,09/01/2024,100000000
100-0224_1000_dummy,-,-,1000,100-0224,09/01/2024,100000000
100-0224_2000_dummy,-,-,2000,100-0224,09/01/2024,100000000
100-0224_SUB_PCBA_dummy,-,-,SUB_PCBA,100-0224,09/01/2024,100000000
100-0225_1000_dummy,-,-,1000,100-0225,09/01/2024,100000000
100-0225_2000_dummy,-,-,2000,100-0225,09/01/2024,100000000
100-0225_SUB_PCBA_dummy,-,-,SUB_PCBA,100-0225,09/01/2024,100000000
100-0227_1000_dummy,-,-,1000,100-0227,09/01/2024,100000000
100-0227_2000_dummy,-,-,2000,100-0227,09/01/2024,100000000
100-0227_SUB_PCBA_dummy,-,-,SUB_PCBA,100-0227,09/01/2024,100000000
100-0228_1000_dummy,-,-,1000,100-0228,09/01/2024,100000000
100-0228_2000_dummy,-,-,2000,100-0228,09/01/2024,100000000
100-0228_SUB_PCBA_dummy,-,-,SUB_PCBA,100-0228,09/01/2024,100000000
100-0265_1000_dummy,-,-,1000,100-0265,09/01/2024,100000000
320-0248_1000_dummy,-,-,1000,320-0248,09/01/2024,100000000
320-0248_2000_dummy,-,-,2000,320-0248,09/01/2024,100000000
320-0284_1000_dummy,-,-,1000,320-0284,09/01/2024,100000000
320-0284_2000_dummy,-,-,2000,320-0284,09/01/2024,100000000
320-0284_5000_dummy,-,-,5000,320-0284,09/01/2024,100000000
320-0328_1000_dummy,-,-,1000,320-0328,09/01/2024,100000000
320-0328_2000_dummy,-,-,2000,320-0328,09/01/2024,100000000
320-0412_1000_dummy,-,-,1000,320-0412,09/01/2024,100000000
320-0412_2000_dummy,-,-,2000,320-0412,09/01/2024,100000000
320-0412_SUB_PCBA_dummy,-,-,SUB_PCBA,320-0412,09/01/2024,100000000
320-0438_1000_dummy,-,-,1000,320-0438,09/01/2024,100000000
320-0438_2000_dummy,-,-,2000,320-0438,09/01/2024,100000000
320-0438_SUB_PCBA_dummy,-,-,SUB_PCBA,320-0438,09/01/2024,100000000
320-0443_1000_dummy,-,-,1000,320-0443,09/01/2024,100000000
320-0443_2000_dummy,-,-,2000,320-0443,09/01/2024,100000000
320-0443_SUB_PCBA_dummy,-,-,SUB_PCBA,320-0443,09/01/2024,100000000
320-0493_1000_dummy,-,-,1000,320-0493,09/01/2024,100000000
320-0493_2000_dummy,-,-,2000,320-0493,09/01/2024,100000000
320-0493_5000_dummy,-,-,5000,320-0493,09/01/2024,100000000
320-0493_SUB_PCBA_dummy,-,-,SUB_PCBA,320-0493,09/01/2024,100000000
320-0550_1000_dummy,-,-,1000,320-0550,09/01/2024,100000000
320-0550_2000_dummy,-,-,2000,320-0550,09/01/2024,100000000
320-0550_5000_dummy,-,-,5000,320-0550,09/01/2024,100000000
320-0611_1000_dummy,-,-,1000,320-0611,09/01/2024,100000000
320-0611_2000_dummy,-,-,2000,320-0611,09/01/2024,100000000
320-0611_SUB_PCBA_dummy,-,-,SUB_PCBA,320-0611,09/01/2024,100000000
320-0759_1000_dummy,-,-,1000,320-0759,09/01/2024,100000000
320-0759_2000_dummy,-,-,2000,320-0759,09/01/2024,100000000
320-0763_1000_dummy,-,-,1000,320-0763,09/01/2024,100000000
320-0763_2000_dummy,-,-,2000,320-0763,09/01/2024,100000000
320-0836_1000_dummy,-,-,1000,320-0836,09/01/2024,100000000
320-0836_2000_dummy,-,-,2000,320-0836,09/01/2024,100000000
321-0057_1000_dummy,-,-,1000,321-0057,09/01/2024,100000000
321-0057_2000_dummy,-,-,2000,321-0057,09/01/2024,100000000
321-0058_1000_dummy,-,-,1000,321-0058,09/01/2024,100000000
321-0058_2000_dummy,-,-,2000,321-0058,09/01/2024,100000000
321-0059_1000_dummy,-,-,1000,321-0059,09/01/2024,100000000
321-0059_2000_dummy,-,-,2000,321-0059,09/01/2024,100000000
321-0172_1000_dummy,-,-,1000,321-0172,09/01/2024,100000000
321-0172_2000_dummy,-,-,2000,321-0172,09/01/2024,100000000
321-0173_1000_dummy,-,-,1000,321-0173,09/01/2024,100000000
321-0173_2000_dummy,-,-,2000,321-0173,09/01/2024,100000000
340-0056_1000_dummy,-,-,1000,340-0056,09/01/2024,100000000
340-0056_2000_dummy,-,-,2000,340-0056,09/01/2024,100000000
340-0062_1000_dummy,-,-,1000,340-0062,09/01/2024,100000000
340-0062_2000_dummy,-,-,2000,340-0062,09/01/2024,100000000
340-0063_1000_dummy,-,-,1000,340-0063,09/01/2024,100000000
340-0063_2000_dummy,-,-,2000,340-0063,09/01/2024,100000000
340-0071_1000_dummy,-,-,1000,340-0071,09/01/2024,100000000
340-0071_2000_dummy,-,-,2000,340-0071,09/01/2024,100000000
341-0027_1000_dummy,-,-,1000,341-0027,09/01/2024,100000000
341-0027_2000_dummy,-,-,2000,341-0027,09/01/2024,100000000
341-0036_1000_dummy,-,-,1000,341-0036,09/01/2024,100000000
341-0036_2000_dummy,-,-,2000,341-0036,09/01/2024,100000000
341-0063_1000_dummy,-,-,1000,341-0063,09/01/2024,100000000
341-0063_2000_dummy,-,-,2000,341-0063,09/01/2024,100000000
100-0265_SUB_PCBA_dummy,-,-,SUB_PCBA,100-0265,09/01/2024,100000000
100-0268_1000_dummy,-,-,1000,100-0268,09/01/2024,100000000
100-0268_2000_dummy,-,-,2000,100-0268,09/01/2024,100000000
100-0268_SUB_PCBA_dummy,-,-,SUB_PCBA,100-0268,09/01/2024,100000000
100-0285_1000_dummy,-,-,1000,100-0285,09/01/2024,100000000
100-0285_2000_dummy,-,-,2000,100-0285,09/01/2024,100000000
100-0285_SUB_PCBA_dummy,-,-,SUB_PCBA,100-0285,09/01/2024,100000000
100-0286_1000_dummy,-,-,1000,100-0286,09/01/2024,100000000
100-0286_2000_dummy,-,-,2000,100-0286,09/01/2024,100000000
100-0286_SUB_PCBA_dummy,-,-,SUB_PCBA,100-0286,09/01/2024,100000000
100-0300_1000_dummy,-,-,1000,100-0300,09/01/2024,100000000
100-0300_SUB_PCBA_dummy,-,-,SUB_PCBA,100-0300,09/01/2024,100000000
100-0365_1000_dummy,-,-,1000,100-0365,09/01/2024,100000000
100-0365_2000_dummy,-,-,2000,100-0365,09/01/2024,100000000
100-0365_SUB_PCBA_dummy,-,-,SUB_PCBA,100-0365,09/01/2024,100000000
101-0001_1000_dummy,-,-,1000,101-0001,09/01/2024,100000000
101-0001_2000_dummy,-,-,2000,101-0001,09/01/2024,100000000
101-0001_5000_dummy,-,-,5000,101-0001,09/01/2024,100000000
110-0001_1000_dummy,-,-,1000,110-0001,09/01/2024,100000000
110-0001_2000_dummy,-,-,2000,110-0001,09/01/2024,100000000
110-0001_5000_dummy,-,-,5000,110-0001,09/01/2024,100000000
110-0001_SUB_PCBA_dummy,-,-,SUB_PCBA,110-0001,09/01/2024,100000000
110-0002_1000_dummy,-,-,1000,110-0002,09/01/2024,100000000
110-0002_2000_dummy,-,-,2000,110-0002,09/01/2024,100000000
110-0002_SUB_PCBA_dummy,-,-,SUB_PCBA,110-0002,09/01/2024,100000000
110-0003_1000_dummy,-,-,1000,110-0003,09/01/2024,100000000
110-0003_2000_dummy,-,-,2000,110-0003,09/01/2024,100000000
110-0003_SUB_PCBA_dummy,-,-,SUB_PCBA,110-0003,09/01/2024,100000000
110-0011_1000_dummy,-,-,1000,110-0011,09/01/2024,100000000
110-0011_2000_dummy,-,-,2000,110-0011,09/01/2024,100000000
110-0011_SUB_PCBA_dummy,-,-,SUB_PCBA,110-0011,09/01/2024,100000000
110-0019_1000_dummy,-,-,1000,110-0019,09/01/2024,100000000
110-0019_2000_dummy,-,-,2000,110-0019,09/01/2024,100000000
110-0019_SUB_PCBA_dummy,-,-,SUB_PCBA,110-0019,09/01/2024,100000000
110-0040_1000_dummy,-,-,1000,110-0040,09/01/2024,100000000
110-0040_2000_dummy,-,-,2000,110-0040,09/01/2024,100000000
110-0040_SUB_PCBA_dummy,-,-,SUB_PCBA,110-0040,09/01/2024,100000000
110-0063_1000_dummy,-,-,1000,110-0063,09/01/2024,100000000
110-0063_2000_dummy,-,-,2000,110-0063,09/01/2024,100000000
110-0063_SUB_PCBA_dummy,-,-,SUB_PCBA,110-0063,09/01/2024,100000000
110-0064_1000_dummy,-,-,1000,110-0064,09/01/2024,100000000
110-0064_2000_dummy,-,-,2000,110-0064,09/01/2024,100000000
110-0064_5000_dummy,-,-,5000,110-0064,09/01/2024,100000000
110-0064_SUB_PCBA_dummy,-,-,SUB_PCBA,110-0064,09/01/2024,100000000
110-0083_1000_dummy,-,-,1000,110-0083,09/01/2024,100000000
110-0083_2000_dummy,-,-,2000,110-0083,09/01/2024,100000000
110-0083_SUB_PCBA_dummy,-,-,SUB_PCBA,110-0083,09/01/2024,100000000
110-0099_1000_dummy,-,-,1000,110-0099,09/01/2024,100000000
110-0099_2000_dummy,-,-,2000,110-0099,09/01/2024,100000000
110-0099_5000_dummy,-,-,5000,110-0099,09/01/2024,100000000
110-0099_SUB_PCBA_dummy,-,-,SUB_PCBA,110-0099,09/01/2024,100000000
110-0121_1000_dummy,-,-,1000,110-0121,09/01/2024,100000000
110-0121_2000_dummy,-,-,2000,110-0121,09/01/2024,100000000
110-0121_5000_dummy,-,-,5000,110-0121,09/01/2024,100000000
110-0121_SUB_PCBA_dummy,-,-,SUB_PCBA,110-0121,09/01/2024,100000000
110-0156_1000_dummy,-,-,1000,110-0156,09/01/2024,100000000
110-0156_2000_dummy,-,-,2000,110-0156,09/01/2024,100000000
110-0156_SUB_PCBA_dummy,-,-,SUB_PCBA,110-0156,09/01/2024,100000000
110-0158_1000_dummy,-,-,1000,110-0158,09/01/2024,100000000
110-0158_2000_dummy,-,-,2000,110-0158,09/01/2024,100000000
110-0158_5000_dummy,-,-,5000,110-0158,09/01/2024,100000000
110-0158_SUB_PCBA_dummy,-,-,SUB_PCBA,110-0158,09/01/2024,100000000
110-0161_1000_dummy,-,-,1000,110-0161,09/01/2024,100000000
110-0161_2000_dummy,-,-,2000,110-0161,09/01/2024,100000000
110-0161_SUB_PCBA_dummy,-,-,SUB_PCBA,110-0161,09/01/2024,100000000
110-0172_1000_dummy,-,-,1000,110-0172,09/01/2024,100000000
110-0172_2000_dummy,-,-,2000,110-0172,09/01/2024,100000000
110-0172_SUB_PCBA_dummy,-,-,SUB_PCBA,110-0172,09/01/2024,100000000
110-0174_1000_dummy,-,-,1000,110-0174,09/01/2024,100000000
110-0174_2000_dummy,-,-,2000,110-0174,09/01/2024,100000000
110-0174_SUB_PCBA_dummy,-,-,SUB_PCBA,110-0174,09/01/2024,100000000
110-0177_1000_dummy,-,-,1000,110-0177,09/01/2024,100000000
110-0177_2000_dummy,-,-,2000,110-0177,09/01/2024,100000000
110-0177_SUB_PCBA_dummy,-,-,SUB_PCBA,110-0177,09/01/2024,100000000
110-0207_1000_dummy,-,-,1000,110-0207,09/01/2024,100000000
110-0207_2000_dummy,-,-,2000,110-0207,09/01/2024,100000000
110-0207_SUB_PCBA_dummy,-,-,SUB_PCBA,110-0207,09/01/2024,100000000
110-0213_1000_dummy,-,-,1000,110-0213,09/01/2024,100000000
110-0213_2000_dummy,-,-,2000,110-0213,09/01/2024,100000000
110-0213_SUB_PCBA_dummy,-,-,SUB_PCBA,110-0213,09/01/2024,100000000
110-0214_1000_dummy,-,-,1000,110-0214,09/01/2024,100000000
110-0214_2000_dummy,-,-,2000,110-0214,09/01/2024,100000000
110-0214_SUB_PCBA_dummy,-,-,SUB_PCBA,110-0214,09/01/2024,100000000
110-0216_1000_dummy,-,-,1000,110-0216,09/01/2024,100000000
110-0216_2000_dummy,-,-,2000,110-0216,09/01/2024,100000000
110-0216_5000_dummy,-,-,5000,110-0216,09/01/2024,100000000
110-0216_SUB_PCBA_dummy,-,-,SUB_PCBA,110-0216,09/01/2024,100000000
110-0220_1000_dummy,-,-,1000,110-0220,09/01/2024,100000000
110-0220_2000_dummy,-,-,2000,110-0220,09/01/2024,100000000
110-0220_SUB_PCBA_dummy,-,-,SUB_PCBA,110-0220,09/01/2024,100000000
110-0237_1000_dummy,-,-,1000,110-0237,09/01/2024,100000000
110-0237_2000_dummy,-,-,2000,110-0237,09/01/2024,100000000
110-0237_SUB_PCBA_dummy,-,-,SUB_PCBA,110-0237,09/01/2024,100000000
110-0239_1000_dummy,-,-,1000,110-0239,09/01/2024,100000000
110-0239_2000_dummy,-,-,2000,110-0239,09/01/2024,100000000
110-0239_SUB_PCBA_dummy,-,-,SUB_PCBA,110-0239,09/01/2024,100000000
110-0241_1000_dummy,-,-,1000,110-0241,09/01/2024,100000000
110-0241_2000_dummy,-,-,2000,110-0241,09/01/2024,100000000
110-0241_5000_dummy,-,-,5000,110-0241,09/01/2024,100000000
110-0241_SUB_PCBA_dummy,-,-,SUB_PCBA,110-0241,09/01/2024,100000000
110-0243_1000_dummy,-,-,1000,110-0243,09/01/2024,100000000
110-0243_2000_dummy,-,-,2000,110-0243,09/01/2024,100000000
110-0243_SUB_PCBA_dummy,-,-,SUB_PCBA,110-0243,09/01/2024,100000000
110-0246_1000_dummy,-,-,1000,110-0246,09/01/2024,100000000
110-0246_2000_dummy,-,-,2000,110-0246,09/01/2024,100000000
110-0246_SUB_PCBA_dummy,-,-,SUB_PCBA,110-0246,09/01/2024,100000000
110-0248_1000_dummy,-,-,1000,110-0248,09/01/2024,100000000
110-0248_2000_dummy,-,-,2000,110-0248,09/01/2024,100000000
110-0248_SUB_PCBA_dummy,-,-,SUB_PCBA,110-0248,09/01/2024,100000000
110-0249_1000_dummy,-,-,1000,110-0249,09/01/2024,100000000
110-0249_2000_dummy,-,-,2000,110-0249,09/01/2024,100000000
110-0249_SUB_PCBA_dummy,-,-,SUB_PCBA,110-0249,09/01/2024,100000000
110-0252_1000_dummy,-,-,1000,110-0252,09/01/2024,100000000
110-0252_2000_dummy,-,-,2000,110-0252,09/01/2024,100000000
110-0252_SUB_PCBA_dummy,-,-,SUB_PCBA,110-0252,09/01/2024,100000000
110-0253_1000_dummy,-,-,1000,110-0253,09/01/2024,100000000
110-0253_2000_dummy,-,-,2000,110-0253,09/01/2024,100000000
110-0253_SUB_PCBA_dummy,-,-,SUB_PCBA,110-0253,09/01/2024,100000000
110-0260_1000_dummy,-,-,1000,110-0260,09/01/2024,100000000
110-0260_2000_dummy,-,-,2000,110-0260,09/01/2024,100000000
110-0260_SUB_PCBA_dummy,-,-,SUB_PCBA,110-0260,09/01/2024,100000000
110-0261_1000_dummy,-,-,1000,110-0261,09/01/2024,100000000
110-0261_2000_dummy,-,-,2000,110-0261,09/01/2024,100000000
110-0261_SUB_PCBA_dummy,-,-,SUB_PCBA,110-0261,09/01/2024,100000000
110-0267_1000_dummy,-,-,1000,110-0267,09/01/2024,100000000
110-0267_2000_dummy,-,-,2000,110-0267,09/01/2024,100000000
110-0267_SUB_PCBA_dummy,-,-,SUB_PCBA,110-0267,09/01/2024,100000000
110-0268_1000_dummy,-,-,1000,110-0268,09/01/2024,100000000
110-0268_2000_dummy,-,-,2000,110-0268,09/01/2024,100000000
110-0268_SUB_PCBA_dummy,-,-,SUB_PCBA,110-0268,09/01/2024,100000000
110-0270_1000_dummy,-,-,1000,110-0270,09/01/2024,100000000
110-0270_2000_dummy,-,-,2000,110-0270,09/01/2024,100000000
110-0270_SUB_PCBA_dummy,-,-,SUB_PCBA,110-0270,09/01/2024,100000000
110-0272_1000_dummy,-,-,1000,110-0272,09/01/2024,100000000
110-0272_2000_dummy,-,-,2000,110-0272,09/01/2024,100000000
110-0272_SUB_PCBA_dummy,-,-,SUB_PCBA,110-0272,09/01/2024,100000000
110-0273_1000_dummy,-,-,1000,110-0273,09/01/2024,100000000
110-0273_2000_dummy,-,-,2000,110-0273,09/01/2024,100000000
110-0273_SUB_PCBA_dummy,-,-,SUB_PCBA,110-0273,09/01/2024,100000000
110-0295_1000_dummy,-,-,1000,110-0295,09/01/2024,100000000
110-0295_2000_dummy,-,-,2000,110-0295,09/01/2024,100000000
110-0295_SUB_PCBA_dummy,-,-,SUB_PCBA,110-0295,09/01/2024,100000000
110-0296_1000_dummy,-,-,1000,110-0296,09/01/2024,100000000
110-0296_2000_dummy,-,-,2000,110-0296,09/01/2024,100000000
110-0296_SUB_PCBA_dummy,-,-,SUB_PCBA,110-0296,09/01/2024,100000000
110-0298_1000_dummy,-,-,1000,110-0298,09/01/2024,100000000
110-0298_2000_dummy,-,-,2000,110-0298,09/01/2024,100000000
110-0298_5000_dummy,-,-,5000,110-0298,09/01/2024,100000000
110-0298_SUB_PCBA_dummy,-,-,SUB_PCBA,110-0298,09/01/2024,100000000
110-0308_1000_dummy,-,-,1000,110-0308,09/01/2024,100000000
110-0308_2000_dummy,-,-,2000,110-0308,09/01/2024,100000000
110-0308_SUB_PCBA_dummy,-,-,SUB_PCBA,110-0308,09/01/2024,100000000
110-0311_1000_dummy,-,-,1000,110-0311,09/01/2024,100000000
110-0311_2000_dummy,-,-,2000,110-0311,09/01/2024,100000000
110-0311_5000_dummy,-,-,5000,110-0311,09/01/2024,100000000
110-0311_SUB_PCBA_dummy,-,-,SUB_PCBA,110-0311,09/01/2024,100000000
110-0368_1000_dummy,-,-,1000,110-0368,09/01/2024,100000000
110-0368_2000_dummy,-,-,2000,110-0368,09/01/2024,100000000
110-0368_SUB_PCBA_dummy,-,-,SUB_PCBA,110-0368,09/01/2024,100000000
110-0369_1000_dummy,-,-,1000,110-0369,09/01/2024,100000000
110-0369_2000_dummy,-,-,2000,110-0369,09/01/2024,100000000
110-0369_5000_dummy,-,-,5000,110-0369,09/01/2024,100000000
110-0369_SUB_PCBA_dummy,-,-,SUB_PCBA,110-0369,09/01/2024,100000000
110-0370_1000_dummy,-,-,1000,110-0370,09/01/2024,100000000
110-0370_SUB_PCBA_dummy,-,-,SUB_PCBA,110-0370,09/01/2024,100000000
110-0371_1000_dummy,-,-,1000,110-0371,09/01/2024,100000000
110-0371_2000_dummy,-,-,2000,110-0371,09/01/2024,100000000
110-0371_5000_dummy,-,-,5000,110-0371,09/01/2024,100000000
110-0371_SUB_PCBA_dummy,-,-,SUB_PCBA,110-0371,09/01/2024,100000000
110-0372_1000_dummy,-,-,1000,110-0372,09/01/2024,100000000
110-0372_2000_dummy,-,-,2000,110-0372,09/01/2024,100000000
110-0372_SUB_PCBA_dummy,-,-,SUB_PCBA,110-0372,09/01/2024,100000000
110-0373_1000_dummy,-,-,1000,110-0373,09/01/2024,100000000
110-0373_SUB_PCBA_dummy,-,-,SUB_PCBA,110-0373,09/01/2024,100000000
110-0374_1000_dummy,-,-,1000,110-0374,09/01/2024,100000000
110-0374_2000_dummy,-,-,2000,110-0374,09/01/2024,100000000
110-0374_SUB_PCBA_dummy,-,-,SUB_PCBA,110-0374,09/01/2024,100000000
110-0375_1000_dummy,-,-,1000,110-0375,09/01/2024,100000000
110-0375_2000_dummy,-,-,2000,110-0375,09/01/2024,100000000
110-0375_SUB_PCBA_dummy,-,-,SUB_PCBA,110-0375,09/01/2024,100000000
110-0376_1000_dummy,-,-,1000,110-0376,09/01/2024,100000000
110-0376_2000_dummy,-,-,2000,110-0376,09/01/2024,100000000
110-0376_SUB_PCBA_dummy,-,-,SUB_PCBA,110-0376,09/01/2024,100000000
110-0377_1000_dummy,-,-,1000,110-0377,09/01/2024,100000000
110-0377_2000_dummy,-,-,2000,110-0377,09/01/2024,100000000
110-0377_SUB_PCBA_dummy,-,-,SUB_PCBA,110-0377,09/01/2024,100000000
110-0378_1000_dummy,-,-,1000,110-0378,09/01/2024,100000000
110-0378_2000_dummy,-,-,2000,110-0378,09/01/2024,100000000
110-0378_SUB_PCBA_dummy,-,-,SUB_PCBA,110-0378,09/01/2024,100000000
110-0379_1000_dummy,-,-,1000,110-0379,09/01/2024,100000000
110-0379_2000_dummy,-,-,2000,110-0379,09/01/2024,100000000
110-0379_5000_dummy,-,-,5000,110-0379,09/01/2024,100000000
110-0379_SUB_PCBA_dummy,-,-,SUB_PCBA,110-0379,09/01/2024,100000000
110-0380_1000_dummy,-,-,1000,110-0380,09/01/2024,100000000
110-0380_2000_dummy,-,-,2000,110-0380,09/01/2024,100000000
110-0380_SUB_PCBA_dummy,-,-,SUB_PCBA,110-0380,09/01/2024,100000000
110-0381_1000_dummy,-,-,1000,110-0381,09/01/2024,100000000
110-0381_2000_dummy,-,-,2000,110-0381,09/01/2024,100000000
110-0381_SUB_PCBA_dummy,-,-,SUB_PCBA,110-0381,09/01/2024,100000000
110-0460_1000_dummy,-,-,1000,110-0460,09/01/2024,100000000
110-0460_2000_dummy,-,-,2000,110-0460,09/01/2024,100000000
110-0460_SUB_PCBA_dummy,-,-,SUB_PCBA,110-0460,09/01/2024,100000000
110-0561_1000_dummy,-,-,1000,110-0561,09/01/2024,100000000
110-0561_SUB_PCBA_dummy,-,-,SUB_PCBA,110-0561,09/01/2024,100000000
110-0566_1000_dummy,-,-,1000,110-0566,09/01/2024,100000000
110-0566_2000_dummy,-,-,2000,110-0566,09/01/2024,100000000
110-0566_SUB_PCBA_dummy,-,-,SUB_PCBA,110-0566,09/01/2024,100000000
110-0570_1000_dummy,-,-,1000,110-0570,09/01/2024,100000000
110-0570_2000_dummy,-,-,2000,110-0570,09/01/2024,100000000
110-0570_SUB_PCBA_dummy,-,-,SUB_PCBA,110-0570,09/01/2024,100000000
110-0571_1000_dummy,-,-,1000,110-0571,09/01/2024,100000000
110-0571_2000_dummy,-,-,2000,110-0571,09/01/2024,100000000
110-0571_SUB_PCBA_dummy,-,-,SUB_PCBA,110-0571,09/01/2024,100000000
110-0602_1000_dummy,-,-,1000,110-0602,09/01/2024,100000000
110-0602_2000_dummy,-,-,2000,110-0602,09/01/2024,100000000
110-0602_SUB_PCBA_dummy,-,-,SUB_PCBA,110-0602,09/01/2024,100000000
110-0603_1000_dummy,-,-,1000,110-0603,09/01/2024,100000000
110-0603_2000_dummy,-,-,2000,110-0603,09/01/2024,100000000
110-0603_SUB_PCBA_dummy,-,-,SUB_PCBA,110-0603,09/01/2024,100000000
110-0624_1000_dummy,-,-,1000,110-0624,09/01/2024,100000000
110-0624_2000_dummy,-,-,2000,110-0624,09/01/2024,100000000
110-0624_SUB_PCBA_dummy,-,-,SUB_PCBA,110-0624,09/01/2024,100000000
110-0627_1000_dummy,-,-,1000,110-0627,09/01/2024,100000000
110-0627_2000_dummy,-,-,2000,110-0627,09/01/2024,100000000
110-0627_SUB_PCBA_dummy,-,-,SUB_PCBA,110-0627,09/01/2024,100000000
110-0713_1000_dummy,-,-,1000,110-0713,09/01/2024,100000000
110-0713_2000_dummy,-,-,2000,110-0713,09/01/2024,100000000
110-0713_SUB_PCBA_dummy,-,-,SUB_PCBA,110-0713,09/01/2024,100000000
110-0730_1000_dummy,-,-,1000,110-0730,09/01/2024,100000000
110-0730_2000_dummy,-,-,2000,110-0730,09/01/2024,100000000
110-0730_SUB_PCBA_dummy,-,-,SUB_PCBA,110-0730,09/01/2024,100000000
120-0029_1000_dummy,-,-,1000,120-0029,09/01/2024,100000000
120-0029_2000_dummy,-,-,2000,120-0029,09/01/2024,100000000
120-0029_SUB_PCBA_dummy,-,-,SUB_PCBA,120-0029,09/01/2024,100000000
120-0046_1000_dummy,-,-,1000,120-0046,09/01/2024,100000000
120-0046_2000_dummy,-,-,2000,120-0046,09/01/2024,100000000
120-0046_SUB_PCBA_dummy,-,-,SUB_PCBA,120-0046,09/01/2024,100000000
120-0047_1000_dummy,-,-,1000,120-0047,09/01/2024,100000000
120-0047_2000_dummy,-,-,2000,120-0047,09/01/2024,100000000
120-0047_SUB_PCBA_dummy,-,-,SUB_PCBA,120-0047,09/01/2024,100000000
120-0051_1000_dummy,-,-,1000,120-0051,09/01/2024,100000000
120-0051_2000_dummy,-,-,2000,120-0051,09/01/2024,100000000
120-0051_SUB_PCBA_dummy,-,-,SUB_PCBA,120-0051,09/01/2024,100000000
120-0099_1000_dummy,-,-,1000,120-0099,09/01/2024,100000000
120-0099_2000_dummy,-,-,2000,120-0099,09/01/2024,100000000
120-0099_SUB_PCBA_dummy,-,-,SUB_PCBA,120-0099,09/01/2024,100000000
120-0100_1000_dummy,-,-,1000,120-0100,09/01/2024,100000000
120-0100_2000_dummy,-,-,2000,120-0100,09/01/2024,100000000
120-0100_SUB_PCBA_dummy,-,-,SUB_PCBA,120-0100,09/01/2024,100000000
120-0120_1000_dummy,-,-,1000,120-0120,09/01/2024,100000000
120-0120_2000_dummy,-,-,2000,120-0120,09/01/2024,100000000
120-0120_SUB_PCBA_dummy,-,-,SUB_PCBA,120-0120,09/01/2024,100000000
120-0121_1000_dummy,-,-,1000,120-0121,09/01/2024,100000000
120-0121_2000_dummy,-,-,2000,120-0121,09/01/2024,100000000
120-0121_5000_dummy,-,-,5000,120-0121,09/01/2024,100000000
120-0121_SUB_PCBA_dummy,-,-,SUB_PCBA,120-0121,09/01/2024,100000000
120-0128_1000_dummy,-,-,1000,120-0128,09/01/2024,100000000
120-0128_2000_dummy,-,-,2000,120-0128,09/01/2024,100000000
120-0128_SUB_PCBA_dummy,-,-,SUB_PCBA,120-0128,09/01/2024,100000000
120-0129_1000_dummy,-,-,1000,120-0129,09/01/2024,100000000
120-0129_2000_dummy,-,-,2000,120-0129,09/01/2024,100000000
120-0129_SUB_PCBA_dummy,-,-,SUB_PCBA,120-0129,09/01/2024,100000000
120-0138_1000_dummy,-,-,1000,120-0138,09/01/2024,100000000
120-0138_2000_dummy,-,-,2000,120-0138,09/01/2024,100000000
120-0138_SUB_PCBA_dummy,-,-,SUB_PCBA,120-0138,09/01/2024,100000000
120-0143_1000_dummy,-,-,1000,120-0143,09/01/2024,100000000
120-0143_2000_dummy,-,-,2000,120-0143,09/01/2024,100000000
120-0143_5000_dummy,-,-,5000,120-0143,09/01/2024,100000000
120-0143_SUB_PCBA_dummy,-,-,SUB_PCBA,120-0143,09/01/2024,100000000
120-0152_1000_dummy,-,-,1000,120-0152,09/01/2024,100000000
120-0152_2000_dummy,-,-,2000,120-0152,09/01/2024,100000000
120-0152_SUB_PCBA_dummy,-,-,SUB_PCBA,120-0152,09/01/2024,100000000
120-0157_1000_dummy,-,-,1000,120-0157,09/01/2024,100000000
120-0157_2000_dummy,-,-,2000,120-0157,09/01/2024,100000000
120-0157_SUB_PCBA_dummy,-,-,SUB_PCBA,120-0157,09/01/2024,100000000
120-0202_1000_dummy,-,-,1000,120-0202,09/01/2024,100000000
120-0202_2000_dummy,-,-,2000,120-0202,09/01/2024,100000000
120-0202_SUB_PCBA_dummy,-,-,SUB_PCBA,120-0202,09/01/2024,100000000
120-0215_1000_dummy,-,-,1000,120-0215,09/01/2024,100000000
120-0215_2000_dummy,-,-,2000,120-0215,09/01/2024,100000000
120-0215_SUB_PCBA_dummy,-,-,SUB_PCBA,120-0215,09/01/2024,100000000
120-0224_1000_dummy,-,-,1000,120-0224,09/01/2024,100000000
120-0224_2000_dummy,-,-,2000,120-0224,09/01/2024,100000000
120-0224_SUB_PCBA_dummy,-,-,SUB_PCBA,120-0224,09/01/2024,100000000
120-0232_1000_dummy,-,-,1000,120-0232,09/01/2024,100000000
120-0232_2000_dummy,-,-,2000,120-0232,09/01/2024,100000000
120-0232_SUB_PCBA_dummy,-,-,SUB_PCBA,120-0232,09/01/2024,100000000
120-0247_1000_dummy,-,-,1000,120-0247,09/01/2024,100000000
120-0247_2000_dummy,-,-,2000,120-0247,09/01/2024,100000000
120-0247_SUB_PCBA_dummy,-,-,SUB_PCBA,120-0247,09/01/2024,100000000
120-0248_1000_dummy,-,-,1000,120-0248,09/01/2024,100000000
120-0248_2000_dummy,-,-,2000,120-0248,09/01/2024,100000000
120-0248_SUB_PCBA_dummy,-,-,SUB_PCBA,120-0248,09/01/2024,100000000
120-0249_1000_dummy,-,-,1000,120-0249,09/01/2024,100000000
120-0249_2000_dummy,-,-,2000,120-0249,09/01/2024,100000000
120-0249_SUB_PCBA_dummy,-,-,SUB_PCBA,120-0249,09/01/2024,100000000
120-0253_1000_dummy,-,-,1000,120-0253,09/01/2024,100000000
120-0253_2000_dummy,-,-,2000,120-0253,09/01/2024,100000000
120-0253_SUB_PCBA_dummy,-,-,SUB_PCBA,120-0253,09/01/2024,100000000
120-0254_1000_dummy,-,-,1000,120-0254,09/01/2024,100000000
120-0254_2000_dummy,-,-,2000,120-0254,09/01/2024,100000000
120-0254_SUB_PCBA_dummy,-,-,SUB_PCBA,120-0254,09/01/2024,100000000
120-0260_1000_dummy,-,-,1000,120-0260,09/01/2024,100000000
120-0260_2000_dummy,-,-,2000,120-0260,09/01/2024,100000000
120-0260_SUB_PCBA_dummy,-,-,SUB_PCBA,120-0260,09/01/2024,100000000
120-0310_1000_dummy,-,-,1000,120-0310,09/01/2024,100000000
120-0310_2000_dummy,-,-,2000,120-0310,09/01/2024,100000000
120-0310_SUB_PCBA_dummy,-,-,SUB_PCBA,120-0310,09/01/2024,100000000
121-0053_1000_dummy,-,-,1000,121-0053,09/01/2024,100000000
121-0053_SUB_PCBA_dummy,-,-,SUB_PCBA,121-0053,09/01/2024,100000000
121-0060-CD_1000_dummy,-,-,1000,121-0060-CD,09/01/2024,100000000
121-0060-CD_2000_dummy,-,-,2000,121-0060-CD,09/01/2024,100000000
121-0060-CD_SUB_PCBA_dummy,-,-,SUB_PCBA,121-0060-CD,09/01/2024,100000000
130-0077_1000_dummy,-,-,1000,130-0077,09/01/2024,100000000
130-0077_2000_dummy,-,-,2000,130-0077,09/01/2024,100000000
130-0077_5000_dummy,-,-,5000,130-0077,09/01/2024,100000000
130-0077_SUB_PCBA_dummy,-,-,SUB_PCBA,130-0077,09/01/2024,100000000
140-0022_1000_dummy,-,-,1000,140-0022,09/01/2024,100000000
140-0022_2000_dummy,-,-,2000,140-0022,09/01/2024,100000000
140-0022_SUB_PCBA_dummy,-,-,SUB_PCBA,140-0022,09/01/2024,100000000
140-0113_1000_dummy,-,-,1000,140-0113,09/01/2024,100000000
140-0113_2000_dummy,-,-,2000,140-0113,09/01/2024,100000000
140-0113_SUB_PCBA_dummy,-,-,SUB_PCBA,140-0113,09/01/2024,100000000
140-0179_1000_dummy,-,-,1000,140-0179,09/01/2024,100000000
140-0179_2000_dummy,-,-,2000,140-0179,09/01/2024,100000000
140-0179_SUB_PCBA_dummy,-,-,SUB_PCBA,140-0179,09/01/2024,100000000
140-0221_1000_dummy,-,-,1000,140-0221,09/01/2024,100000000
140-0221_2000_dummy,-,-,2000,140-0221,09/01/2024,100000000
140-0221_SUB_PCBA_dummy,-,-,SUB_PCBA,140-0221,09/01/2024,100000000
140-0240_1000_dummy,-,-,1000,140-0240,09/01/2024,100000000
140-0240_2000_dummy,-,-,2000,140-0240,09/01/2024,100000000
140-0240_SUB_PCBA_dummy,-,-,SUB_PCBA,140-0240,09/01/2024,100000000
140-0246_1000_dummy,-,-,1000,140-0246,09/01/2024,100000000
140-0246_2000_dummy,-,-,2000,140-0246,09/01/2024,100000000
140-0246_SUB_PCBA_dummy,-,-,SUB_PCBA,140-0246,09/01/2024,100000000
140-0253_1000_dummy,-,-,1000,140-0253,09/01/2024,100000000
140-0253_2000_dummy,-,-,2000,140-0253,09/01/2024,100000000
140-0253_SUB_PCBA_dummy,-,-,SUB_PCBA,140-0253,09/01/2024,100000000
140-0310_1000_dummy,-,-,1000,140-0310,09/01/2024,100000000
140-0310_2000_dummy,-,-,2000,140-0310,09/01/2024,100000000
140-0310_SUB_PCBA_dummy,-,-,SUB_PCBA,140-0310,09/01/2024,100000000
140-0313_1000_dummy,-,-,1000,140-0313,09/01/2024,100000000
140-0313_2000_dummy,-,-,2000,140-0313,09/01/2024,100000000
140-0313_SUB_PCBA_dummy,-,-,SUB_PCBA,140-0313,09/01/2024,100000000
140-0338_1000_dummy,-,-,1000,140-0338,09/01/2024,100000000
140-0338_2000_dummy,-,-,2000,140-0338,09/01/2024,100000000
140-0338_SUB_PCBA_dummy,-,-,SUB_PCBA,140-0338,09/01/2024,100000000
140-0341_1000_dummy,-,-,1000,140-0341,09/01/2024,100000000
140-0341_2000_dummy,-,-,2000,140-0341,09/01/2024,100000000
140-0341_SUB_PCBA_dummy,-,-,SUB_PCBA,140-0341,09/01/2024,100000000
140-0341-RW_1000_dummy,-,-,1000,140-0341-RW,09/01/2024,100000000
140-0341-RW_SUB_PCBA_dummy,-,-,SUB_PCBA,140-0341-RW,09/01/2024,100000000
140-0355_1000_dummy,-,-,1000,140-0355,09/01/2024,100000000
140-0355_2000_dummy,-,-,2000,140-0355,09/01/2024,100000000
140-0355_SUB_PCBA_dummy,-,-,SUB_PCBA,140-0355,09/01/2024,100000000
140-0384_1000_dummy,-,-,1000,140-0384,09/01/2024,100000000
140-0384_2000_dummy,-,-,2000,140-0384,09/01/2024,100000000
140-0384_SUB_PCBA_dummy,-,-,SUB_PCBA,140-0384,09/01/2024,100000000
140-0386_1000_dummy,-,-,1000,140-0386,09/01/2024,100000000
140-0386_2000_dummy,-,-,2000,140-0386,09/01/2024,100000000
140-0386_5000_dummy,-,-,5000,140-0386,09/01/2024,100000000
140-0386_SUB_PCBA_dummy,-,-,SUB_PCBA,140-0386,09/01/2024,100000000
140-0392_1000_dummy,-,-,1000,140-0392,09/01/2024,100000000
140-0392_2000_dummy,-,-,2000,140-0392,09/01/2024,100000000
140-0392_SUB_PCBA_dummy,-,-,SUB_PCBA,140-0392,09/01/2024,100000000
140-0403_1000_dummy,-,-,1000,140-0403,09/01/2024,100000000
140-0403_2000_dummy,-,-,2000,140-0403,09/01/2024,100000000
140-0434_1000_dummy,-,-,1000,140-0434,09/01/2024,100000000
140-0434_SUB_PCBA_dummy,-,-,SUB_PCBA,140-0434,09/01/2024,100000000
140-0477_1000_dummy,-,-,1000,140-0477,09/01/2024,100000000
140-0477_2000_dummy,-,-,2000,140-0477,09/01/2024,100000000
140-0477_SUB_PCBA_dummy,-,-,SUB_PCBA,140-0477,09/01/2024,100000000
140-0481_1000_dummy,-,-,1000,140-0481,09/01/2024,100000000
140-0481_2000_dummy,-,-,2000,140-0481,09/01/2024,100000000
140-0481_SUB_PCBA_dummy,-,-,SUB_PCBA,140-0481,09/01/2024,100000000
140-0547_1000_dummy,-,-,1000,140-0547,09/01/2024,100000000
140-0547_2000_dummy,-,-,2000,140-0547,09/01/2024,100000000
140-0599_1000_dummy,-,-,1000,140-0599,09/01/2024,100000000
140-0599_2000_dummy,-,-,2000,140-0599,09/01/2024,100000000
140-0599_SUB_PCBA_dummy,-,-,SUB_PCBA,140-0599,09/01/2024,100000000
140-0628_1000_dummy,-,-,1000,140-0628,09/01/2024,100000000
140-0628_2000_dummy,-,-,2000,140-0628,09/01/2024,100000000
140-0628_SUB_PCBA_dummy,-,-,SUB_PCBA,140-0628,09/01/2024,100000000
140-0638_1000_dummy,-,-,1000,140-0638,09/01/2024,100000000
140-0638_2000_dummy,-,-,2000,140-0638,09/01/2024,100000000
140-0638_SUB_PCBA_dummy,-,-,SUB_PCBA,140-0638,09/01/2024,100000000
140-0639_1000_dummy,-,-,1000,140-0639,09/01/2024,100000000
140-0639_2000_dummy,-,-,2000,140-0639,09/01/2024,100000000
140-0639_SUB_PCBA_dummy,-,-,SUB_PCBA,140-0639,09/01/2024,100000000
140-0645_1000_dummy,-,-,1000,140-0645,09/01/2024,100000000
140-0645_2000_dummy,-,-,2000,140-0645,09/01/2024,100000000
140-0645_SUB_PCBA_dummy,-,-,SUB_PCBA,140-0645,09/01/2024,100000000
140-0834_1000_dummy,-,-,1000,140-0834,09/01/2024,100000000
140-0834_2000_dummy,-,-,2000,140-0834,09/01/2024,100000000
140-0834_5000_dummy,-,-,5000,140-0834,09/01/2024,100000000
140-0834_SUB_PCBA_dummy,-,-,SUB_PCBA,140-0834,09/01/2024,100000000
140-0847_1000_dummy,-,-,1000,140-0847,09/01/2024,100000000
140-0847_2000_dummy,-,-,2000,140-0847,09/01/2024,100000000
140-0847_SUB_PCBA_dummy,-,-,SUB_PCBA,140-0847,09/01/2024,100000000
140-0848_1000_dummy,-,-,1000,140-0848,09/01/2024,100000000
140-0848_2000_dummy,-,-,2000,140-0848,09/01/2024,100000000
140-0849_1000_dummy,-,-,1000,140-0849,09/01/2024,100000000
140-0849_2000_dummy,-,-,2000,140-0849,09/01/2024,100000000
140-0851_1000_dummy,-,-,1000,140-0851,09/01/2024,100000000
140-0851_2000_dummy,-,-,2000,140-0851,09/01/2024,100000000
140-0852_1000_dummy,-,-,1000,140-0852,09/01/2024,100000000
140-0852_2000_dummy,-,-,2000,140-0852,09/01/2024,100000000
140-0852_SUB_PCBA_dummy,-,-,SUB_PCBA,140-0852,09/01/2024,100000000
140-0853_1000_dummy,-,-,1000,140-0853,09/01/2024,100000000
140-0853_2000_dummy,-,-,2000,140-0853,09/01/2024,100000000
140-0853_SUB_PCBA_dummy,-,-,SUB_PCBA,140-0853,09/01/2024,100000000
140-1016_1000_dummy,-,-,1000,140-1016,09/01/2024,100000000
140-1016_2000_dummy,-,-,2000,140-1016,09/01/2024,100000000
140-1016_SUB_PCBA_dummy,-,-,SUB_PCBA,140-1016,09/01/2024,100000000
140-1028_1000_dummy,-,-,1000,140-1028,09/01/2024,100000000
140-1028_SUB_PCBA_dummy,-,-,SUB_PCBA,140-1028,09/01/2024,100000000
140-1183-CD_1000_dummy,-,-,1000,140-1183-CD,09/01/2024,100000000
140-1183-CD_SUB_PCBA_dummy,-,-,SUB_PCBA,140-1183-CD,09/01/2024,100000000
160-1132_1000_dummy,-,-,1000,160-1132,09/01/2024,100000000
160-1132_2000_dummy,-,-,2000,160-1132,09/01/2024,100000000
160-1132_SUB_PCBA_dummy,-,-,SUB_PCBA,160-1132,09/01/2024,100000000
160-1168_1000_dummy,-,-,1000,160-1168,09/01/2024,100000000
160-1168_2000_dummy,-,-,2000,160-1168,09/01/2024,100000000
160-1168_SUB_PCBA_dummy,-,-,SUB_PCBA,160-1168,09/01/2024,100000000
220-0072_1000_dummy,-,-,1000,220-0072,09/01/2024,100000000
220-0072_2000_dummy,-,-,2000,220-0072,09/01/2024,100000000
220-0134-002_1000_dummy,-,-,1000,220-0134-002,09/01/2024,100000000
220-0134-002_2000_dummy,-,-,2000,220-0134-002,09/01/2024,100000000
220-0134-010_1000_dummy,-,-,1000,220-0134-010,09/01/2024,100000000
220-0134-010_2000_dummy,-,-,2000,220-0134-010,09/01/2024,100000000
220-0227_1000_dummy,-,-,1000,220-0227,09/01/2024,100000000
220-0227_2000_dummy,-,-,2000,220-0227,09/01/2024,100000000
220-0230-001_1000_dummy,-,-,1000,220-0230-001,09/01/2024,100000000
220-0230-002_1000_dummy,-,-,1000,220-0230-002,09/01/2024,100000000
220-0230-003_1000_dummy,-,-,1000,220-0230-003,09/01/2024,100000000
220-0230-005_1000_dummy,-,-,1000,220-0230-005,09/01/2024,100000000
220-0230-007_1000_dummy,-,-,1000,220-0230-007,09/01/2024,100000000
220-0230-010_1000_dummy,-,-,1000,220-0230-010,09/01/2024,100000000
220-0230-015_1000_dummy,-,-,1000,220-0230-015,09/01/2024,100000000
220-0230-025_1000_dummy,-,-,1000,220-0230-025,09/01/2024,100000000
220-0230-030_1000_dummy,-,-,1000,220-0230-030,09/01/2024,100000000
280-0425_1000_dummy,-,-,1000,280-0425,09/01/2024,100000000
280-0425_2000_dummy,-,-,2000,280-0425,09/01/2024,100000000
280-0431_1000_dummy,-,-,1000,280-0431,09/01/2024,100000000
280-0431_2000_dummy,-,-,2000,280-0431,09/01/2024,100000000
280-0431_SUB_PCBA_dummy,-,-,SUB_PCBA,280-0431,09/01/2024,100000000
280-0511-03_1000_dummy,-,-,1000,280-0511-03,09/01/2024,100000000
280-0511-03_2000_dummy,-,-,2000,280-0511-03,09/01/2024,100000000
280-0511-04_1000_dummy,-,-,1000,280-0511-04,09/01/2024,100000000
280-0511-04_2000_dummy,-,-,2000,280-0511-04,09/01/2024,100000000
280-0511-05_1000_dummy,-,-,1000,280-0511-05,09/01/2024,100000000
280-0511-05_2000_dummy,-,-,2000,280-0511-05,09/01/2024,100000000
280-0511-06_1000_dummy,-,-,1000,280-0511-06,09/01/2024,100000000
280-0511-06_2000_dummy,-,-,2000,280-0511-06,09/01/2024,100000000
280-0607_1000_dummy,-,-,1000,280-0607,09/01/2024,100000000
280-0607_2000_dummy,-,-,2000,280-0607,09/01/2024,100000000
280-0650_1000_dummy,-,-,1000,280-0650,09/01/2024,100000000
280-0650_2000_dummy,-,-,2000,280-0650,09/01/2024,100000000
100-0018_1000_dummy,-,-,1000,100-0018,09/01/2024,100000000
100-0018_2000_dummy,-,-,2000,100-0018,09/01/2024,100000000
100-0018_SUB_PCBA_dummy,-,-,SUB_PCBA,100-0018,09/01/2024,100000000
100-0021_1000_dummy,-,-,1000,100-0021,09/01/2024,100000000
100-0021_2000_dummy,-,-,2000,100-0021,09/01/2024,100000000
100-0021_SUB_PCBA_dummy,-,-,SUB_PCBA,100-0021,09/01/2024,100000000
100-0024_1000_dummy,-,-,1000,100-0024,09/01/2024,100000000
100-0024_2000_dummy,-,-,2000,100-0024,09/01/2024,100000000
100-0024_5000_dummy,-,-,5000,100-0024,09/01/2024,100000000
100-0024_SUB_PCBA_dummy,-,-,SUB_PCBA,100-0024,09/01/2024,100000000
100-0025_1000_dummy,-,-,1000,100-0025,09/01/2024,100000000
100-0025_2000_dummy,-,-,2000,100-0025,09/01/2024,100000000
100-0025_5000_dummy,-,-,5000,100-0025,09/01/2024,100000000
100-0025_SUB_PCBA_dummy,-,-,SUB_PCBA,100-0025,09/01/2024,100000000
100-0031_1000_dummy,-,-,1000,100-0031,09/01/2024,100000000
100-0031_2000_dummy,-,-,2000,100-0031,09/01/2024,100000000
100-0031_SUB_PCBA_dummy,-,-,SUB_PCBA,100-0031,09/01/2024,100000000
100-0033_1000_dummy,-,-,1000,100-0033,09/01/2024,100000000
100-0033_2000_dummy,-,-,2000,100-0033,09/01/2024,100000000
280-0650_5000_dummy,-,-,5000,280-0650,09/01/2024,100000000
280-0650_SUB_PCBA_dummy,-,-,SUB_PCBA,280-0650,09/01/2024,100000000
280-0695_1000_dummy,-,-,1000,280-0695,09/01/2024,100000000
280-0695_2000_dummy,-,-,2000,280-0695,09/01/2024,100000000
280-0695_5000_dummy,-,-,5000,280-0695,09/01/2024,100000000
280-0696_1000_dummy,-,-,1000,280-0696,09/01/2024,100000000
280-0696_2000_dummy,-,-,2000,280-0696,09/01/2024,100000000
280-0698_1000_dummy,-,-,1000,280-0698,09/01/2024,100000000
280-0698_2000_dummy,-,-,2000,280-0698,09/01/2024,100000000
280-0698_SUB_PCBA_dummy,-,-,SUB_PCBA,280-0698,09/01/2024,100000000
280-0791_1000_dummy,-,-,1000,280-0791,09/01/2024,100000000
280-0791_2000_dummy,-,-,2000,280-0791,09/01/2024,100000000
280-0791_5000_dummy,-,-,5000,280-0791,09/01/2024,100000000
280-0810_1000_dummy,-,-,1000,280-0810,09/01/2024,100000000
280-0810_2000_dummy,-,-,2000,280-0810,09/01/2024,100000000
280-0837_1000_dummy,-,-,1000,280-0837,09/01/2024,100000000
280-0837_2000_dummy,-,-,2000,280-0837,09/01/2024,100000000
280-0845-030_1000_dummy,-,-,1000,280-0845-030,09/01/2024,100000000
280-0845-030_2000_dummy,-,-,2000,280-0845-030,09/01/2024,100000000
280-0848_1000_dummy,-,-,1000,280-0848,09/01/2024,100000000
280-0848_2000_dummy,-,-,2000,280-0848,09/01/2024,100000000
280-0848_SUB_PCBA_dummy,-,-,SUB_PCBA,280-0848,09/01/2024,100000000
280-0897_1000_dummy,-,-,1000,280-0897,09/01/2024,100000000
280-0897_2000_dummy,-,-,2000,280-0897,09/01/2024,100000000
280-0897_5000_dummy,-,-,5000,280-0897,09/01/2024,100000000
280-0898_1000_dummy,-,-,1000,280-0898,09/01/2024,100000000
280-0898_2000_dummy,-,-,2000,280-0898,09/01/2024,100000000
280-0898_5000_dummy,-,-,5000,280-0898,09/01/2024,100000000
280-0932_1000_dummy,-,-,1000,280-0932,09/01/2024,100000000
280-0932_2000_dummy,-,-,2000,280-0932,09/01/2024,100000000
280-0933_1000_dummy,-,-,1000,280-0933,09/01/2024,100000000
280-0933_2000_dummy,-,-,2000,280-0933,09/01/2024,100000000
280-0992_1000_dummy,-,-,1000,280-0992,09/01/2024,100000000
280-0992_2000_dummy,-,-,2000,280-0992,09/01/2024,100000000
280-1011_1000_dummy,-,-,1000,280-1011,09/01/2024,100000000
280-1011_2000_dummy,-,-,2000,280-1011,09/01/2024,100000000
280-1018_1000_dummy,-,-,1000,280-1018,09/01/2024,100000000
280-1018_2000_dummy,-,-,2000,280-1018,09/01/2024,100000000
281-0009_1000_dummy,-,-,1000,281-0009,09/01/2024,100000000
281-0009_2000_dummy,-,-,2000,281-0009,09/01/2024,100000000
281-0070_1000_dummy,-,-,1000,281-0070,09/01/2024,100000000
281-0070_2000_dummy,-,-,2000,281-0070,09/01/2024,100000000
282-0040_1000_dummy,-,-,1000,282-0040,09/01/2024,100000000
282-0040_2000_dummy,-,-,2000,282-0040,09/01/2024,100000000
282-0040_SUB_PCBA_dummy,-,-,SUB_PCBA,282-0040,09/01/2024,100000000
282-0041_1000_dummy,-,-,1000,282-0041,09/01/2024,100000000
282-0041_2000_dummy,-,-,2000,282-0041,09/01/2024,100000000
282-0041_SUB_PCBA_dummy,-,-,SUB_PCBA,282-0041,09/01/2024,100000000
282-0330_1000_dummy,-,-,1000,282-0330,09/01/2024,100000000
282-0330_2000_dummy,-,-,2000,282-0330,09/01/2024,100000000
282-0333_1000_dummy,-,-,1000,282-0333,09/01/2024,100000000
282-0333_2000_dummy,-,-,2000,282-0333,09/01/2024,100000000
282-0432_1000_dummy,-,-,1000,282-0432,09/01/2024,100000000
282-0432_2000_dummy,-,-,2000,282-0432,09/01/2024,100000000
282-0433_1000_dummy,-,-,1000,282-0433,09/01/2024,100000000
282-0433_2000_dummy,-,-,2000,282-0433,09/01/2024,100000000
282-0434_1000_dummy,-,-,1000,282-0434,09/01/2024,100000000
282-0434_2000_dummy,-,-,2000,282-0434,09/01/2024,100000000
283-0019_1000_dummy,-,-,1000,283-0019,09/01/2024,100000000
283-0019_2000_dummy,-,-,2000,283-0019,09/01/2024,100000000
283-0029_1000_dummy,-,-,1000,283-0029,09/01/2024,100000000
283-0029_2000_dummy,-,-,2000,283-0029,09/01/2024,100000000
283-0080_1000_dummy,-,-,1000,283-0080,09/01/2024,100000000
283-0080_2000_dummy,-,-,2000,283-0080,09/01/2024,100000000
283-0098_1000_dummy,-,-,1000,283-0098,09/01/2024,100000000
283-0098_2000_dummy,-,-,2000,283-0098,09/01/2024,100000000
283-0212-29-CD_1000_dummy,-,-,1000,283-0212-29-CD,09/01/2024,100000000
283-0212-29-CD_2000_dummy,-,-,2000,283-0212-29-CD,09/01/2024,100000000
283-0226_1000_dummy,-,-,1000,283-0226,09/01/2024,100000000
283-0226_2000_dummy,-,-,2000,283-0226,09/01/2024,100000000
284-0089-20_1000_dummy,-,-,1000,284-0089-20,09/01/2024,100000000
284-0089-20_2000_dummy,-,-,2000,284-0089-20,09/01/2024,100000000
284-0118_1000_dummy,-,-,1000,284-0118,09/01/2024,100000000
284-0118_2000_dummy,-,-,2000,284-0118,09/01/2024,100000000
285-0012_1000_dummy,-,-,1000,285-0012,09/01/2024,100000000
285-0012_2000_dummy,-,-,2000,285-0012,09/01/2024,100000000
285-0109_1000_dummy,-,-,1000,285-0109,09/01/2024,100000000
285-0109_2000_dummy,-,-,2000,285-0109,09/01/2024,100000000
287-0003_1000_dummy,-,-,1000,287-0003,09/01/2024,100000000
287-0003_2000_dummy,-,-,2000,287-0003,09/01/2024,100000000
287-0003_5000_dummy,-,-,5000,287-0003,09/01/2024,100000000
288-0001_1000_dummy,-,-,1000,288-0001,09/01/2024,100000000
288-0001_2000_dummy,-,-,2000,288-0001,09/01/2024,100000000
288-0001_SUB_PCBA_dummy,-,-,SUB_PCBA,288-0001,09/01/2024,100000000
288-0005_1000_dummy,-,-,1000,288-0005,09/01/2024,100000000
288-0005_2000_dummy,-,-,2000,288-0005,09/01/2024,100000000
288-0005_SUB_PCBA_dummy,-,-,SUB_PCBA,288-0005,09/01/2024,100000000
288-0134_1000_dummy,-,-,1000,288-0134,09/01/2024,100000000
288-0134_2000_dummy,-,-,2000,288-0134,09/01/2024,100000000
300-0144_1000_dummy,-,-,1000,300-0144,09/01/2024,100000000
300-0144_2000_dummy,-,-,2000,300-0144,09/01/2024,100000000
300-0150_1000_dummy,-,-,1000,300-0150,09/01/2024,100000000
300-0150_2000_dummy,-,-,2000,300-0150,09/01/2024,100000000
300-0150_5000_dummy,-,-,5000,300-0150,09/01/2024,100000000
300-0151_1000_dummy,-,-,1000,300-0151,09/01/2024,100000000
300-0151_2000_dummy,-,-,2000,300-0151,09/01/2024,100000000
300-0151_5000_dummy,-,-,5000,300-0151,09/01/2024,100000000
300-0152_1000_dummy,-,-,1000,300-0152,09/01/2024,100000000
300-0152_2000_dummy,-,-,2000,300-0152,09/01/2024,100000000
300-0152_5000_dummy,-,-,5000,300-0152,09/01/2024,100000000
300-0211_1000_dummy,-,-,1000,300-0211,09/01/2024,100000000
300-0211_2000_dummy,-,-,2000,300-0211,09/01/2024,100000000
300-0212_1000_dummy,-,-,1000,300-0212,09/01/2024,100000000
300-0212_2000_dummy,-,-,2000,300-0212,09/01/2024,100000000
300-0213_1000_dummy,-,-,1000,300-0213,09/01/2024,100000000
300-0213_2000_dummy,-,-,2000,300-0213,09/01/2024,100000000
300-0214_1000_dummy,-,-,1000,300-0214,09/01/2024,100000000
300-0214_2000_dummy,-,-,2000,300-0214,09/01/2024,100000000
300-0311_1000_dummy,-,-,1000,300-0311,09/01/2024,100000000
300-0311_2000_dummy,-,-,2000,300-0311,09/01/2024,100000000
300-0312_1000_dummy,-,-,1000,300-0312,09/01/2024,100000000
300-0312_2000_dummy,-,-,2000,300-0312,09/01/2024,100000000
300-0313_1000_dummy,-,-,1000,300-0313,09/01/2024,100000000
300-0313_2000_dummy,-,-,2000,300-0313,09/01/2024,100000000
300-0316_1000_dummy,-,-,1000,300-0316,09/01/2024,100000000
300-0316_2000_dummy,-,-,2000,300-0316,09/01/2024,100000000
300-0317_1000_dummy,-,-,1000,300-0317,09/01/2024,100000000
300-0317_2000_dummy,-,-,2000,300-0317,09/01/2024,100000000
300-0355_1000_dummy,-,-,1000,300-0355,09/01/2024,100000000
300-0355_2000_dummy,-,-,2000,300-0355,09/01/2024,100000000
301-0022_1000_dummy,-,-,1000,301-0022,09/01/2024,100000000
301-0022_2000_dummy,-,-,2000,301-0022,09/01/2024,100000000
301-0022_SUB_PCBA_dummy,-,-,SUB_PCBA,301-0022,09/01/2024,100000000
301-0046-CD_1000_dummy,-,-,1000,301-0046-CD,09/01/2024,100000000
301-0046-CD_2000_dummy,-,-,2000,301-0046-CD,09/01/2024,100000000
302-0004_1000_dummy,-,-,1000,302-0004,09/01/2024,100000000
302-0004_2000_dummy,-,-,2000,302-0004,09/01/2024,100000000
302-0004_5000_dummy,-,-,5000,302-0004,09/01/2024,100000000
302-0006_1000_dummy,-,-,1000,302-0006,09/01/2024,100000000
302-0006_2000_dummy,-,-,2000,302-0006,09/01/2024,100000000
302-0007_1000_dummy,-,-,1000,302-0007,09/01/2024,100000000
302-0007_2000_dummy,-,-,2000,302-0007,09/01/2024,100000000
302-0007_5000_dummy,-,-,5000,302-0007,09/01/2024,100000000
302-0008_1000_dummy,-,-,1000,302-0008,09/01/2024,100000000
302-0008_2000_dummy,-,-,2000,302-0008,09/01/2024,100000000
310-0166_1000_dummy,-,-,1000,310-0166,09/01/2024,100000000
310-0166_2000_dummy,-,-,2000,310-0166,09/01/2024,100000000
310-0228_1000_dummy,-,-,1000,310-0228,09/01/2024,100000000
310-0228_2000_dummy,-,-,2000,310-0228,09/01/2024,100000000
310-0229_1000_dummy,-,-,1000,310-0229,09/01/2024,100000000
310-0229_2000_dummy,-,-,2000,310-0229,09/01/2024,100000000
310-0241_1000_dummy,-,-,1000,310-0241,09/01/2024,100000000
310-0241_2000_dummy,-,-,2000,310-0241,09/01/2024,100000000
310-0300_1000_dummy,-,-,1000,310-0300,09/01/2024,100000000
310-0300_2000_dummy,-,-,2000,310-0300,09/01/2024,100000000
310-0357_1000_dummy,-,-,1000,310-0357,09/01/2024,100000000
310-0357_2000_dummy,-,-,2000,310-0357,09/01/2024,100000000
310-0362_1000_dummy,-,-,1000,310-0362,09/01/2024,100000000
310-0362_2000_dummy,-,-,2000,310-0362,09/01/2024,100000000
310-0376_1000_dummy,-,-,1000,310-0376,09/01/2024,100000000
310-0376_2000_dummy,-,-,2000,310-0376,09/01/2024,100000000
310-0376_5000_dummy,-,-,5000,310-0376,09/01/2024,100000000
310-0401_1000_dummy,-,-,1000,310-0401,09/01/2024,100000000
310-0401_2000_dummy,-,-,2000,310-0401,09/01/2024,100000000
310-0401_5000_dummy,-,-,5000,310-0401,09/01/2024,100000000
310-0407_1000_dummy,-,-,1000,310-0407,09/01/2024,100000000
310-0407_2000_dummy,-,-,2000,310-0407,09/01/2024,100000000
310-0417_1000_dummy,-,-,1000,310-0417,09/01/2024,100000000
310-0417_2000_dummy,-,-,2000,310-0417,09/01/2024,100000000
310-0440_1000_dummy,-,-,1000,310-0440,09/01/2024,100000000
310-0440_2000_dummy,-,-,2000,310-0440,09/01/2024,100000000
310-0474_1000_dummy,-,-,1000,310-0474,09/01/2024,100000000
310-0474_2000_dummy,-,-,2000,310-0474,09/01/2024,100000000
310-0494-001_1000_dummy,-,-,1000,310-0494-001,09/01/2024,100000000
310-0494-001_2000_dummy,-,-,2000,310-0494-001,09/01/2024,100000000
310-0494-002_1000_dummy,-,-,1000,310-0494-002,09/01/2024,100000000
310-0494-002_2000_dummy,-,-,2000,310-0494-002,09/01/2024,100000000
310-0494-003_1000_dummy,-,-,1000,310-0494-003,09/01/2024,100000000
